0.000000e+00 -3.221530e+01 
1.000000e+01 -5.142290e+01 
2.000000e+01 -5.742377e+01 
3.000000e+01 -6.094342e+01 
4.000000e+01 -6.344194e+01 
5.000000e+01 -6.538017e+01 
6.000000e+01 -6.696386e+01 
7.000000e+01 -6.830286e+01 
8.000000e+01 -6.946276e+01 
9.000000e+01 -7.048587e+01 
1.000000e+02 -7.140107e+01 
1.100000e+02 -7.222898e+01 
1.200000e+02 -7.298480e+01 
1.300000e+02 -7.368009e+01 
1.400000e+02 -7.432383e+01 
1.500000e+02 -7.492314e+01 
1.600000e+02 -7.548376e+01 
1.700000e+02 -7.601038e+01 
1.800000e+02 -7.650690e+01 
1.900000e+02 -7.697657e+01 
2.000000e+02 -7.742214e+01 
2.100000e+02 -7.784597e+01 
2.200000e+02 -7.825008e+01 
2.300000e+02 -7.863623e+01 
2.400000e+02 -7.900595e+01 
2.500000e+02 -7.936057e+01 
2.600000e+02 -7.970128e+01 
2.700000e+02 -8.002913e+01 
2.800000e+02 -8.034506e+01 
2.900000e+02 -8.064990e+01 
3.000000e+02 -8.094441e+01 
3.100000e+02 -8.122927e+01 
3.200000e+02 -8.150508e+01 
3.300000e+02 -8.177240e+01 
3.400000e+02 -8.203175e+01 
3.500000e+02 -8.228357e+01 
3.600000e+02 -8.252831e+01 
3.700000e+02 -8.276634e+01 
3.800000e+02 -8.299803e+01 
3.900000e+02 -8.322370e+01 
4.000000e+02 -8.344365e+01 
4.100000e+02 -8.365818e+01 
4.200000e+02 -8.386754e+01 
4.300000e+02 -8.407198e+01 
4.400000e+02 -8.427172e+01 
4.500000e+02 -8.446697e+01 
4.600000e+02 -8.465794e+01 
4.700000e+02 -8.484480e+01 
4.800000e+02 -8.502773e+01 
4.900000e+02 -8.520689e+01 
5.000000e+02 -8.538243e+01 
5.100000e+02 -8.555450e+01 
5.200000e+02 -8.572324e+01 
5.300000e+02 -8.588876e+01 
5.400000e+02 -8.605120e+01 
5.500000e+02 -8.621066e+01 
5.600000e+02 -8.636725e+01 
5.700000e+02 -8.652107e+01 
5.800000e+02 -8.667223e+01 
5.900000e+02 -8.682081e+01 
6.000000e+02 -8.696689e+01 
6.100000e+02 -8.711057e+01 
6.200000e+02 -8.725192e+01 
6.300000e+02 -8.739101e+01 
6.400000e+02 -8.752792e+01 
6.500000e+02 -8.766271e+01 
6.600000e+02 -8.779546e+01 
6.700000e+02 -8.792621e+01 
6.800000e+02 -8.805504e+01 
6.900000e+02 -8.818200e+01 
7.000000e+02 -8.830713e+01 
7.100000e+02 -8.843051e+01 
7.200000e+02 -8.855216e+01 
7.300000e+02 -8.867215e+01 
7.400000e+02 -8.879052e+01 
7.500000e+02 -8.890731e+01 
7.600000e+02 -8.902256e+01 
7.700000e+02 -8.913631e+01 
7.800000e+02 -8.924861e+01 
7.900000e+02 -8.935949e+01 
8.000000e+02 -8.946898e+01 
8.100000e+02 -8.957713e+01 
8.200000e+02 -8.968395e+01 
8.300000e+02 -8.978949e+01 
8.400000e+02 -8.989378e+01 
8.500000e+02 -8.999684e+01 
8.600000e+02 -9.009870e+01 
8.700000e+02 -9.019938e+01 
8.800000e+02 -9.029893e+01 
8.900000e+02 -9.039735e+01 
9.000000e+02 -9.049468e+01 
9.100000e+02 -9.059094e+01 
9.200000e+02 -9.068615e+01 
9.300000e+02 -9.078034e+01 
9.400000e+02 -9.087354e+01 
9.500000e+02 -9.096579e+01 
9.600000e+02 -9.105714e+01 
9.700000e+02 -9.114774e+01 
9.800000e+02 -9.123802e+01 
9.900000e+02 -9.133037e+01 
1.000000e+03 3.449064e+01 
1.010000e+03 -9.149900e+01 
1.020000e+03 -9.158179e+01 
1.030000e+03 -9.166652e+01 
1.040000e+03 -9.175062e+01 
1.050000e+03 -9.183388e+01 
1.060000e+03 -9.191628e+01 
1.070000e+03 -9.199785e+01 
1.080000e+03 -9.207863e+01 
1.090000e+03 -9.215862e+01 
1.100000e+03 -9.223785e+01 
1.110000e+03 -9.231635e+01 
1.120000e+03 -9.239412e+01 
1.130000e+03 -9.247118e+01 
1.140000e+03 -9.254756e+01 
1.150000e+03 -9.262325e+01 
1.160000e+03 -9.269828e+01 
1.170000e+03 -9.277266e+01 
1.180000e+03 -9.284640e+01 
1.190000e+03 -9.291951e+01 
1.200000e+03 -9.299201e+01 
1.210000e+03 -9.306391e+01 
1.220000e+03 -9.313522e+01 
1.230000e+03 -9.320594e+01 
1.240000e+03 -9.327610e+01 
1.250000e+03 -9.334569e+01 
1.260000e+03 -9.341473e+01 
1.270000e+03 -9.348323e+01 
1.280000e+03 -9.355120e+01 
1.290000e+03 -9.361864e+01 
1.300000e+03 -9.368557e+01 
1.310000e+03 -9.375198e+01 
1.320000e+03 -9.381790e+01 
1.330000e+03 -9.388333e+01 
1.340000e+03 -9.394827e+01 
1.350000e+03 -9.401273e+01 
1.360000e+03 -9.407672e+01 
1.370000e+03 -9.414025e+01 
1.380000e+03 -9.420332e+01 
1.390000e+03 -9.426594e+01 
1.400000e+03 -9.432812e+01 
1.410000e+03 -9.438985e+01 
1.420000e+03 -9.445116e+01 
1.430000e+03 -9.451204e+01 
1.440000e+03 -9.457251e+01 
1.450000e+03 -9.463256e+01 
1.460000e+03 -9.469220e+01 
1.470000e+03 -9.475143e+01 
1.480000e+03 -9.481028e+01 
1.490000e+03 -9.486873e+01 
1.500000e+03 -9.492679e+01 
1.510000e+03 -9.498447e+01 
1.520000e+03 -9.504177e+01 
1.530000e+03 -9.509871e+01 
1.540000e+03 -9.515527e+01 
1.550000e+03 -9.521148e+01 
1.560000e+03 -9.526732e+01 
1.570000e+03 -9.532281e+01 
1.580000e+03 -9.537796e+01 
1.590000e+03 -9.543276e+01 
1.600000e+03 -9.548722e+01 
1.610000e+03 -9.554135e+01 
1.620000e+03 -9.559513e+01 
1.630000e+03 -9.564860e+01 
1.640000e+03 -9.570174e+01 
1.650000e+03 -9.575456e+01 
1.660000e+03 -9.580706e+01 
1.670000e+03 -9.585925e+01 
1.680000e+03 -9.591113e+01 
1.690000e+03 -9.596271e+01 
1.700000e+03 -9.601398e+01 
1.710000e+03 -9.606495e+01 
1.720000e+03 -9.611562e+01 
1.730000e+03 -9.616600e+01 
1.740000e+03 -9.621609e+01 
1.750000e+03 -9.626589e+01 
1.760000e+03 -9.631541e+01 
1.770000e+03 -9.636464e+01 
1.780000e+03 -9.641359e+01 
1.790000e+03 -9.646226e+01 
1.800000e+03 -9.651066e+01 
1.810000e+03 -9.655879e+01 
1.820000e+03 -9.660664e+01 
1.830000e+03 -9.665422e+01 
1.840000e+03 -9.670154e+01 
1.850000e+03 -9.674860e+01 
1.860000e+03 -9.679540e+01 
1.870000e+03 -9.684193e+01 
1.880000e+03 -9.688822e+01 
1.890000e+03 -9.693425e+01 
1.900000e+03 -9.698004e+01 
1.910000e+03 -9.702560e+01 
1.920000e+03 -9.707093e+01 
1.930000e+03 -9.711605e+01 
1.940000e+03 -9.716100e+01 
1.950000e+03 -9.720581e+01 
1.960000e+03 -9.725056e+01 
1.970000e+03 -9.729544e+01 
1.980000e+03 -9.734087e+01 
1.990000e+03 -9.738798e+01 
2.000000e+03 -9.544569e+01 
2.010000e+03 -9.745856e+01 
2.020000e+03 -9.750293e+01 
2.030000e+03 -9.754658e+01 
2.040000e+03 -9.758961e+01 
2.050000e+03 -9.763219e+01 
2.060000e+03 -9.767441e+01 
2.070000e+03 -9.771635e+01 
2.080000e+03 -9.775804e+01 
2.090000e+03 -9.779948e+01 
2.100000e+03 -9.784071e+01 
2.110000e+03 -9.788173e+01 
2.120000e+03 -9.792254e+01 
2.130000e+03 -9.796316e+01 
2.140000e+03 -9.800359e+01 
2.150000e+03 -9.804384e+01 
2.160000e+03 -9.808391e+01 
2.170000e+03 -9.812379e+01 
2.180000e+03 -9.816350e+01 
2.190000e+03 -9.820304e+01 
2.200000e+03 -9.824241e+01 
2.210000e+03 -9.828160e+01 
2.220000e+03 -9.832064e+01 
2.230000e+03 -9.835949e+01 
2.240000e+03 -9.839819e+01 
2.250000e+03 -9.843672e+01 
2.260000e+03 -9.847509e+01 
2.270000e+03 -9.851331e+01 
2.280000e+03 -9.855136e+01 
2.290000e+03 -9.858925e+01 
2.300000e+03 -9.862698e+01 
2.310000e+03 -9.866456e+01 
2.320000e+03 -9.870198e+01 
2.330000e+03 -9.873924e+01 
2.340000e+03 -9.877636e+01 
2.350000e+03 -9.881331e+01 
2.360000e+03 -9.885012e+01 
2.370000e+03 -9.888678e+01 
2.380000e+03 -9.892329e+01 
2.390000e+03 -9.895964e+01 
2.400000e+03 -9.899585e+01 
2.410000e+03 -9.903191e+01 
2.420000e+03 -9.906784e+01 
2.430000e+03 -9.910361e+01 
2.440000e+03 -9.913924e+01 
2.450000e+03 -9.917473e+01 
2.460000e+03 -9.921007e+01 
2.470000e+03 -9.924528e+01 
2.480000e+03 -9.928035e+01 
2.490000e+03 -9.931528e+01 
2.500000e+03 -9.935007e+01 
2.510000e+03 -9.938473e+01 
2.520000e+03 -9.941926e+01 
2.530000e+03 -9.945364e+01 
2.540000e+03 -9.948790e+01 
2.550000e+03 -9.952203e+01 
2.560000e+03 -9.955602e+01 
2.570000e+03 -9.958989e+01 
2.580000e+03 -9.962363e+01 
2.590000e+03 -9.965724e+01 
2.600000e+03 -9.969072e+01 
2.610000e+03 -9.972408e+01 
2.620000e+03 -9.975732e+01 
2.630000e+03 -9.979043e+01 
2.640000e+03 -9.982342e+01 
2.650000e+03 -9.985630e+01 
2.660000e+03 -9.988905e+01 
2.670000e+03 -9.992168e+01 
2.680000e+03 -9.995420e+01 
2.690000e+03 -9.998660e+01 
2.700000e+03 -1.000189e+02 
2.710000e+03 -1.000511e+02 
2.720000e+03 -1.000831e+02 
2.730000e+03 -1.001151e+02 
2.740000e+03 -1.001469e+02 
2.750000e+03 -1.001786e+02 
2.760000e+03 -1.002102e+02 
2.770000e+03 -1.002417e+02 
2.780000e+03 -1.002731e+02 
2.790000e+03 -1.003044e+02 
2.800000e+03 -1.003356e+02 
2.810000e+03 -1.003667e+02 
2.820000e+03 -1.003976e+02 
2.830000e+03 -1.004285e+02 
2.840000e+03 -1.004592e+02 
2.850000e+03 -1.004899e+02 
2.860000e+03 -1.005204e+02 
2.870000e+03 -1.005509e+02 
2.880000e+03 -1.005812e+02 
2.890000e+03 -1.006114e+02 
2.900000e+03 -1.006415e+02 
2.910000e+03 -1.006715e+02 
2.920000e+03 -1.007014e+02 
2.930000e+03 -1.007312e+02 
2.940000e+03 -1.007609e+02 
2.950000e+03 -1.007905e+02 
2.960000e+03 -1.008201e+02 
2.970000e+03 -1.008497e+02 
2.980000e+03 -1.008796e+02 
2.990000e+03 -1.009111e+02 
3.000000e+03 -9.511165e+01 
3.010000e+03 -1.009706e+02 
3.020000e+03 -1.009967e+02 
3.030000e+03 -1.010243e+02 
3.040000e+03 -1.010524e+02 
3.050000e+03 -1.010806e+02 
3.060000e+03 -1.011087e+02 
3.070000e+03 -1.011368e+02 
3.080000e+03 -1.011649e+02 
3.090000e+03 -1.011929e+02 
3.100000e+03 -1.012207e+02 
3.110000e+03 -1.012485e+02 
3.120000e+03 -1.012762e+02 
3.130000e+03 -1.013038e+02 
3.140000e+03 -1.013312e+02 
3.150000e+03 -1.013586e+02 
3.160000e+03 -1.013860e+02 
3.170000e+03 -1.014132e+02 
3.180000e+03 -1.014403e+02 
3.190000e+03 -1.014674e+02 
3.200000e+03 -1.014943e+02 
3.210000e+03 -1.015212e+02 
3.220000e+03 -1.015480e+02 
3.230000e+03 -1.015747e+02 
3.240000e+03 -1.016013e+02 
3.250000e+03 -1.016279e+02 
3.260000e+03 -1.016543e+02 
3.270000e+03 -1.016807e+02 
3.280000e+03 -1.017071e+02 
3.290000e+03 -1.017333e+02 
3.300000e+03 -1.017594e+02 
3.310000e+03 -1.017855e+02 
3.320000e+03 -1.018115e+02 
3.330000e+03 -1.018374e+02 
3.340000e+03 -1.018633e+02 
3.350000e+03 -1.018891e+02 
3.360000e+03 -1.019148e+02 
3.370000e+03 -1.019404e+02 
3.380000e+03 -1.019659e+02 
3.390000e+03 -1.019914e+02 
3.400000e+03 -1.020168e+02 
3.410000e+03 -1.020421e+02 
3.420000e+03 -1.020674e+02 
3.430000e+03 -1.020926e+02 
3.440000e+03 -1.021177e+02 
3.450000e+03 -1.021428e+02 
3.460000e+03 -1.021677e+02 
3.470000e+03 -1.021926e+02 
3.480000e+03 -1.022175e+02 
3.490000e+03 -1.022422e+02 
3.500000e+03 -1.022669e+02 
3.510000e+03 -1.022915e+02 
3.520000e+03 -1.023161e+02 
3.530000e+03 -1.023406e+02 
3.540000e+03 -1.023650e+02 
3.550000e+03 -1.023893e+02 
3.560000e+03 -1.024136e+02 
3.570000e+03 -1.024378e+02 
3.580000e+03 -1.024619e+02 
3.590000e+03 -1.024860e+02 
3.600000e+03 -1.025100e+02 
3.610000e+03 -1.025340e+02 
3.620000e+03 -1.025578e+02 
3.630000e+03 -1.025817e+02 
3.640000e+03 -1.026054e+02 
3.650000e+03 -1.026291e+02 
3.660000e+03 -1.026527e+02 
3.670000e+03 -1.026763e+02 
3.680000e+03 -1.026997e+02 
3.690000e+03 -1.027232e+02 
3.700000e+03 -1.027465e+02 
3.710000e+03 -1.027698e+02 
3.720000e+03 -1.027931e+02 
3.730000e+03 -1.028163e+02 
3.740000e+03 -1.028394e+02 
3.750000e+03 -1.028624e+02 
3.760000e+03 -1.028854e+02 
3.770000e+03 -1.029084e+02 
3.780000e+03 -1.029313e+02 
3.790000e+03 -1.029541e+02 
3.800000e+03 -1.029768e+02 
3.810000e+03 -1.029995e+02 
3.820000e+03 -1.030222e+02 
3.830000e+03 -1.030448e+02 
3.840000e+03 -1.030673e+02 
3.850000e+03 -1.030898e+02 
3.860000e+03 -1.031122e+02 
3.870000e+03 -1.031346e+02 
3.880000e+03 -1.031569e+02 
3.890000e+03 -1.031792e+02 
3.900000e+03 -1.032014e+02 
3.910000e+03 -1.032235e+02 
3.920000e+03 -1.032455e+02 
3.930000e+03 -1.032675e+02 
3.940000e+03 -1.032894e+02 
3.950000e+03 -1.033112e+02 
3.960000e+03 -1.033329e+02 
3.970000e+03 -1.033543e+02 
3.980000e+03 -1.033753e+02 
3.990000e+03 -1.033952e+02 
4.000000e+03 -1.024368e+02 
4.010000e+03 -1.034470e+02 
4.020000e+03 -1.034675e+02 
4.030000e+03 -1.034885e+02 
4.040000e+03 -1.035097e+02 
4.050000e+03 -1.035309e+02 
4.060000e+03 -1.035522e+02 
4.070000e+03 -1.035734e+02 
4.080000e+03 -1.035947e+02 
4.090000e+03 -1.036159e+02 
4.100000e+03 -1.036370e+02 
4.110000e+03 -1.036581e+02 
4.120000e+03 -1.036792e+02 
4.130000e+03 -1.037002e+02 
4.140000e+03 -1.037212e+02 
4.150000e+03 -1.037421e+02 
4.160000e+03 -1.037629e+02 
4.170000e+03 -1.037837e+02 
4.180000e+03 -1.038045e+02 
4.190000e+03 -1.038252e+02 
4.200000e+03 -1.038458e+02 
4.210000e+03 -1.038664e+02 
4.220000e+03 -1.038870e+02 
4.230000e+03 -1.039075e+02 
4.240000e+03 -1.039279e+02 
4.250000e+03 -1.039483e+02 
4.260000e+03 -1.039686e+02 
4.270000e+03 -1.039889e+02 
4.280000e+03 -1.040091e+02 
4.290000e+03 -1.040293e+02 
4.300000e+03 -1.040494e+02 
4.310000e+03 -1.040695e+02 
4.320000e+03 -1.040896e+02 
4.330000e+03 -1.041095e+02 
4.340000e+03 -1.041295e+02 
4.350000e+03 -1.041493e+02 
4.360000e+03 -1.041692e+02 
4.370000e+03 -1.041890e+02 
4.380000e+03 -1.042087e+02 
4.390000e+03 -1.042284e+02 
4.400000e+03 -1.042481e+02 
4.410000e+03 -1.042677e+02 
4.420000e+03 -1.042872e+02 
4.430000e+03 -1.043067e+02 
4.440000e+03 -1.043262e+02 
4.450000e+03 -1.043456e+02 
4.460000e+03 -1.043650e+02 
4.470000e+03 -1.043843e+02 
4.480000e+03 -1.044036e+02 
4.490000e+03 -1.044228e+02 
4.500000e+03 -1.044420e+02 
4.510000e+03 -1.044612e+02 
4.520000e+03 -1.044803e+02 
4.530000e+03 -1.044993e+02 
4.540000e+03 -1.045183e+02 
4.550000e+03 -1.045373e+02 
4.560000e+03 -1.045562e+02 
4.570000e+03 -1.045751e+02 
4.580000e+03 -1.045940e+02 
4.590000e+03 -1.046128e+02 
4.600000e+03 -1.046315e+02 
4.610000e+03 -1.046502e+02 
4.620000e+03 -1.046689e+02 
4.630000e+03 -1.046875e+02 
4.640000e+03 -1.047061e+02 
4.650000e+03 -1.047246e+02 
4.660000e+03 -1.047431e+02 
4.670000e+03 -1.047616e+02 
4.680000e+03 -1.047800e+02 
4.690000e+03 -1.047983e+02 
4.700000e+03 -1.048167e+02 
4.710000e+03 -1.048349e+02 
4.720000e+03 -1.048532e+02 
4.730000e+03 -1.048714e+02 
4.740000e+03 -1.048895e+02 
4.750000e+03 -1.049076e+02 
4.760000e+03 -1.049257e+02 
4.770000e+03 -1.049437e+02 
4.780000e+03 -1.049617e+02 
4.790000e+03 -1.049797e+02 
4.800000e+03 -1.049976e+02 
4.810000e+03 -1.050154e+02 
4.820000e+03 -1.050333e+02 
4.830000e+03 -1.050511e+02 
4.840000e+03 -1.050688e+02 
4.850000e+03 -1.050865e+02 
4.860000e+03 -1.051042e+02 
4.870000e+03 -1.051218e+02 
4.880000e+03 -1.051394e+02 
4.890000e+03 -1.051570e+02 
4.900000e+03 -1.051745e+02 
4.910000e+03 -1.051920e+02 
4.920000e+03 -1.052094e+02 
4.930000e+03 -1.052268e+02 
4.940000e+03 -1.052442e+02 
4.950000e+03 -1.052616e+02 
4.960000e+03 -1.052789e+02 
4.970000e+03 -1.052961e+02 
4.980000e+03 -1.053131e+02 
4.990000e+03 -1.053292e+02 
5.000000e+03 -9.933313e+01 
5.010000e+03 -1.053619e+02 
5.020000e+03 -1.053806e+02 
5.030000e+03 -1.053983e+02 
5.040000e+03 -1.054158e+02 
5.050000e+03 -1.054330e+02 
5.060000e+03 -1.054502e+02 
5.070000e+03 -1.054673e+02 
5.080000e+03 -1.054844e+02 
5.090000e+03 -1.055014e+02 
5.100000e+03 -1.055184e+02 
5.110000e+03 -1.055354e+02 
5.120000e+03 -1.055523e+02 
5.130000e+03 -1.055692e+02 
5.140000e+03 -1.055861e+02 
5.150000e+03 -1.056029e+02 
5.160000e+03 -1.056197e+02 
5.170000e+03 -1.056365e+02 
5.180000e+03 -1.056532e+02 
5.190000e+03 -1.056699e+02 
5.200000e+03 -1.056866e+02 
5.210000e+03 -1.057033e+02 
5.220000e+03 -1.057199e+02 
5.230000e+03 -1.057365e+02 
5.240000e+03 -1.057530e+02 
5.250000e+03 -1.057695e+02 
5.260000e+03 -1.057860e+02 
5.270000e+03 -1.058025e+02 
5.280000e+03 -1.058189e+02 
5.290000e+03 -1.058353e+02 
5.300000e+03 -1.058517e+02 
5.310000e+03 -1.058680e+02 
5.320000e+03 -1.058843e+02 
5.330000e+03 -1.059005e+02 
5.340000e+03 -1.059168e+02 
5.350000e+03 -1.059330e+02 
5.360000e+03 -1.059491e+02 
5.370000e+03 -1.059653e+02 
5.380000e+03 -1.059814e+02 
5.390000e+03 -1.059974e+02 
5.400000e+03 -1.060135e+02 
5.410000e+03 -1.060295e+02 
5.420000e+03 -1.060454e+02 
5.430000e+03 -1.060614e+02 
5.440000e+03 -1.060773e+02 
5.450000e+03 -1.060932e+02 
5.460000e+03 -1.061090e+02 
5.470000e+03 -1.061249e+02 
5.480000e+03 -1.061406e+02 
5.490000e+03 -1.061564e+02 
5.500000e+03 -1.061721e+02 
5.510000e+03 -1.061878e+02 
5.520000e+03 -1.062035e+02 
5.530000e+03 -1.062191e+02 
5.540000e+03 -1.062348e+02 
5.550000e+03 -1.062503e+02 
5.560000e+03 -1.062659e+02 
5.570000e+03 -1.062814e+02 
5.580000e+03 -1.062969e+02 
5.590000e+03 -1.063124e+02 
5.600000e+03 -1.063278e+02 
5.610000e+03 -1.063432e+02 
5.620000e+03 -1.063586e+02 
5.630000e+03 -1.063739e+02 
5.640000e+03 -1.063893e+02 
5.650000e+03 -1.064046e+02 
5.660000e+03 -1.064198e+02 
5.670000e+03 -1.064351e+02 
5.680000e+03 -1.064503e+02 
5.690000e+03 -1.064655e+02 
5.700000e+03 -1.064806e+02 
5.710000e+03 -1.064957e+02 
5.720000e+03 -1.065108e+02 
5.730000e+03 -1.065259e+02 
5.740000e+03 -1.065410e+02 
5.750000e+03 -1.065560e+02 
5.760000e+03 -1.065710e+02 
5.770000e+03 -1.065859e+02 
5.780000e+03 -1.066009e+02 
5.790000e+03 -1.066158e+02 
5.800000e+03 -1.066306e+02 
5.810000e+03 -1.066455e+02 
5.820000e+03 -1.066603e+02 
5.830000e+03 -1.066751e+02 
5.840000e+03 -1.066899e+02 
5.850000e+03 -1.067046e+02 
5.860000e+03 -1.067193e+02 
5.870000e+03 -1.067340e+02 
5.880000e+03 -1.067487e+02 
5.890000e+03 -1.067633e+02 
5.900000e+03 -1.067779e+02 
5.910000e+03 -1.067925e+02 
5.920000e+03 -1.068071e+02 
5.930000e+03 -1.068216e+02 
5.940000e+03 -1.068362e+02 
5.950000e+03 -1.068507e+02 
5.960000e+03 -1.068653e+02 
5.970000e+03 -1.068799e+02 
5.980000e+03 -1.068947e+02 
5.990000e+03 -1.069099e+02 
6.000000e+03 -1.074104e+02 
6.010000e+03 -1.069347e+02 
6.020000e+03 -1.069494e+02 
6.030000e+03 -1.069639e+02 
6.040000e+03 -1.069783e+02 
6.050000e+03 -1.069926e+02 
6.060000e+03 -1.070068e+02 
6.070000e+03 -1.070210e+02 
6.080000e+03 -1.070352e+02 
6.090000e+03 -1.070493e+02 
6.100000e+03 -1.070634e+02 
6.110000e+03 -1.070775e+02 
6.120000e+03 -1.070915e+02 
6.130000e+03 -1.071055e+02 
6.140000e+03 -1.071195e+02 
6.150000e+03 -1.071335e+02 
6.160000e+03 -1.071475e+02 
6.170000e+03 -1.071614e+02 
6.180000e+03 -1.071753e+02 
6.190000e+03 -1.071892e+02 
6.200000e+03 -1.072030e+02 
6.210000e+03 -1.072169e+02 
6.220000e+03 -1.072307e+02 
6.230000e+03 -1.072445e+02 
6.240000e+03 -1.072583e+02 
6.250000e+03 -1.072721e+02 
6.260000e+03 -1.072858e+02 
6.270000e+03 -1.072995e+02 
6.280000e+03 -1.073132e+02 
6.290000e+03 -1.073269e+02 
6.300000e+03 -1.073405e+02 
6.310000e+03 -1.073542e+02 
6.320000e+03 -1.073678e+02 
6.330000e+03 -1.073814e+02 
6.340000e+03 -1.073950e+02 
6.350000e+03 -1.074085e+02 
6.360000e+03 -1.074221e+02 
6.370000e+03 -1.074356e+02 
6.380000e+03 -1.074491e+02 
6.390000e+03 -1.074625e+02 
6.400000e+03 -1.074760e+02 
6.410000e+03 -1.074894e+02 
6.420000e+03 -1.075028e+02 
6.430000e+03 -1.075162e+02 
6.440000e+03 -1.075296e+02 
6.450000e+03 -1.075429e+02 
6.460000e+03 -1.075562e+02 
6.470000e+03 -1.075695e+02 
6.480000e+03 -1.075828e+02 
6.490000e+03 -1.075961e+02 
6.500000e+03 -1.076093e+02 
6.510000e+03 -1.076225e+02 
6.520000e+03 -1.076358e+02 
6.530000e+03 -1.076489e+02 
6.540000e+03 -1.076621e+02 
6.550000e+03 -1.076753e+02 
6.560000e+03 -1.076884e+02 
6.570000e+03 -1.077015e+02 
6.580000e+03 -1.077146e+02 
6.590000e+03 -1.077276e+02 
6.600000e+03 -1.077407e+02 
6.610000e+03 -1.077537e+02 
6.620000e+03 -1.077667e+02 
6.630000e+03 -1.077797e+02 
6.640000e+03 -1.077927e+02 
6.650000e+03 -1.078056e+02 
6.660000e+03 -1.078185e+02 
6.670000e+03 -1.078315e+02 
6.680000e+03 -1.078443e+02 
6.690000e+03 -1.078572e+02 
6.700000e+03 -1.078701e+02 
6.710000e+03 -1.078829e+02 
6.720000e+03 -1.078957e+02 
6.730000e+03 -1.079085e+02 
6.740000e+03 -1.079213e+02 
6.750000e+03 -1.079341e+02 
6.760000e+03 -1.079468e+02 
6.770000e+03 -1.079595e+02 
6.780000e+03 -1.079722e+02 
6.790000e+03 -1.079849e+02 
6.800000e+03 -1.079976e+02 
6.810000e+03 -1.080102e+02 
6.820000e+03 -1.080229e+02 
6.830000e+03 -1.080355e+02 
6.840000e+03 -1.080481e+02 
6.850000e+03 -1.080606e+02 
6.860000e+03 -1.080732e+02 
6.870000e+03 -1.080857e+02 
6.880000e+03 -1.080983e+02 
6.890000e+03 -1.081108e+02 
6.900000e+03 -1.081232e+02 
6.910000e+03 -1.081357e+02 
6.920000e+03 -1.081481e+02 
6.930000e+03 -1.081606e+02 
6.940000e+03 -1.081730e+02 
6.950000e+03 -1.081853e+02 
6.960000e+03 -1.081977e+02 
6.970000e+03 -1.082101e+02 
6.980000e+03 -1.082226e+02 
6.990000e+03 -1.082354e+02 
7.000000e+03 -1.116953e+02 
7.010000e+03 -1.082599e+02 
7.020000e+03 -1.082716e+02 
7.030000e+03 -1.082836e+02 
7.040000e+03 -1.082957e+02 
7.050000e+03 -1.083078e+02 
7.060000e+03 -1.083199e+02 
7.070000e+03 -1.083320e+02 
7.080000e+03 -1.083441e+02 
7.090000e+03 -1.083562e+02 
7.100000e+03 -1.083682e+02 
7.110000e+03 -1.083803e+02 
7.120000e+03 -1.083923e+02 
7.130000e+03 -1.084043e+02 
7.140000e+03 -1.084162e+02 
7.150000e+03 -1.084282e+02 
7.160000e+03 -1.084401e+02 
7.170000e+03 -1.084521e+02 
7.180000e+03 -1.084640e+02 
7.190000e+03 -1.084758e+02 
7.200000e+03 -1.084877e+02 
7.210000e+03 -1.084996e+02 
7.220000e+03 -1.085114e+02 
7.230000e+03 -1.085232e+02 
7.240000e+03 -1.085350e+02 
7.250000e+03 -1.085468e+02 
7.260000e+03 -1.085586e+02 
7.270000e+03 -1.085704e+02 
7.280000e+03 -1.085821e+02 
7.290000e+03 -1.085938e+02 
7.300000e+03 -1.086056e+02 
7.310000e+03 -1.086173e+02 
7.320000e+03 -1.086289e+02 
7.330000e+03 -1.086406e+02 
7.340000e+03 -1.086523e+02 
7.350000e+03 -1.086639e+02 
7.360000e+03 -1.086755e+02 
7.370000e+03 -1.086871e+02 
7.380000e+03 -1.086987e+02 
7.390000e+03 -1.087103e+02 
7.400000e+03 -1.087218e+02 
7.410000e+03 -1.087334e+02 
7.420000e+03 -1.087449e+02 
7.430000e+03 -1.087564e+02 
7.440000e+03 -1.087679e+02 
7.450000e+03 -1.087794e+02 
7.460000e+03 -1.087909e+02 
7.470000e+03 -1.088023e+02 
7.480000e+03 -1.088138e+02 
7.490000e+03 -1.088252e+02 
7.500000e+03 -1.088366e+02 
7.510000e+03 -1.088480e+02 
7.520000e+03 -1.088593e+02 
7.530000e+03 -1.088707e+02 
7.540000e+03 -1.088821e+02 
7.550000e+03 -1.088934e+02 
7.560000e+03 -1.089047e+02 
7.570000e+03 -1.089160e+02 
7.580000e+03 -1.089273e+02 
7.590000e+03 -1.089386e+02 
7.600000e+03 -1.089498e+02 
7.610000e+03 -1.089610e+02 
7.620000e+03 -1.089723e+02 
7.630000e+03 -1.089835e+02 
7.640000e+03 -1.089947e+02 
7.650000e+03 -1.090059e+02 
7.660000e+03 -1.090170e+02 
7.670000e+03 -1.090282e+02 
7.680000e+03 -1.090393e+02 
7.690000e+03 -1.090504e+02 
7.700000e+03 -1.090615e+02 
7.710000e+03 -1.090726e+02 
7.720000e+03 -1.090837e+02 
7.730000e+03 -1.090948e+02 
7.740000e+03 -1.091058e+02 
7.750000e+03 -1.091169e+02 
7.760000e+03 -1.091279e+02 
7.770000e+03 -1.091389e+02 
7.780000e+03 -1.091499e+02 
7.790000e+03 -1.091609e+02 
7.800000e+03 -1.091718e+02 
7.810000e+03 -1.091828e+02 
7.820000e+03 -1.091937e+02 
7.830000e+03 -1.092046e+02 
7.840000e+03 -1.092155e+02 
7.850000e+03 -1.092264e+02 
7.860000e+03 -1.092373e+02 
7.870000e+03 -1.092482e+02 
7.880000e+03 -1.092590e+02 
7.890000e+03 -1.092699e+02 
7.900000e+03 -1.092807e+02 
7.910000e+03 -1.092915e+02 
7.920000e+03 -1.093023e+02 
7.930000e+03 -1.093131e+02 
7.940000e+03 -1.093239e+02 
7.950000e+03 -1.093346e+02 
7.960000e+03 -1.093453e+02 
7.970000e+03 -1.093560e+02 
7.980000e+03 -1.093666e+02 
7.990000e+03 -1.093770e+02 
8.000000e+03 -1.092143e+02 
8.010000e+03 -1.093997e+02 
8.020000e+03 -1.094103e+02 
8.030000e+03 -1.094208e+02 
8.040000e+03 -1.094314e+02 
8.050000e+03 -1.094420e+02 
8.060000e+03 -1.094526e+02 
8.070000e+03 -1.094632e+02 
8.080000e+03 -1.094738e+02 
8.090000e+03 -1.094844e+02 
8.100000e+03 -1.094949e+02 
8.110000e+03 -1.095055e+02 
8.120000e+03 -1.095160e+02 
8.130000e+03 -1.095265e+02 
8.140000e+03 -1.095370e+02 
8.150000e+03 -1.095475e+02 
8.160000e+03 -1.095580e+02 
8.170000e+03 -1.095685e+02 
8.180000e+03 -1.095789e+02 
8.190000e+03 -1.095894e+02 
8.200000e+03 -1.095998e+02 
8.210000e+03 -1.096102e+02 
8.220000e+03 -1.096206e+02 
8.230000e+03 -1.096310e+02 
8.240000e+03 -1.096414e+02 
8.250000e+03 -1.096517e+02 
8.260000e+03 -1.096621e+02 
8.270000e+03 -1.096724e+02 
8.280000e+03 -1.096827e+02 
8.290000e+03 -1.096930e+02 
8.300000e+03 -1.097033e+02 
8.310000e+03 -1.097136e+02 
8.320000e+03 -1.097239e+02 
8.330000e+03 -1.097341e+02 
8.340000e+03 -1.097443e+02 
8.350000e+03 -1.097546e+02 
8.360000e+03 -1.097648e+02 
8.370000e+03 -1.097750e+02 
8.380000e+03 -1.097852e+02 
8.390000e+03 -1.097953e+02 
8.400000e+03 -1.098055e+02 
8.410000e+03 -1.098156e+02 
8.420000e+03 -1.098258e+02 
8.430000e+03 -1.098359e+02 
8.440000e+03 -1.098460e+02 
8.450000e+03 -1.098561e+02 
8.460000e+03 -1.098662e+02 
8.470000e+03 -1.098763e+02 
8.480000e+03 -1.098863e+02 
8.490000e+03 -1.098964e+02 
8.500000e+03 -1.099064e+02 
8.510000e+03 -1.099164e+02 
8.520000e+03 -1.099265e+02 
8.530000e+03 -1.099365e+02 
8.540000e+03 -1.099464e+02 
8.550000e+03 -1.099564e+02 
8.560000e+03 -1.099664e+02 
8.570000e+03 -1.099763e+02 
8.580000e+03 -1.099863e+02 
8.590000e+03 -1.099962e+02 
8.600000e+03 -1.100061e+02 
8.610000e+03 -1.100160e+02 
8.620000e+03 -1.100259e+02 
8.630000e+03 -1.100358e+02 
8.640000e+03 -1.100456e+02 
8.650000e+03 -1.100555e+02 
8.660000e+03 -1.100653e+02 
8.670000e+03 -1.100752e+02 
8.680000e+03 -1.100850e+02 
8.690000e+03 -1.100948e+02 
8.700000e+03 -1.101046e+02 
8.710000e+03 -1.101144e+02 
8.720000e+03 -1.101241e+02 
8.730000e+03 -1.101339e+02 
8.740000e+03 -1.101436e+02 
8.750000e+03 -1.101534e+02 
8.760000e+03 -1.101631e+02 
8.770000e+03 -1.101728e+02 
8.780000e+03 -1.101825e+02 
8.790000e+03 -1.101922e+02 
8.800000e+03 -1.102019e+02 
8.810000e+03 -1.102115e+02 
8.820000e+03 -1.102211e+02 
8.830000e+03 -1.102308e+02 
8.840000e+03 -1.102404e+02 
8.850000e+03 -1.102500e+02 
8.860000e+03 -1.102596e+02 
8.870000e+03 -1.102692e+02 
8.880000e+03 -1.102788e+02 
8.890000e+03 -1.102883e+02 
8.900000e+03 -1.102979e+02 
8.910000e+03 -1.103074e+02 
8.920000e+03 -1.103169e+02 
8.930000e+03 -1.103264e+02 
8.940000e+03 -1.103360e+02 
8.950000e+03 -1.103455e+02 
8.960000e+03 -1.103550e+02 
8.970000e+03 -1.103645e+02 
8.980000e+03 -1.103740e+02 
8.990000e+03 -1.103835e+02 
9.000000e+03 -1.097848e+02 
9.010000e+03 -1.104012e+02 
9.020000e+03 -1.104108e+02 
9.030000e+03 -1.104203e+02 
9.040000e+03 -1.104297e+02 
9.050000e+03 -1.104392e+02 
9.060000e+03 -1.104486e+02 
9.070000e+03 -1.104579e+02 
9.080000e+03 -1.104673e+02 
9.090000e+03 -1.104767e+02 
9.100000e+03 -1.104860e+02 
9.110000e+03 -1.104953e+02 
9.120000e+03 -1.105046e+02 
9.130000e+03 -1.105139e+02 
9.140000e+03 -1.105232e+02 
9.150000e+03 -1.105325e+02 
9.160000e+03 -1.105418e+02 
9.170000e+03 -1.105510e+02 
9.180000e+03 -1.105603e+02 
9.190000e+03 -1.105695e+02 
9.200000e+03 -1.105788e+02 
9.210000e+03 -1.105880e+02 
9.220000e+03 -1.105972e+02 
9.230000e+03 -1.106064e+02 
9.240000e+03 -1.106156e+02 
9.250000e+03 -1.106248e+02 
9.260000e+03 -1.106340e+02 
9.270000e+03 -1.106431e+02 
9.280000e+03 -1.106523e+02 
9.290000e+03 -1.106614e+02 
9.300000e+03 -1.106706e+02 
9.310000e+03 -1.106797e+02 
9.320000e+03 -1.106888e+02 
9.330000e+03 -1.106980e+02 
9.340000e+03 -1.107070e+02 
9.350000e+03 -1.107161e+02 
9.360000e+03 -1.107252e+02 
9.370000e+03 -1.107343e+02 
9.380000e+03 -1.107434e+02 
9.390000e+03 -1.107524e+02 
9.400000e+03 -1.107615e+02 
9.410000e+03 -1.107705e+02 
9.420000e+03 -1.107795e+02 
9.430000e+03 -1.107885e+02 
9.440000e+03 -1.107975e+02 
9.450000e+03 -1.108065e+02 
9.460000e+03 -1.108155e+02 
9.470000e+03 -1.108244e+02 
9.480000e+03 -1.108334e+02 
9.490000e+03 -1.108423e+02 
9.500000e+03 -1.108513e+02 
9.510000e+03 -1.108602e+02 
9.520000e+03 -1.108691e+02 
9.530000e+03 -1.108780e+02 
9.540000e+03 -1.108869e+02 
9.550000e+03 -1.108958e+02 
9.560000e+03 -1.109047e+02 
9.570000e+03 -1.109136e+02 
9.580000e+03 -1.109225e+02 
9.590000e+03 -1.109313e+02 
9.600000e+03 -1.109401e+02 
9.610000e+03 -1.109490e+02 
9.620000e+03 -1.109578e+02 
9.630000e+03 -1.109666e+02 
9.640000e+03 -1.109754e+02 
9.650000e+03 -1.109842e+02 
9.660000e+03 -1.109930e+02 
9.670000e+03 -1.110018e+02 
9.680000e+03 -1.110105e+02 
9.690000e+03 -1.110193e+02 
9.700000e+03 -1.110280e+02 
9.710000e+03 -1.110367e+02 
9.720000e+03 -1.110455e+02 
9.730000e+03 -1.110542e+02 
9.740000e+03 -1.110629e+02 
9.750000e+03 -1.110716e+02 
9.760000e+03 -1.110803e+02 
9.770000e+03 -1.110889e+02 
9.780000e+03 -1.110976e+02 
9.790000e+03 -1.111063e+02 
9.800000e+03 -1.111149e+02 
9.810000e+03 -1.111236e+02 
9.820000e+03 -1.111322e+02 
9.830000e+03 -1.111408e+02 
9.840000e+03 -1.111494e+02 
9.850000e+03 -1.111580e+02 
9.860000e+03 -1.111666e+02 
9.870000e+03 -1.111752e+02 
9.880000e+03 -1.111838e+02 
9.890000e+03 -1.111923e+02 
9.900000e+03 -1.112009e+02 
9.910000e+03 -1.112095e+02 
9.920000e+03 -1.112180e+02 
9.930000e+03 -1.112265e+02 
9.940000e+03 -1.112350e+02 
9.950000e+03 -1.112436e+02 
9.960000e+03 -1.112521e+02 
9.970000e+03 -1.112606e+02 
9.980000e+03 -1.112690e+02 
9.990000e+03 -1.112775e+02 
1.000000e+04 -1.113814e+02 
1.001000e+04 -1.112942e+02 
1.002000e+04 -1.113028e+02 
1.003000e+04 -1.113113e+02 
1.004000e+04 -1.113198e+02 
1.005000e+04 -1.113282e+02 
1.006000e+04 -1.113367e+02 
1.007000e+04 -1.113451e+02 
1.008000e+04 -1.113535e+02 
1.009000e+04 -1.113619e+02 
1.010000e+04 -1.113703e+02 
1.011000e+04 -1.113787e+02 
1.012000e+04 -1.113870e+02 
1.013000e+04 -1.113954e+02 
1.014000e+04 -1.114038e+02 
1.015000e+04 -1.114121e+02 
1.016000e+04 -1.114204e+02 
1.017000e+04 -1.114288e+02 
1.018000e+04 -1.114371e+02 
1.019000e+04 -1.114454e+02 
1.020000e+04 -1.114537e+02 
1.021000e+04 -1.114620e+02 
1.022000e+04 -1.114703e+02 
1.023000e+04 -1.114786e+02 
1.024000e+04 -1.114869e+02 
1.025000e+04 -1.114951e+02 
1.026000e+04 -1.115034e+02 
1.027000e+04 -1.115116e+02 
1.028000e+04 -1.115199e+02 
1.029000e+04 -1.115281e+02 
1.030000e+04 -1.115363e+02 
1.031000e+04 -1.115445e+02 
1.032000e+04 -1.115527e+02 
1.033000e+04 -1.115609e+02 
1.034000e+04 -1.115691e+02 
1.035000e+04 -1.115773e+02 
1.036000e+04 -1.115854e+02 
1.037000e+04 -1.115936e+02 
1.038000e+04 -1.116018e+02 
1.039000e+04 -1.116099e+02 
1.040000e+04 -1.116181e+02 
1.041000e+04 -1.116262e+02 
1.042000e+04 -1.116343e+02 
1.043000e+04 -1.116424e+02 
1.044000e+04 -1.116505e+02 
1.045000e+04 -1.116586e+02 
1.046000e+04 -1.116667e+02 
1.047000e+04 -1.116748e+02 
1.048000e+04 -1.116828e+02 
1.049000e+04 -1.116909e+02 
1.050000e+04 -1.116990e+02 
1.051000e+04 -1.117070e+02 
1.052000e+04 -1.117151e+02 
1.053000e+04 -1.117231e+02 
1.054000e+04 -1.117311e+02 
1.055000e+04 -1.117391e+02 
1.056000e+04 -1.117471e+02 
1.057000e+04 -1.117551e+02 
1.058000e+04 -1.117631e+02 
1.059000e+04 -1.117711e+02 
1.060000e+04 -1.117791e+02 
1.061000e+04 -1.117870e+02 
1.062000e+04 -1.117950e+02 
1.063000e+04 -1.118030e+02 
1.064000e+04 -1.118109e+02 
1.065000e+04 -1.118188e+02 
1.066000e+04 -1.118267e+02 
1.067000e+04 -1.118347e+02 
1.068000e+04 -1.118426e+02 
1.069000e+04 -1.118505e+02 
1.070000e+04 -1.118584e+02 
1.071000e+04 -1.118663e+02 
1.072000e+04 -1.118741e+02 
1.073000e+04 -1.118820e+02 
1.074000e+04 -1.118899e+02 
1.075000e+04 -1.118977e+02 
1.076000e+04 -1.119056e+02 
1.077000e+04 -1.119134e+02 
1.078000e+04 -1.119212e+02 
1.079000e+04 -1.119291e+02 
1.080000e+04 -1.119369e+02 
1.081000e+04 -1.119447e+02 
1.082000e+04 -1.119525e+02 
1.083000e+04 -1.119602e+02 
1.084000e+04 -1.119680e+02 
1.085000e+04 -1.119758e+02 
1.086000e+04 -1.119835e+02 
1.087000e+04 -1.119913e+02 
1.088000e+04 -1.119990e+02 
1.089000e+04 -1.120068e+02 
1.090000e+04 -1.120145e+02 
1.091000e+04 -1.120222e+02 
1.092000e+04 -1.120299e+02 
1.093000e+04 -1.120376e+02 
1.094000e+04 -1.120453e+02 
1.095000e+04 -1.120530e+02 
1.096000e+04 -1.120607e+02 
1.097000e+04 -1.120684e+02 
1.098000e+04 -1.120762e+02 
1.099000e+04 -1.120841e+02 
1.100000e+04 -1.122220e+02 
1.101000e+04 -1.120980e+02 
1.102000e+04 -1.121056e+02 
1.103000e+04 -1.121133e+02 
1.104000e+04 -1.121210e+02 
1.105000e+04 -1.121286e+02 
1.106000e+04 -1.121362e+02 
1.107000e+04 -1.121438e+02 
1.108000e+04 -1.121514e+02 
1.109000e+04 -1.121590e+02 
1.110000e+04 -1.121665e+02 
1.111000e+04 -1.121740e+02 
1.112000e+04 -1.121816e+02 
1.113000e+04 -1.121891e+02 
1.114000e+04 -1.121966e+02 
1.115000e+04 -1.122042e+02 
1.116000e+04 -1.122117e+02 
1.117000e+04 -1.122192e+02 
1.118000e+04 -1.122267e+02 
1.119000e+04 -1.122342e+02 
1.120000e+04 -1.122417e+02 
1.121000e+04 -1.122492e+02 
1.122000e+04 -1.122567e+02 
1.123000e+04 -1.122642e+02 
1.124000e+04 -1.122717e+02 
1.125000e+04 -1.122791e+02 
1.126000e+04 -1.122866e+02 
1.127000e+04 -1.122940e+02 
1.128000e+04 -1.123015e+02 
1.129000e+04 -1.123089e+02 
1.130000e+04 -1.123164e+02 
1.131000e+04 -1.123238e+02 
1.132000e+04 -1.123312e+02 
1.133000e+04 -1.123386e+02 
1.134000e+04 -1.123460e+02 
1.135000e+04 -1.123534e+02 
1.136000e+04 -1.123608e+02 
1.137000e+04 -1.123682e+02 
1.138000e+04 -1.123756e+02 
1.139000e+04 -1.123830e+02 
1.140000e+04 -1.123904e+02 
1.141000e+04 -1.123977e+02 
1.142000e+04 -1.124051e+02 
1.143000e+04 -1.124124e+02 
1.144000e+04 -1.124198e+02 
1.145000e+04 -1.124272e+02 
1.146000e+04 -1.124345e+02 
1.147000e+04 -1.124418e+02 
1.148000e+04 -1.124491e+02 
1.149000e+04 -1.124564e+02 
1.150000e+04 -1.124637e+02 
1.151000e+04 -1.124710e+02 
1.152000e+04 -1.124783e+02 
1.153000e+04 -1.124856e+02 
1.154000e+04 -1.124929e+02 
1.155000e+04 -1.125002e+02 
1.156000e+04 -1.125074e+02 
1.157000e+04 -1.125147e+02 
1.158000e+04 -1.125220e+02 
1.159000e+04 -1.125292e+02 
1.160000e+04 -1.125364e+02 
1.161000e+04 -1.125437e+02 
1.162000e+04 -1.125509e+02 
1.163000e+04 -1.125581e+02 
1.164000e+04 -1.125653e+02 
1.165000e+04 -1.125726e+02 
1.166000e+04 -1.125797e+02 
1.167000e+04 -1.125869e+02 
1.168000e+04 -1.125942e+02 
1.169000e+04 -1.126013e+02 
1.170000e+04 -1.126085e+02 
1.171000e+04 -1.126157e+02 
1.172000e+04 -1.126228e+02 
1.173000e+04 -1.126300e+02 
1.174000e+04 -1.126371e+02 
1.175000e+04 -1.126443e+02 
1.176000e+04 -1.126514e+02 
1.177000e+04 -1.126586e+02 
1.178000e+04 -1.126657e+02 
1.179000e+04 -1.126728e+02 
1.180000e+04 -1.126799e+02 
1.181000e+04 -1.126870e+02 
1.182000e+04 -1.126941e+02 
1.183000e+04 -1.127012e+02 
1.184000e+04 -1.127083e+02 
1.185000e+04 -1.127154e+02 
1.186000e+04 -1.127225e+02 
1.187000e+04 -1.127295e+02 
1.188000e+04 -1.127366e+02 
1.189000e+04 -1.127436e+02 
1.190000e+04 -1.127507e+02 
1.191000e+04 -1.127577e+02 
1.192000e+04 -1.127647e+02 
1.193000e+04 -1.127718e+02 
1.194000e+04 -1.127788e+02 
1.195000e+04 -1.127858e+02 
1.196000e+04 -1.127928e+02 
1.197000e+04 -1.127998e+02 
1.198000e+04 -1.128068e+02 
1.199000e+04 -1.128138e+02 
1.200000e+04 -1.129935e+02 
1.201000e+04 -1.128281e+02 
1.202000e+04 -1.128350e+02 
1.203000e+04 -1.128419e+02 
1.204000e+04 -1.128488e+02 
1.205000e+04 -1.128558e+02 
1.206000e+04 -1.128627e+02 
1.207000e+04 -1.128696e+02 
1.208000e+04 -1.128766e+02 
1.209000e+04 -1.128835e+02 
1.210000e+04 -1.128904e+02 
1.211000e+04 -1.128973e+02 
1.212000e+04 -1.129042e+02 
1.213000e+04 -1.129111e+02 
1.214000e+04 -1.129180e+02 
1.215000e+04 -1.129249e+02 
1.216000e+04 -1.129318e+02 
1.217000e+04 -1.129387e+02 
1.218000e+04 -1.129455e+02 
1.219000e+04 -1.129524e+02 
1.220000e+04 -1.129592e+02 
1.221000e+04 -1.129661e+02 
1.222000e+04 -1.129729e+02 
1.223000e+04 -1.129798e+02 
1.224000e+04 -1.129866e+02 
1.225000e+04 -1.129934e+02 
1.226000e+04 -1.130003e+02 
1.227000e+04 -1.130071e+02 
1.228000e+04 -1.130139e+02 
1.229000e+04 -1.130207e+02 
1.230000e+04 -1.130275e+02 
1.231000e+04 -1.130343e+02 
1.232000e+04 -1.130411e+02 
1.233000e+04 -1.130478e+02 
1.234000e+04 -1.130546e+02 
1.235000e+04 -1.130614e+02 
1.236000e+04 -1.130681e+02 
1.237000e+04 -1.130749e+02 
1.238000e+04 -1.130816e+02 
1.239000e+04 -1.130884e+02 
1.240000e+04 -1.130951e+02 
1.241000e+04 -1.131019e+02 
1.242000e+04 -1.131086e+02 
1.243000e+04 -1.131153e+02 
1.244000e+04 -1.131220e+02 
1.245000e+04 -1.131287e+02 
1.246000e+04 -1.131354e+02 
1.247000e+04 -1.131421e+02 
1.248000e+04 -1.131488e+02 
1.249000e+04 -1.131555e+02 
1.250000e+04 -1.131622e+02 
1.251000e+04 -1.131689e+02 
1.252000e+04 -1.131755e+02 
1.253000e+04 -1.131822e+02 
1.254000e+04 -1.131889e+02 
1.255000e+04 -1.131955e+02 
1.256000e+04 -1.132022e+02 
1.257000e+04 -1.132088e+02 
1.258000e+04 -1.132155e+02 
1.259000e+04 -1.132221e+02 
1.260000e+04 -1.132287e+02 
1.261000e+04 -1.132353e+02 
1.262000e+04 -1.132419e+02 
1.263000e+04 -1.132485e+02 
1.264000e+04 -1.132552e+02 
1.265000e+04 -1.132618e+02 
1.266000e+04 -1.132683e+02 
1.267000e+04 -1.132749e+02 
1.268000e+04 -1.132815e+02 
1.269000e+04 -1.132881e+02 
1.270000e+04 -1.132946e+02 
1.271000e+04 -1.133012e+02 
1.272000e+04 -1.133078e+02 
1.273000e+04 -1.133143e+02 
1.274000e+04 -1.133209e+02 
1.275000e+04 -1.133274e+02 
1.276000e+04 -1.133339e+02 
1.277000e+04 -1.133405e+02 
1.278000e+04 -1.133470e+02 
1.279000e+04 -1.133535e+02 
1.280000e+04 -1.133600e+02 
1.281000e+04 -1.133665e+02 
1.282000e+04 -1.133730e+02 
1.283000e+04 -1.133795e+02 
1.284000e+04 -1.133860e+02 
1.285000e+04 -1.133925e+02 
1.286000e+04 -1.133989e+02 
1.287000e+04 -1.134054e+02 
1.288000e+04 -1.134118e+02 
1.289000e+04 -1.134183e+02 
1.290000e+04 -1.134247e+02 
1.291000e+04 -1.134312e+02 
1.292000e+04 -1.134376e+02 
1.293000e+04 -1.134440e+02 
1.294000e+04 -1.134505e+02 
1.295000e+04 -1.134569e+02 
1.296000e+04 -1.134633e+02 
1.297000e+04 -1.134698e+02 
1.298000e+04 -1.134763e+02 
1.299000e+04 -1.134828e+02 
1.300000e+04 -1.134369e+02 
1.301000e+04 -1.134947e+02 
1.302000e+04 -1.135011e+02 
1.303000e+04 -1.135075e+02 
1.304000e+04 -1.135139e+02 
1.305000e+04 -1.135203e+02 
1.306000e+04 -1.135267e+02 
1.307000e+04 -1.135330e+02 
1.308000e+04 -1.135394e+02 
1.309000e+04 -1.135457e+02 
1.310000e+04 -1.135521e+02 
1.311000e+04 -1.135584e+02 
1.312000e+04 -1.135647e+02 
1.313000e+04 -1.135710e+02 
1.314000e+04 -1.135773e+02 
1.315000e+04 -1.135836e+02 
1.316000e+04 -1.135899e+02 
1.317000e+04 -1.135962e+02 
1.318000e+04 -1.136025e+02 
1.319000e+04 -1.136088e+02 
1.320000e+04 -1.136151e+02 
1.321000e+04 -1.136214e+02 
1.322000e+04 -1.136276e+02 
1.323000e+04 -1.136339e+02 
1.324000e+04 -1.136402e+02 
1.325000e+04 -1.136464e+02 
1.326000e+04 -1.136527e+02 
1.327000e+04 -1.136590e+02 
1.328000e+04 -1.136652e+02 
1.329000e+04 -1.136715e+02 
1.330000e+04 -1.136777e+02 
1.331000e+04 -1.136839e+02 
1.332000e+04 -1.136902e+02 
1.333000e+04 -1.136964e+02 
1.334000e+04 -1.137026e+02 
1.335000e+04 -1.137089e+02 
1.336000e+04 -1.137151e+02 
1.337000e+04 -1.137213e+02 
1.338000e+04 -1.137275e+02 
1.339000e+04 -1.137337e+02 
1.340000e+04 -1.137399e+02 
1.341000e+04 -1.137461e+02 
1.342000e+04 -1.137523e+02 
1.343000e+04 -1.137584e+02 
1.344000e+04 -1.137646e+02 
1.345000e+04 -1.137708e+02 
1.346000e+04 -1.137769e+02 
1.347000e+04 -1.137831e+02 
1.348000e+04 -1.137892e+02 
1.349000e+04 -1.137954e+02 
1.350000e+04 -1.138015e+02 
1.351000e+04 -1.138077e+02 
1.352000e+04 -1.138138e+02 
1.353000e+04 -1.138199e+02 
1.354000e+04 -1.138261e+02 
1.355000e+04 -1.138322e+02 
1.356000e+04 -1.138383e+02 
1.357000e+04 -1.138444e+02 
1.358000e+04 -1.138505e+02 
1.359000e+04 -1.138566e+02 
1.360000e+04 -1.138627e+02 
1.361000e+04 -1.138688e+02 
1.362000e+04 -1.138749e+02 
1.363000e+04 -1.138810e+02 
1.364000e+04 -1.138871e+02 
1.365000e+04 -1.138932e+02 
1.366000e+04 -1.138992e+02 
1.367000e+04 -1.139053e+02 
1.368000e+04 -1.139114e+02 
1.369000e+04 -1.139174e+02 
1.370000e+04 -1.139235e+02 
1.371000e+04 -1.139295e+02 
1.372000e+04 -1.139355e+02 
1.373000e+04 -1.139416e+02 
1.374000e+04 -1.139476e+02 
1.375000e+04 -1.139537e+02 
1.376000e+04 -1.139597e+02 
1.377000e+04 -1.139657e+02 
1.378000e+04 -1.139717e+02 
1.379000e+04 -1.139777e+02 
1.380000e+04 -1.139837e+02 
1.381000e+04 -1.139897e+02 
1.382000e+04 -1.139957e+02 
1.383000e+04 -1.140017e+02 
1.384000e+04 -1.140077e+02 
1.385000e+04 -1.140137e+02 
1.386000e+04 -1.140197e+02 
1.387000e+04 -1.140257e+02 
1.388000e+04 -1.140316e+02 
1.389000e+04 -1.140376e+02 
1.390000e+04 -1.140436e+02 
1.391000e+04 -1.140495e+02 
1.392000e+04 -1.140555e+02 
1.393000e+04 -1.140614e+02 
1.394000e+04 -1.140674e+02 
1.395000e+04 -1.140733e+02 
1.396000e+04 -1.140792e+02 
1.397000e+04 -1.140851e+02 
1.398000e+04 -1.140910e+02 
1.399000e+04 -1.140970e+02 
1.400000e+04 -1.141358e+02 
1.401000e+04 -1.141091e+02 
1.402000e+04 -1.141149e+02 
1.403000e+04 -1.141207e+02 
1.404000e+04 -1.141266e+02 
1.405000e+04 -1.141325e+02 
1.406000e+04 -1.141384e+02 
1.407000e+04 -1.141442e+02 
1.408000e+04 -1.141501e+02 
1.409000e+04 -1.141560e+02 
1.410000e+04 -1.141618e+02 
1.411000e+04 -1.141677e+02 
1.412000e+04 -1.141735e+02 
1.413000e+04 -1.141794e+02 
1.414000e+04 -1.141852e+02 
1.415000e+04 -1.141911e+02 
1.416000e+04 -1.141969e+02 
1.417000e+04 -1.142027e+02 
1.418000e+04 -1.142086e+02 
1.419000e+04 -1.142144e+02 
1.420000e+04 -1.142202e+02 
1.421000e+04 -1.142260e+02 
1.422000e+04 -1.142318e+02 
1.423000e+04 -1.142376e+02 
1.424000e+04 -1.142434e+02 
1.425000e+04 -1.142492e+02 
1.426000e+04 -1.142549e+02 
1.427000e+04 -1.142607e+02 
1.428000e+04 -1.142665e+02 
1.429000e+04 -1.142723e+02 
1.430000e+04 -1.142780e+02 
1.431000e+04 -1.142838e+02 
1.432000e+04 -1.142896e+02 
1.433000e+04 -1.142953e+02 
1.434000e+04 -1.143011e+02 
1.435000e+04 -1.143068e+02 
1.436000e+04 -1.143126e+02 
1.437000e+04 -1.143183e+02 
1.438000e+04 -1.143240e+02 
1.439000e+04 -1.143298e+02 
1.440000e+04 -1.143355e+02 
1.441000e+04 -1.143412e+02 
1.442000e+04 -1.143469e+02 
1.443000e+04 -1.143526e+02 
1.444000e+04 -1.143583e+02 
1.445000e+04 -1.143640e+02 
1.446000e+04 -1.143697e+02 
1.447000e+04 -1.143754e+02 
1.448000e+04 -1.143811e+02 
1.449000e+04 -1.143868e+02 
1.450000e+04 -1.143925e+02 
1.451000e+04 -1.143981e+02 
1.452000e+04 -1.144038e+02 
1.453000e+04 -1.144095e+02 
1.454000e+04 -1.144151e+02 
1.455000e+04 -1.144208e+02 
1.456000e+04 -1.144265e+02 
1.457000e+04 -1.144321e+02 
1.458000e+04 -1.144378e+02 
1.459000e+04 -1.144434e+02 
1.460000e+04 -1.144490e+02 
1.461000e+04 -1.144547e+02 
1.462000e+04 -1.144603e+02 
1.463000e+04 -1.144659e+02 
1.464000e+04 -1.144715e+02 
1.465000e+04 -1.144772e+02 
1.466000e+04 -1.144828e+02 
1.467000e+04 -1.144884e+02 
1.468000e+04 -1.144940e+02 
1.469000e+04 -1.144996e+02 
1.470000e+04 -1.145052e+02 
1.471000e+04 -1.145108e+02 
1.472000e+04 -1.145164e+02 
1.473000e+04 -1.145219e+02 
1.474000e+04 -1.145275e+02 
1.475000e+04 -1.145331e+02 
1.476000e+04 -1.145387e+02 
1.477000e+04 -1.145442e+02 
1.478000e+04 -1.145498e+02 
1.479000e+04 -1.145553e+02 
1.480000e+04 -1.145609e+02 
1.481000e+04 -1.145665e+02 
1.482000e+04 -1.145720e+02 
1.483000e+04 -1.145775e+02 
1.484000e+04 -1.145830e+02 
1.485000e+04 -1.145886e+02 
1.486000e+04 -1.145941e+02 
1.487000e+04 -1.145996e+02 
1.488000e+04 -1.146051e+02 
1.489000e+04 -1.146106e+02 
1.490000e+04 -1.146161e+02 
1.491000e+04 -1.146216e+02 
1.492000e+04 -1.146272e+02 
1.493000e+04 -1.146326e+02 
1.494000e+04 -1.146381e+02 
1.495000e+04 -1.146436e+02 
1.496000e+04 -1.146491e+02 
1.497000e+04 -1.146546e+02 
1.498000e+04 -1.146601e+02 
1.499000e+04 -1.146656e+02 
1.500000e+04 -1.148054e+02 
1.501000e+04 -1.146759e+02 
1.502000e+04 -1.146814e+02 
1.503000e+04 -1.146869e+02 
1.504000e+04 -1.146923e+02 
1.505000e+04 -1.146978e+02 
1.506000e+04 -1.147032e+02 
1.507000e+04 -1.147087e+02 
1.508000e+04 -1.147141e+02 
1.509000e+04 -1.147195e+02 
1.510000e+04 -1.147249e+02 
1.511000e+04 -1.147304e+02 
1.512000e+04 -1.147358e+02 
1.513000e+04 -1.147412e+02 
1.514000e+04 -1.147466e+02 
1.515000e+04 -1.147520e+02 
1.516000e+04 -1.147574e+02 
1.517000e+04 -1.147628e+02 
1.518000e+04 -1.147682e+02 
1.519000e+04 -1.147735e+02 
1.520000e+04 -1.147789e+02 
1.521000e+04 -1.147843e+02 
1.522000e+04 -1.147897e+02 
1.523000e+04 -1.147951e+02 
1.524000e+04 -1.148004e+02 
1.525000e+04 -1.148058e+02 
1.526000e+04 -1.148111e+02 
1.527000e+04 -1.148165e+02 
1.528000e+04 -1.148219e+02 
1.529000e+04 -1.148272e+02 
1.530000e+04 -1.148326e+02 
1.531000e+04 -1.148379e+02 
1.532000e+04 -1.148432e+02 
1.533000e+04 -1.148486e+02 
1.534000e+04 -1.148539e+02 
1.535000e+04 -1.148593e+02 
1.536000e+04 -1.148646e+02 
1.537000e+04 -1.148699e+02 
1.538000e+04 -1.148752e+02 
1.539000e+04 -1.148806e+02 
1.540000e+04 -1.148859e+02 
1.541000e+04 -1.148912e+02 
1.542000e+04 -1.148965e+02 
1.543000e+04 -1.149018e+02 
1.544000e+04 -1.149071e+02 
1.545000e+04 -1.149124e+02 
1.546000e+04 -1.149177e+02 
1.547000e+04 -1.149230e+02 
1.548000e+04 -1.149283e+02 
1.549000e+04 -1.149336e+02 
1.550000e+04 -1.149388e+02 
1.551000e+04 -1.149441e+02 
1.552000e+04 -1.149494e+02 
1.553000e+04 -1.149546e+02 
1.554000e+04 -1.149599e+02 
1.555000e+04 -1.149651e+02 
1.556000e+04 -1.149704e+02 
1.557000e+04 -1.149757e+02 
1.558000e+04 -1.149809e+02 
1.559000e+04 -1.149861e+02 
1.560000e+04 -1.149914e+02 
1.561000e+04 -1.149966e+02 
1.562000e+04 -1.150019e+02 
1.563000e+04 -1.150071e+02 
1.564000e+04 -1.150123e+02 
1.565000e+04 -1.150175e+02 
1.566000e+04 -1.150227e+02 
1.567000e+04 -1.150280e+02 
1.568000e+04 -1.150332e+02 
1.569000e+04 -1.150383e+02 
1.570000e+04 -1.150436e+02 
1.571000e+04 -1.150487e+02 
1.572000e+04 -1.150540e+02 
1.573000e+04 -1.150591e+02 
1.574000e+04 -1.150643e+02 
1.575000e+04 -1.150695e+02 
1.576000e+04 -1.150747e+02 
1.577000e+04 -1.150798e+02 
1.578000e+04 -1.150850e+02 
1.579000e+04 -1.150902e+02 
1.580000e+04 -1.150954e+02 
1.581000e+04 -1.151005e+02 
1.582000e+04 -1.151057e+02 
1.583000e+04 -1.151108e+02 
1.584000e+04 -1.151160e+02 
1.585000e+04 -1.151211e+02 
1.586000e+04 -1.151263e+02 
1.587000e+04 -1.151314e+02 
1.588000e+04 -1.151365e+02 
1.589000e+04 -1.151417e+02 
1.590000e+04 -1.151468e+02 
1.591000e+04 -1.151519e+02 
1.592000e+04 -1.151571e+02 
1.593000e+04 -1.151622e+02 
1.594000e+04 -1.151673e+02 
1.595000e+04 -1.151724e+02 
1.596000e+04 -1.151775e+02 
1.597000e+04 -1.151826e+02 
1.598000e+04 -1.151877e+02 
1.599000e+04 -1.151928e+02 
1.600000e+04 -1.150986e+02 
1.601000e+04 -1.152029e+02 
1.602000e+04 -1.152080e+02 
1.603000e+04 -1.152132e+02 
1.604000e+04 -1.152183e+02 
1.605000e+04 -1.152233e+02 
1.606000e+04 -1.152284e+02 
1.607000e+04 -1.152335e+02 
1.608000e+04 -1.152385e+02 
1.609000e+04 -1.152436e+02 
1.610000e+04 -1.152487e+02 
1.611000e+04 -1.152537e+02 
1.612000e+04 -1.152588e+02 
1.613000e+04 -1.152638e+02 
1.614000e+04 -1.152689e+02 
1.615000e+04 -1.152739e+02 
1.616000e+04 -1.152790e+02 
1.617000e+04 -1.152840e+02 
1.618000e+04 -1.152890e+02 
1.619000e+04 -1.152940e+02 
1.620000e+04 -1.152991e+02 
1.621000e+04 -1.153041e+02 
1.622000e+04 -1.153091e+02 
1.623000e+04 -1.153141e+02 
1.624000e+04 -1.153192e+02 
1.625000e+04 -1.153242e+02 
1.626000e+04 -1.153292e+02 
1.627000e+04 -1.153342e+02 
1.628000e+04 -1.153392e+02 
1.629000e+04 -1.153442e+02 
1.630000e+04 -1.153492e+02 
1.631000e+04 -1.153541e+02 
1.632000e+04 -1.153591e+02 
1.633000e+04 -1.153641e+02 
1.634000e+04 -1.153691e+02 
1.635000e+04 -1.153741e+02 
1.636000e+04 -1.153791e+02 
1.637000e+04 -1.153840e+02 
1.638000e+04 -1.153890e+02 
1.639000e+04 -1.153939e+02 
1.640000e+04 -1.153989e+02 
1.641000e+04 -1.154039e+02 
1.642000e+04 -1.154088e+02 
1.643000e+04 -1.154137e+02 
1.644000e+04 -1.154187e+02 
1.645000e+04 -1.154236e+02 
1.646000e+04 -1.154286e+02 
1.647000e+04 -1.154335e+02 
1.648000e+04 -1.154384e+02 
1.649000e+04 -1.154434e+02 
1.650000e+04 -1.154483e+02 
1.651000e+04 -1.154532e+02 
1.652000e+04 -1.154581e+02 
1.653000e+04 -1.154630e+02 
1.654000e+04 -1.154679e+02 
1.655000e+04 -1.154729e+02 
1.656000e+04 -1.154778e+02 
1.657000e+04 -1.154827e+02 
1.658000e+04 -1.154876e+02 
1.659000e+04 -1.154925e+02 
1.660000e+04 -1.154973e+02 
1.661000e+04 -1.155022e+02 
1.662000e+04 -1.155071e+02 
1.663000e+04 -1.155120e+02 
1.664000e+04 -1.155169e+02 
1.665000e+04 -1.155218e+02 
1.666000e+04 -1.155266e+02 
1.667000e+04 -1.155315e+02 
1.668000e+04 -1.155363e+02 
1.669000e+04 -1.155412e+02 
1.670000e+04 -1.155461e+02 
1.671000e+04 -1.155510e+02 
1.672000e+04 -1.155558e+02 
1.673000e+04 -1.155607e+02 
1.674000e+04 -1.155655e+02 
1.675000e+04 -1.155704e+02 
1.676000e+04 -1.155752e+02 
1.677000e+04 -1.155800e+02 
1.678000e+04 -1.155849e+02 
1.679000e+04 -1.155897e+02 
1.680000e+04 -1.155945e+02 
1.681000e+04 -1.155993e+02 
1.682000e+04 -1.156041e+02 
1.683000e+04 -1.156089e+02 
1.684000e+04 -1.156137e+02 
1.685000e+04 -1.156186e+02 
1.686000e+04 -1.156233e+02 
1.687000e+04 -1.156281e+02 
1.688000e+04 -1.156329e+02 
1.689000e+04 -1.156377e+02 
1.690000e+04 -1.156425e+02 
1.691000e+04 -1.156473e+02 
1.692000e+04 -1.156520e+02 
1.693000e+04 -1.156568e+02 
1.694000e+04 -1.156616e+02 
1.695000e+04 -1.156664e+02 
1.696000e+04 -1.156712e+02 
1.697000e+04 -1.156760e+02 
1.698000e+04 -1.156809e+02 
1.699000e+04 -1.156858e+02 
1.700000e+04 -1.158936e+02 
1.701000e+04 -1.156944e+02 
1.702000e+04 -1.156989e+02 
1.703000e+04 -1.157037e+02 
1.704000e+04 -1.157084e+02 
1.705000e+04 -1.157132e+02 
1.706000e+04 -1.157179e+02 
1.707000e+04 -1.157226e+02 
1.708000e+04 -1.157273e+02 
1.709000e+04 -1.157320e+02 
1.710000e+04 -1.157367e+02 
1.711000e+04 -1.157414e+02 
1.712000e+04 -1.157460e+02 
1.713000e+04 -1.157507e+02 
1.714000e+04 -1.157554e+02 
1.715000e+04 -1.157601e+02 
1.716000e+04 -1.157648e+02 
1.717000e+04 -1.157694e+02 
1.718000e+04 -1.157741e+02 
1.719000e+04 -1.157788e+02 
1.720000e+04 -1.157835e+02 
1.721000e+04 -1.157881e+02 
1.722000e+04 -1.157928e+02 
1.723000e+04 -1.157975e+02 
1.724000e+04 -1.158021e+02 
1.725000e+04 -1.158068e+02 
1.726000e+04 -1.158114e+02 
1.727000e+04 -1.158161e+02 
1.728000e+04 -1.158208e+02 
1.729000e+04 -1.158254e+02 
1.730000e+04 -1.158301e+02 
1.731000e+04 -1.158347e+02 
1.732000e+04 -1.158394e+02 
1.733000e+04 -1.158440e+02 
1.734000e+04 -1.158486e+02 
1.735000e+04 -1.158533e+02 
1.736000e+04 -1.158579e+02 
1.737000e+04 -1.158625e+02 
1.738000e+04 -1.158672e+02 
1.739000e+04 -1.158718e+02 
1.740000e+04 -1.158764e+02 
1.741000e+04 -1.158810e+02 
1.742000e+04 -1.158857e+02 
1.743000e+04 -1.158903e+02 
1.744000e+04 -1.158949e+02 
1.745000e+04 -1.158995e+02 
1.746000e+04 -1.159041e+02 
1.747000e+04 -1.159087e+02 
1.748000e+04 -1.159133e+02 
1.749000e+04 -1.159179e+02 
1.750000e+04 -1.159225e+02 
1.751000e+04 -1.159271e+02 
1.752000e+04 -1.159317e+02 
1.753000e+04 -1.159363e+02 
1.754000e+04 -1.159409e+02 
1.755000e+04 -1.159455e+02 
1.756000e+04 -1.159500e+02 
1.757000e+04 -1.159546e+02 
1.758000e+04 -1.159592e+02 
1.759000e+04 -1.159638e+02 
1.760000e+04 -1.159683e+02 
1.761000e+04 -1.159729e+02 
1.762000e+04 -1.159774e+02 
1.763000e+04 -1.159820e+02 
1.764000e+04 -1.159865e+02 
1.765000e+04 -1.159911e+02 
1.766000e+04 -1.159957e+02 
1.767000e+04 -1.160002e+02 
1.768000e+04 -1.160048e+02 
1.769000e+04 -1.160093e+02 
1.770000e+04 -1.160138e+02 
1.771000e+04 -1.160184e+02 
1.772000e+04 -1.160229e+02 
1.773000e+04 -1.160274e+02 
1.774000e+04 -1.160320e+02 
1.775000e+04 -1.160365e+02 
1.776000e+04 -1.160410e+02 
1.777000e+04 -1.160455e+02 
1.778000e+04 -1.160500e+02 
1.779000e+04 -1.160545e+02 
1.780000e+04 -1.160590e+02 
1.781000e+04 -1.160635e+02 
1.782000e+04 -1.160680e+02 
1.783000e+04 -1.160725e+02 
1.784000e+04 -1.160770e+02 
1.785000e+04 -1.160815e+02 
1.786000e+04 -1.160860e+02 
1.787000e+04 -1.160905e+02 
1.788000e+04 -1.160950e+02 
1.789000e+04 -1.160994e+02 
1.790000e+04 -1.161039e+02 
1.791000e+04 -1.161084e+02 
1.792000e+04 -1.161129e+02 
1.793000e+04 -1.161173e+02 
1.794000e+04 -1.161218e+02 
1.795000e+04 -1.161262e+02 
1.796000e+04 -1.161307e+02 
1.797000e+04 -1.161352e+02 
1.798000e+04 -1.161396e+02 
1.799000e+04 -1.161440e+02 
1.800000e+04 -1.160780e+02 
1.801000e+04 -1.161527e+02 
1.802000e+04 -1.161573e+02 
1.803000e+04 -1.161618e+02 
1.804000e+04 -1.161663e+02 
1.805000e+04 -1.161708e+02 
1.806000e+04 -1.161752e+02 
1.807000e+04 -1.161796e+02 
1.808000e+04 -1.161841e+02 
1.809000e+04 -1.161885e+02 
1.810000e+04 -1.161929e+02 
1.811000e+04 -1.161974e+02 
1.812000e+04 -1.162018e+02 
1.813000e+04 -1.162062e+02 
1.814000e+04 -1.162107e+02 
1.815000e+04 -1.162151e+02 
1.816000e+04 -1.162195e+02 
1.817000e+04 -1.162239e+02 
1.818000e+04 -1.162283e+02 
1.819000e+04 -1.162327e+02 
1.820000e+04 -1.162371e+02 
1.821000e+04 -1.162415e+02 
1.822000e+04 -1.162459e+02 
1.823000e+04 -1.162503e+02 
1.824000e+04 -1.162547e+02 
1.825000e+04 -1.162591e+02 
1.826000e+04 -1.162635e+02 
1.827000e+04 -1.162679e+02 
1.828000e+04 -1.162723e+02 
1.829000e+04 -1.162767e+02 
1.830000e+04 -1.162810e+02 
1.831000e+04 -1.162854e+02 
1.832000e+04 -1.162898e+02 
1.833000e+04 -1.162942e+02 
1.834000e+04 -1.162985e+02 
1.835000e+04 -1.163029e+02 
1.836000e+04 -1.163072e+02 
1.837000e+04 -1.163116e+02 
1.838000e+04 -1.163160e+02 
1.839000e+04 -1.163203e+02 
1.840000e+04 -1.163246e+02 
1.841000e+04 -1.163290e+02 
1.842000e+04 -1.163334e+02 
1.843000e+04 -1.163377e+02 
1.844000e+04 -1.163420e+02 
1.845000e+04 -1.163464e+02 
1.846000e+04 -1.163507e+02 
1.847000e+04 -1.163551e+02 
1.848000e+04 -1.163594e+02 
1.849000e+04 -1.163637e+02 
1.850000e+04 -1.163680e+02 
1.851000e+04 -1.163724e+02 
1.852000e+04 -1.163767e+02 
1.853000e+04 -1.163810e+02 
1.854000e+04 -1.163853e+02 
1.855000e+04 -1.163896e+02 
1.856000e+04 -1.163940e+02 
1.857000e+04 -1.163983e+02 
1.858000e+04 -1.164026e+02 
1.859000e+04 -1.164069e+02 
1.860000e+04 -1.164112e+02 
1.861000e+04 -1.164155e+02 
1.862000e+04 -1.164198e+02 
1.863000e+04 -1.164241e+02 
1.864000e+04 -1.164283e+02 
1.865000e+04 -1.164326e+02 
1.866000e+04 -1.164369e+02 
1.867000e+04 -1.164412e+02 
1.868000e+04 -1.164455e+02 
1.869000e+04 -1.164498e+02 
1.870000e+04 -1.164540e+02 
1.871000e+04 -1.164583e+02 
1.872000e+04 -1.164626e+02 
1.873000e+04 -1.164669e+02 
1.874000e+04 -1.164711e+02 
1.875000e+04 -1.164754e+02 
1.876000e+04 -1.164796e+02 
1.877000e+04 -1.164839e+02 
1.878000e+04 -1.164882e+02 
1.879000e+04 -1.164924e+02 
1.880000e+04 -1.164966e+02 
1.881000e+04 -1.165009e+02 
1.882000e+04 -1.165051e+02 
1.883000e+04 -1.165094e+02 
1.884000e+04 -1.165136e+02 
1.885000e+04 -1.165178e+02 
1.886000e+04 -1.165220e+02 
1.887000e+04 -1.165263e+02 
1.888000e+04 -1.165305e+02 
1.889000e+04 -1.165347e+02 
1.890000e+04 -1.165389e+02 
1.891000e+04 -1.165431e+02 
1.892000e+04 -1.165473e+02 
1.893000e+04 -1.165515e+02 
1.894000e+04 -1.165557e+02 
1.895000e+04 -1.165599e+02 
1.896000e+04 -1.165641e+02 
1.897000e+04 -1.165684e+02 
1.898000e+04 -1.165728e+02 
1.899000e+04 -1.165773e+02 
1.900000e+04 -1.166933e+02 
1.901000e+04 -1.165845e+02 
1.902000e+04 -1.165884e+02 
1.903000e+04 -1.165926e+02 
1.904000e+04 -1.165967e+02 
1.905000e+04 -1.166009e+02 
1.906000e+04 -1.166050e+02 
1.907000e+04 -1.166092e+02 
1.908000e+04 -1.166133e+02 
1.909000e+04 -1.166174e+02 
1.910000e+04 -1.166215e+02 
1.911000e+04 -1.166256e+02 
1.912000e+04 -1.166298e+02 
1.913000e+04 -1.166338e+02 
1.914000e+04 -1.166380e+02 
1.915000e+04 -1.166421e+02 
1.916000e+04 -1.166462e+02 
1.917000e+04 -1.166503e+02 
1.918000e+04 -1.166544e+02 
1.919000e+04 -1.166585e+02 
1.920000e+04 -1.166626e+02 
1.921000e+04 -1.166667e+02 
1.922000e+04 -1.166708e+02 
1.923000e+04 -1.166749e+02 
1.924000e+04 -1.166789e+02 
1.925000e+04 -1.166831e+02 
1.926000e+04 -1.166872e+02 
1.927000e+04 -1.166912e+02 
1.928000e+04 -1.166953e+02 
1.929000e+04 -1.166994e+02 
1.930000e+04 -1.167035e+02 
1.931000e+04 -1.167076e+02 
1.932000e+04 -1.167117e+02 
1.933000e+04 -1.167158e+02 
1.934000e+04 -1.167198e+02 
1.935000e+04 -1.167239e+02 
1.936000e+04 -1.167280e+02 
1.937000e+04 -1.167321e+02 
1.938000e+04 -1.167361e+02 
1.939000e+04 -1.167403e+02 
1.940000e+04 -1.167443e+02 
1.941000e+04 -1.167484e+02 
1.942000e+04 -1.167524e+02 
1.943000e+04 -1.167565e+02 
1.944000e+04 -1.167606e+02 
1.945000e+04 -1.167646e+02 
1.946000e+04 -1.167687e+02 
1.947000e+04 -1.167727e+02 
1.948000e+04 -1.167768e+02 
1.949000e+04 -1.167808e+02 
1.950000e+04 -1.167849e+02 
1.951000e+04 -1.167890e+02 
1.952000e+04 -1.167930e+02 
1.953000e+04 -1.167970e+02 
1.954000e+04 -1.168011e+02 
1.955000e+04 -1.168051e+02 
1.956000e+04 -1.168092e+02 
1.957000e+04 -1.168132e+02 
1.958000e+04 -1.168172e+02 
1.959000e+04 -1.168213e+02 
1.960000e+04 -1.168253e+02 
1.961000e+04 -1.168293e+02 
1.962000e+04 -1.168333e+02 
1.963000e+04 -1.168373e+02 
1.964000e+04 -1.168414e+02 
1.965000e+04 -1.168454e+02 
1.966000e+04 -1.168494e+02 
1.967000e+04 -1.168534e+02 
1.968000e+04 -1.168574e+02 
1.969000e+04 -1.168614e+02 
1.970000e+04 -1.168654e+02 
1.971000e+04 -1.168694e+02 
1.972000e+04 -1.168734e+02 
1.973000e+04 -1.168774e+02 
1.974000e+04 -1.168814e+02 
1.975000e+04 -1.168854e+02 
1.976000e+04 -1.168894e+02 
1.977000e+04 -1.168934e+02 
1.978000e+04 -1.168974e+02 
1.979000e+04 -1.169013e+02 
1.980000e+04 -1.169053e+02 
1.981000e+04 -1.169093e+02 
1.982000e+04 -1.169133e+02 
1.983000e+04 -1.169172e+02 
1.984000e+04 -1.169212e+02 
1.985000e+04 -1.169252e+02 
1.986000e+04 -1.169291e+02 
1.987000e+04 -1.169331e+02 
1.988000e+04 -1.169371e+02 
1.989000e+04 -1.169410e+02 
1.990000e+04 -1.169450e+02 
1.991000e+04 -1.169490e+02 
1.992000e+04 -1.169529e+02 
1.993000e+04 -1.169569e+02 
1.994000e+04 -1.169608e+02 
1.995000e+04 -1.169648e+02 
1.996000e+04 -1.169687e+02 
1.997000e+04 -1.169726e+02 
1.998000e+04 -1.169765e+02 
1.999000e+04 -1.169804e+02 
2.000000e+04 -1.169890e+02 
2.001000e+04 -1.169884e+02 
2.002000e+04 -1.169924e+02 
2.003000e+04 -1.169963e+02 
2.004000e+04 -1.170003e+02 
2.005000e+04 -1.170042e+02 
2.006000e+04 -1.170081e+02 
2.007000e+04 -1.170121e+02 
2.008000e+04 -1.170160e+02 
2.009000e+04 -1.170199e+02 
2.010000e+04 -1.170238e+02 
2.011000e+04 -1.170277e+02 
2.012000e+04 -1.170316e+02 
2.013000e+04 -1.170356e+02 
2.014000e+04 -1.170395e+02 
2.015000e+04 -1.170434e+02 
2.016000e+04 -1.170473e+02 
2.017000e+04 -1.170512e+02 
2.018000e+04 -1.170551e+02 
2.019000e+04 -1.170590e+02 
2.020000e+04 -1.170629e+02 
2.021000e+04 -1.170668e+02 
2.022000e+04 -1.170707e+02 
2.023000e+04 -1.170746e+02 
2.024000e+04 -1.170785e+02 
2.025000e+04 -1.170824e+02 
2.026000e+04 -1.170863e+02 
2.027000e+04 -1.170901e+02 
2.028000e+04 -1.170940e+02 
2.029000e+04 -1.170979e+02 
2.030000e+04 -1.171018e+02 
2.031000e+04 -1.171056e+02 
2.032000e+04 -1.171095e+02 
2.033000e+04 -1.171134e+02 
2.034000e+04 -1.171172e+02 
2.035000e+04 -1.171211e+02 
2.036000e+04 -1.171250e+02 
2.037000e+04 -1.171288e+02 
2.038000e+04 -1.171327e+02 
2.039000e+04 -1.171365e+02 
2.040000e+04 -1.171404e+02 
2.041000e+04 -1.171442e+02 
2.042000e+04 -1.171481e+02 
2.043000e+04 -1.171519e+02 
2.044000e+04 -1.171557e+02 
2.045000e+04 -1.171596e+02 
2.046000e+04 -1.171635e+02 
2.047000e+04 -1.171673e+02 
2.048000e+04 -1.171711e+02 
2.049000e+04 -1.171750e+02 
2.050000e+04 -1.171788e+02 
2.051000e+04 -1.171826e+02 
2.052000e+04 -1.171864e+02 
2.053000e+04 -1.171903e+02 
2.054000e+04 -1.171941e+02 
2.055000e+04 -1.171979e+02 
2.056000e+04 -1.172018e+02 
2.057000e+04 -1.172056e+02 
2.058000e+04 -1.172094e+02 
2.059000e+04 -1.172132e+02 
2.060000e+04 -1.172170e+02 
2.061000e+04 -1.172208e+02 
2.062000e+04 -1.172246e+02 
2.063000e+04 -1.172284e+02 
2.064000e+04 -1.172322e+02 
2.065000e+04 -1.172360e+02 
2.066000e+04 -1.172398e+02 
2.067000e+04 -1.172436e+02 
2.068000e+04 -1.172474e+02 
2.069000e+04 -1.172512e+02 
2.070000e+04 -1.172550e+02 
2.071000e+04 -1.172588e+02 
2.072000e+04 -1.172626e+02 
2.073000e+04 -1.172664e+02 
2.074000e+04 -1.172701e+02 
2.075000e+04 -1.172739e+02 
2.076000e+04 -1.172777e+02 
2.077000e+04 -1.172815e+02 
2.078000e+04 -1.172853e+02 
2.079000e+04 -1.172890e+02 
2.080000e+04 -1.172928e+02 
2.081000e+04 -1.172965e+02 
2.082000e+04 -1.173003e+02 
2.083000e+04 -1.173041e+02 
2.084000e+04 -1.173078e+02 
2.085000e+04 -1.173115e+02 
2.086000e+04 -1.173153e+02 
2.087000e+04 -1.173190e+02 
2.088000e+04 -1.173228e+02 
2.089000e+04 -1.173265e+02 
2.090000e+04 -1.173303e+02 
2.091000e+04 -1.173340e+02 
2.092000e+04 -1.173377e+02 
2.093000e+04 -1.173415e+02 
2.094000e+04 -1.173452e+02 
2.095000e+04 -1.173489e+02 
2.096000e+04 -1.173527e+02 
2.097000e+04 -1.173565e+02 
2.098000e+04 -1.173603e+02 
2.099000e+04 -1.173643e+02 
2.100000e+04 -1.173540e+02 
2.101000e+04 -1.173707e+02 
2.102000e+04 -1.173743e+02 
2.103000e+04 -1.173779e+02 
2.104000e+04 -1.173817e+02 
2.105000e+04 -1.173854e+02 
2.106000e+04 -1.173890e+02 
2.107000e+04 -1.173927e+02 
2.108000e+04 -1.173964e+02 
2.109000e+04 -1.174000e+02 
2.110000e+04 -1.174037e+02 
2.111000e+04 -1.174074e+02 
2.112000e+04 -1.174110e+02 
2.113000e+04 -1.174146e+02 
2.114000e+04 -1.174183e+02 
2.115000e+04 -1.174219e+02 
2.116000e+04 -1.174256e+02 
2.117000e+04 -1.174292e+02 
2.118000e+04 -1.174329e+02 
2.119000e+04 -1.174365e+02 
2.120000e+04 -1.174401e+02 
2.121000e+04 -1.174438e+02 
2.122000e+04 -1.174474e+02 
2.123000e+04 -1.174511e+02 
2.124000e+04 -1.174547e+02 
2.125000e+04 -1.174584e+02 
2.126000e+04 -1.174620e+02 
2.127000e+04 -1.174657e+02 
2.128000e+04 -1.174693e+02 
2.129000e+04 -1.174729e+02 
2.130000e+04 -1.174765e+02 
2.131000e+04 -1.174802e+02 
2.132000e+04 -1.174838e+02 
2.133000e+04 -1.174874e+02 
2.134000e+04 -1.174911e+02 
2.135000e+04 -1.174947e+02 
2.136000e+04 -1.174983e+02 
2.137000e+04 -1.175020e+02 
2.138000e+04 -1.175056e+02 
2.139000e+04 -1.175092e+02 
2.140000e+04 -1.175128e+02 
2.141000e+04 -1.175164e+02 
2.142000e+04 -1.175200e+02 
2.143000e+04 -1.175237e+02 
2.144000e+04 -1.175273e+02 
2.145000e+04 -1.175309e+02 
2.146000e+04 -1.175345e+02 
2.147000e+04 -1.175381e+02 
2.148000e+04 -1.175417e+02 
2.149000e+04 -1.175453e+02 
2.150000e+04 -1.175489e+02 
2.151000e+04 -1.175525e+02 
2.152000e+04 -1.175561e+02 
2.153000e+04 -1.175597e+02 
2.154000e+04 -1.175633e+02 
2.155000e+04 -1.175669e+02 
2.156000e+04 -1.175705e+02 
2.157000e+04 -1.175741e+02 
2.158000e+04 -1.175777e+02 
2.159000e+04 -1.175813e+02 
2.160000e+04 -1.175849e+02 
2.161000e+04 -1.175884e+02 
2.162000e+04 -1.175920e+02 
2.163000e+04 -1.175956e+02 
2.164000e+04 -1.175992e+02 
2.165000e+04 -1.176027e+02 
2.166000e+04 -1.176063e+02 
2.167000e+04 -1.176099e+02 
2.168000e+04 -1.176135e+02 
2.169000e+04 -1.176170e+02 
2.170000e+04 -1.176206e+02 
2.171000e+04 -1.176242e+02 
2.172000e+04 -1.176277e+02 
2.173000e+04 -1.176313e+02 
2.174000e+04 -1.176348e+02 
2.175000e+04 -1.176384e+02 
2.176000e+04 -1.176419e+02 
2.177000e+04 -1.176455e+02 
2.178000e+04 -1.176491e+02 
2.179000e+04 -1.176526e+02 
2.180000e+04 -1.176562e+02 
2.181000e+04 -1.176597e+02 
2.182000e+04 -1.176633e+02 
2.183000e+04 -1.176668e+02 
2.184000e+04 -1.176703e+02 
2.185000e+04 -1.176739e+02 
2.186000e+04 -1.176774e+02 
2.187000e+04 -1.176810e+02 
2.188000e+04 -1.176845e+02 
2.189000e+04 -1.176880e+02 
2.190000e+04 -1.176916e+02 
2.191000e+04 -1.176951e+02 
2.192000e+04 -1.176987e+02 
2.193000e+04 -1.177022e+02 
2.194000e+04 -1.177057e+02 
2.195000e+04 -1.177092e+02 
2.196000e+04 -1.177127e+02 
2.197000e+04 -1.177162e+02 
2.198000e+04 -1.177197e+02 
2.199000e+04 -1.177232e+02 
2.200000e+04 -1.177182e+02 
2.201000e+04 -1.177307e+02 
2.202000e+04 -1.177341e+02 
2.203000e+04 -1.177376e+02 
2.204000e+04 -1.177411e+02 
2.205000e+04 -1.177446e+02 
2.206000e+04 -1.177481e+02 
2.207000e+04 -1.177516e+02 
2.208000e+04 -1.177551e+02 
2.209000e+04 -1.177586e+02 
2.210000e+04 -1.177621e+02 
2.211000e+04 -1.177656e+02 
2.212000e+04 -1.177691e+02 
2.213000e+04 -1.177726e+02 
2.214000e+04 -1.177761e+02 
2.215000e+04 -1.177795e+02 
2.216000e+04 -1.177830e+02 
2.217000e+04 -1.177865e+02 
2.218000e+04 -1.177900e+02 
2.219000e+04 -1.177935e+02 
2.220000e+04 -1.177970e+02 
2.221000e+04 -1.178004e+02 
2.222000e+04 -1.178039e+02 
2.223000e+04 -1.178074e+02 
2.224000e+04 -1.178108e+02 
2.225000e+04 -1.178143e+02 
2.226000e+04 -1.178178e+02 
2.227000e+04 -1.178212e+02 
2.228000e+04 -1.178247e+02 
2.229000e+04 -1.178281e+02 
2.230000e+04 -1.178316e+02 
2.231000e+04 -1.178350e+02 
2.232000e+04 -1.178385e+02 
2.233000e+04 -1.178419e+02 
2.234000e+04 -1.178454e+02 
2.235000e+04 -1.178488e+02 
2.236000e+04 -1.178523e+02 
2.237000e+04 -1.178557e+02 
2.238000e+04 -1.178591e+02 
2.239000e+04 -1.178626e+02 
2.240000e+04 -1.178660e+02 
2.241000e+04 -1.178694e+02 
2.242000e+04 -1.178729e+02 
2.243000e+04 -1.178763e+02 
2.244000e+04 -1.178798e+02 
2.245000e+04 -1.178832e+02 
2.246000e+04 -1.178866e+02 
2.247000e+04 -1.178900e+02 
2.248000e+04 -1.178935e+02 
2.249000e+04 -1.178969e+02 
2.250000e+04 -1.179003e+02 
2.251000e+04 -1.179037e+02 
2.252000e+04 -1.179071e+02 
2.253000e+04 -1.179105e+02 
2.254000e+04 -1.179139e+02 
2.255000e+04 -1.179173e+02 
2.256000e+04 -1.179207e+02 
2.257000e+04 -1.179242e+02 
2.258000e+04 -1.179276e+02 
2.259000e+04 -1.179309e+02 
2.260000e+04 -1.179343e+02 
2.261000e+04 -1.179377e+02 
2.262000e+04 -1.179412e+02 
2.263000e+04 -1.179445e+02 
2.264000e+04 -1.179479e+02 
2.265000e+04 -1.179513e+02 
2.266000e+04 -1.179547e+02 
2.267000e+04 -1.179581e+02 
2.268000e+04 -1.179615e+02 
2.269000e+04 -1.179649e+02 
2.270000e+04 -1.179682e+02 
2.271000e+04 -1.179716e+02 
2.272000e+04 -1.179750e+02 
2.273000e+04 -1.179784e+02 
2.274000e+04 -1.179818e+02 
2.275000e+04 -1.179852e+02 
2.276000e+04 -1.179885e+02 
2.277000e+04 -1.179919e+02 
2.278000e+04 -1.179953e+02 
2.279000e+04 -1.179986e+02 
2.280000e+04 -1.180020e+02 
2.281000e+04 -1.180053e+02 
2.282000e+04 -1.180087e+02 
2.283000e+04 -1.180120e+02 
2.284000e+04 -1.180154e+02 
2.285000e+04 -1.180187e+02 
2.286000e+04 -1.180221e+02 
2.287000e+04 -1.180255e+02 
2.288000e+04 -1.180288e+02 
2.289000e+04 -1.180321e+02 
2.290000e+04 -1.180354e+02 
2.291000e+04 -1.180388e+02 
2.292000e+04 -1.180421e+02 
2.293000e+04 -1.180454e+02 
2.294000e+04 -1.180488e+02 
2.295000e+04 -1.180521e+02 
2.296000e+04 -1.180555e+02 
2.297000e+04 -1.180588e+02 
2.298000e+04 -1.180622e+02 
2.299000e+04 -1.180657e+02 
2.300000e+04 -1.180510e+02 
2.301000e+04 -1.180718e+02 
2.302000e+04 -1.180749e+02 
2.303000e+04 -1.180782e+02 
2.304000e+04 -1.180815e+02 
2.305000e+04 -1.180848e+02 
2.306000e+04 -1.180881e+02 
2.307000e+04 -1.180914e+02 
2.308000e+04 -1.180947e+02 
2.309000e+04 -1.180980e+02 
2.310000e+04 -1.181013e+02 
2.311000e+04 -1.181045e+02 
2.312000e+04 -1.181078e+02 
2.313000e+04 -1.181111e+02 
2.314000e+04 -1.181144e+02 
2.315000e+04 -1.181176e+02 
2.316000e+04 -1.181209e+02 
2.317000e+04 -1.181242e+02 
2.318000e+04 -1.181274e+02 
2.319000e+04 -1.181307e+02 
2.320000e+04 -1.181340e+02 
2.321000e+04 -1.181372e+02 
2.322000e+04 -1.181405e+02 
2.323000e+04 -1.181437e+02 
2.324000e+04 -1.181470e+02 
2.325000e+04 -1.181503e+02 
2.326000e+04 -1.181536e+02 
2.327000e+04 -1.181568e+02 
2.328000e+04 -1.181600e+02 
2.329000e+04 -1.181633e+02 
2.330000e+04 -1.181666e+02 
2.331000e+04 -1.181698e+02 
2.332000e+04 -1.181731e+02 
2.333000e+04 -1.181763e+02 
2.334000e+04 -1.181796e+02 
2.335000e+04 -1.181828e+02 
2.336000e+04 -1.181861e+02 
2.337000e+04 -1.181894e+02 
2.338000e+04 -1.181926e+02 
2.339000e+04 -1.181958e+02 
2.340000e+04 -1.181991e+02 
2.341000e+04 -1.182023e+02 
2.342000e+04 -1.182056e+02 
2.343000e+04 -1.182088e+02 
2.344000e+04 -1.182121e+02 
2.345000e+04 -1.182153e+02 
2.346000e+04 -1.182185e+02 
2.347000e+04 -1.182218e+02 
2.348000e+04 -1.182250e+02 
2.349000e+04 -1.182282e+02 
2.350000e+04 -1.182314e+02 
2.351000e+04 -1.182347e+02 
2.352000e+04 -1.182379e+02 
2.353000e+04 -1.182411e+02 
2.354000e+04 -1.182444e+02 
2.355000e+04 -1.182476e+02 
2.356000e+04 -1.182508e+02 
2.357000e+04 -1.182540e+02 
2.358000e+04 -1.182572e+02 
2.359000e+04 -1.182605e+02 
2.360000e+04 -1.182636e+02 
2.361000e+04 -1.182669e+02 
2.362000e+04 -1.182701e+02 
2.363000e+04 -1.182733e+02 
2.364000e+04 -1.182765e+02 
2.365000e+04 -1.182797e+02 
2.366000e+04 -1.182829e+02 
2.367000e+04 -1.182861e+02 
2.368000e+04 -1.182893e+02 
2.369000e+04 -1.182925e+02 
2.370000e+04 -1.182957e+02 
2.371000e+04 -1.182989e+02 
2.372000e+04 -1.183021e+02 
2.373000e+04 -1.183053e+02 
2.374000e+04 -1.183085e+02 
2.375000e+04 -1.183117e+02 
2.376000e+04 -1.183149e+02 
2.377000e+04 -1.183181e+02 
2.378000e+04 -1.183213e+02 
2.379000e+04 -1.183244e+02 
2.380000e+04 -1.183276e+02 
2.381000e+04 -1.183308e+02 
2.382000e+04 -1.183340e+02 
2.383000e+04 -1.183372e+02 
2.384000e+04 -1.183403e+02 
2.385000e+04 -1.183435e+02 
2.386000e+04 -1.183468e+02 
2.387000e+04 -1.183499e+02 
2.388000e+04 -1.183531e+02 
2.389000e+04 -1.183562e+02 
2.390000e+04 -1.183594e+02 
2.391000e+04 -1.183626e+02 
2.392000e+04 -1.183658e+02 
2.393000e+04 -1.183689e+02 
2.394000e+04 -1.183721e+02 
2.395000e+04 -1.183753e+02 
2.396000e+04 -1.183784e+02 
2.397000e+04 -1.183816e+02 
2.398000e+04 -1.183847e+02 
2.399000e+04 -1.183878e+02 
2.400000e+04 -1.183118e+02 
2.401000e+04 -1.183945e+02 
2.402000e+04 -1.183976e+02 
2.403000e+04 -1.184008e+02 
2.404000e+04 -1.184039e+02 
2.405000e+04 -1.184071e+02 
2.406000e+04 -1.184102e+02 
2.407000e+04 -1.184133e+02 
2.408000e+04 -1.184165e+02 
2.409000e+04 -1.184196e+02 
2.410000e+04 -1.184228e+02 
2.411000e+04 -1.184259e+02 
2.412000e+04 -1.184291e+02 
2.413000e+04 -1.184322e+02 
2.414000e+04 -1.184353e+02 
2.415000e+04 -1.184385e+02 
2.416000e+04 -1.184416e+02 
2.417000e+04 -1.184447e+02 
2.418000e+04 -1.184478e+02 
2.419000e+04 -1.184510e+02 
2.420000e+04 -1.184541e+02 
2.421000e+04 -1.184572e+02 
2.422000e+04 -1.184603e+02 
2.423000e+04 -1.184634e+02 
2.424000e+04 -1.184666e+02 
2.425000e+04 -1.184697e+02 
2.426000e+04 -1.184728e+02 
2.427000e+04 -1.184759e+02 
2.428000e+04 -1.184790e+02 
2.429000e+04 -1.184821e+02 
2.430000e+04 -1.184852e+02 
2.431000e+04 -1.184883e+02 
2.432000e+04 -1.184914e+02 
2.433000e+04 -1.184945e+02 
2.434000e+04 -1.184976e+02 
2.435000e+04 -1.185008e+02 
2.436000e+04 -1.185038e+02 
2.437000e+04 -1.185069e+02 
2.438000e+04 -1.185100e+02 
2.439000e+04 -1.185131e+02 
2.440000e+04 -1.185161e+02 
2.441000e+04 -1.185192e+02 
2.442000e+04 -1.185224e+02 
2.443000e+04 -1.185255e+02 
2.444000e+04 -1.185285e+02 
2.445000e+04 -1.185316e+02 
2.446000e+04 -1.185347e+02 
2.447000e+04 -1.185378e+02 
2.448000e+04 -1.185408e+02 
2.449000e+04 -1.185439e+02 
2.450000e+04 -1.185470e+02 
2.451000e+04 -1.185500e+02 
2.452000e+04 -1.185531e+02 
2.453000e+04 -1.185562e+02 
2.454000e+04 -1.185593e+02 
2.455000e+04 -1.185623e+02 
2.456000e+04 -1.185654e+02 
2.457000e+04 -1.185684e+02 
2.458000e+04 -1.185716e+02 
2.459000e+04 -1.185746e+02 
2.460000e+04 -1.185777e+02 
2.461000e+04 -1.185807e+02 
2.462000e+04 -1.185838e+02 
2.463000e+04 -1.185868e+02 
2.464000e+04 -1.185899e+02 
2.465000e+04 -1.185929e+02 
2.466000e+04 -1.185960e+02 
2.467000e+04 -1.185990e+02 
2.468000e+04 -1.186021e+02 
2.469000e+04 -1.186051e+02 
2.470000e+04 -1.186082e+02 
2.471000e+04 -1.186112e+02 
2.472000e+04 -1.186142e+02 
2.473000e+04 -1.186173e+02 
2.474000e+04 -1.186203e+02 
2.475000e+04 -1.186233e+02 
2.476000e+04 -1.186264e+02 
2.477000e+04 -1.186294e+02 
2.478000e+04 -1.186325e+02 
2.479000e+04 -1.186355e+02 
2.480000e+04 -1.186385e+02 
2.481000e+04 -1.186415e+02 
2.482000e+04 -1.186446e+02 
2.483000e+04 -1.186476e+02 
2.484000e+04 -1.186506e+02 
2.485000e+04 -1.186536e+02 
2.486000e+04 -1.186566e+02 
2.487000e+04 -1.186596e+02 
2.488000e+04 -1.186626e+02 
2.489000e+04 -1.186657e+02 
2.490000e+04 -1.186686e+02 
2.491000e+04 -1.186716e+02 
2.492000e+04 -1.186747e+02 
2.493000e+04 -1.186777e+02 
2.494000e+04 -1.186807e+02 
2.495000e+04 -1.186837e+02 
2.496000e+04 -1.186867e+02 
2.497000e+04 -1.186897e+02 
2.498000e+04 -1.186928e+02 
2.499000e+04 -1.186960e+02 
2.500000e+04 -1.187469e+02 
2.501000e+04 -1.187014e+02 
2.502000e+04 -1.187042e+02 
2.503000e+04 -1.187071e+02 
2.504000e+04 -1.187101e+02 
2.505000e+04 -1.187131e+02 
2.506000e+04 -1.187160e+02 
2.507000e+04 -1.187190e+02 
2.508000e+04 -1.187220e+02 
2.509000e+04 -1.187249e+02 
2.510000e+04 -1.187279e+02 
2.511000e+04 -1.187308e+02 
2.512000e+04 -1.187337e+02 
2.513000e+04 -1.187367e+02 
2.514000e+04 -1.187396e+02 
2.515000e+04 -1.187426e+02 
2.516000e+04 -1.187455e+02 
2.517000e+04 -1.187485e+02 
2.518000e+04 -1.187514e+02 
2.519000e+04 -1.187544e+02 
2.520000e+04 -1.187573e+02 
2.521000e+04 -1.187603e+02 
2.522000e+04 -1.187631e+02 
2.523000e+04 -1.187662e+02 
2.524000e+04 -1.187691e+02 
2.525000e+04 -1.187720e+02 
2.526000e+04 -1.187749e+02 
2.527000e+04 -1.187779e+02 
2.528000e+04 -1.187808e+02 
2.529000e+04 -1.187838e+02 
2.530000e+04 -1.187867e+02 
2.531000e+04 -1.187896e+02 
2.532000e+04 -1.187926e+02 
2.533000e+04 -1.187955e+02 
2.534000e+04 -1.187984e+02 
2.535000e+04 -1.188013e+02 
2.536000e+04 -1.188043e+02 
2.537000e+04 -1.188072e+02 
2.538000e+04 -1.188101e+02 
2.539000e+04 -1.188130e+02 
2.540000e+04 -1.188160e+02 
2.541000e+04 -1.188189e+02 
2.542000e+04 -1.188218e+02 
2.543000e+04 -1.188247e+02 
2.544000e+04 -1.188277e+02 
2.545000e+04 -1.188306e+02 
2.546000e+04 -1.188335e+02 
2.547000e+04 -1.188364e+02 
2.548000e+04 -1.188393e+02 
2.549000e+04 -1.188423e+02 
2.550000e+04 -1.188452e+02 
2.551000e+04 -1.188481e+02 
2.552000e+04 -1.188510e+02 
2.553000e+04 -1.188539e+02 
2.554000e+04 -1.188568e+02 
2.555000e+04 -1.188597e+02 
2.556000e+04 -1.188626e+02 
2.557000e+04 -1.188655e+02 
2.558000e+04 -1.188684e+02 
2.559000e+04 -1.188713e+02 
2.560000e+04 -1.188742e+02 
2.561000e+04 -1.188771e+02 
2.562000e+04 -1.188800e+02 
2.563000e+04 -1.188829e+02 
2.564000e+04 -1.188858e+02 
2.565000e+04 -1.188887e+02 
2.566000e+04 -1.188915e+02 
2.567000e+04 -1.188945e+02 
2.568000e+04 -1.188973e+02 
2.569000e+04 -1.189002e+02 
2.570000e+04 -1.189031e+02 
2.571000e+04 -1.189060e+02 
2.572000e+04 -1.189089e+02 
2.573000e+04 -1.189118e+02 
2.574000e+04 -1.189146e+02 
2.575000e+04 -1.189175e+02 
2.576000e+04 -1.189204e+02 
2.577000e+04 -1.189232e+02 
2.578000e+04 -1.189261e+02 
2.579000e+04 -1.189290e+02 
2.580000e+04 -1.189319e+02 
2.581000e+04 -1.189347e+02 
2.582000e+04 -1.189376e+02 
2.583000e+04 -1.189405e+02 
2.584000e+04 -1.189434e+02 
2.585000e+04 -1.189462e+02 
2.586000e+04 -1.189491e+02 
2.587000e+04 -1.189519e+02 
2.588000e+04 -1.189548e+02 
2.589000e+04 -1.189576e+02 
2.590000e+04 -1.189604e+02 
2.591000e+04 -1.189633e+02 
2.592000e+04 -1.189662e+02 
2.593000e+04 -1.189691e+02 
2.594000e+04 -1.189719e+02 
2.595000e+04 -1.189747e+02 
2.596000e+04 -1.189776e+02 
2.597000e+04 -1.189804e+02 
2.598000e+04 -1.189832e+02 
2.599000e+04 -1.189860e+02 
2.600000e+04 -1.188868e+02 
2.601000e+04 -1.189918e+02 
2.602000e+04 -1.189947e+02 
2.603000e+04 -1.189976e+02 
2.604000e+04 -1.190004e+02 
2.605000e+04 -1.190033e+02 
2.606000e+04 -1.190061e+02 
2.607000e+04 -1.190090e+02 
2.608000e+04 -1.190118e+02 
2.609000e+04 -1.190146e+02 
2.610000e+04 -1.190175e+02 
2.611000e+04 -1.190203e+02 
2.612000e+04 -1.190232e+02 
2.613000e+04 -1.190260e+02 
2.614000e+04 -1.190289e+02 
2.615000e+04 -1.190317e+02 
2.616000e+04 -1.190345e+02 
2.617000e+04 -1.190374e+02 
2.618000e+04 -1.190402e+02 
2.619000e+04 -1.190430e+02 
2.620000e+04 -1.190458e+02 
2.621000e+04 -1.190487e+02 
2.622000e+04 -1.190515e+02 
2.623000e+04 -1.190543e+02 
2.624000e+04 -1.190571e+02 
2.625000e+04 -1.190599e+02 
2.626000e+04 -1.190628e+02 
2.627000e+04 -1.190656e+02 
2.628000e+04 -1.190684e+02 
2.629000e+04 -1.190712e+02 
2.630000e+04 -1.190740e+02 
2.631000e+04 -1.190768e+02 
2.632000e+04 -1.190796e+02 
2.633000e+04 -1.190824e+02 
2.634000e+04 -1.190853e+02 
2.635000e+04 -1.190880e+02 
2.636000e+04 -1.190909e+02 
2.637000e+04 -1.190937e+02 
2.638000e+04 -1.190965e+02 
2.639000e+04 -1.190993e+02 
2.640000e+04 -1.191021e+02 
2.641000e+04 -1.191048e+02 
2.642000e+04 -1.191077e+02 
2.643000e+04 -1.191104e+02 
2.644000e+04 -1.191133e+02 
2.645000e+04 -1.191160e+02 
2.646000e+04 -1.191188e+02 
2.647000e+04 -1.191217e+02 
2.648000e+04 -1.191244e+02 
2.649000e+04 -1.191272e+02 
2.650000e+04 -1.191300e+02 
2.651000e+04 -1.191328e+02 
2.652000e+04 -1.191355e+02 
2.653000e+04 -1.191383e+02 
2.654000e+04 -1.191411e+02 
2.655000e+04 -1.191439e+02 
2.656000e+04 -1.191466e+02 
2.657000e+04 -1.191495e+02 
2.658000e+04 -1.191522e+02 
2.659000e+04 -1.191550e+02 
2.660000e+04 -1.191578e+02 
2.661000e+04 -1.191605e+02 
2.662000e+04 -1.191633e+02 
2.663000e+04 -1.191660e+02 
2.664000e+04 -1.191689e+02 
2.665000e+04 -1.191716e+02 
2.666000e+04 -1.191744e+02 
2.667000e+04 -1.191771e+02 
2.668000e+04 -1.191799e+02 
2.669000e+04 -1.191827e+02 
2.670000e+04 -1.191854e+02 
2.671000e+04 -1.191882e+02 
2.672000e+04 -1.191909e+02 
2.673000e+04 -1.191937e+02 
2.674000e+04 -1.191965e+02 
2.675000e+04 -1.191992e+02 
2.676000e+04 -1.192020e+02 
2.677000e+04 -1.192047e+02 
2.678000e+04 -1.192075e+02 
2.679000e+04 -1.192102e+02 
2.680000e+04 -1.192130e+02 
2.681000e+04 -1.192158e+02 
2.682000e+04 -1.192184e+02 
2.683000e+04 -1.192212e+02 
2.684000e+04 -1.192239e+02 
2.685000e+04 -1.192267e+02 
2.686000e+04 -1.192294e+02 
2.687000e+04 -1.192321e+02 
2.688000e+04 -1.192349e+02 
2.689000e+04 -1.192376e+02 
2.690000e+04 -1.192403e+02 
2.691000e+04 -1.192431e+02 
2.692000e+04 -1.192458e+02 
2.693000e+04 -1.192485e+02 
2.694000e+04 -1.192512e+02 
2.695000e+04 -1.192539e+02 
2.696000e+04 -1.192567e+02 
2.697000e+04 -1.192594e+02 
2.698000e+04 -1.192623e+02 
2.699000e+04 -1.192653e+02 
2.700000e+04 -1.193016e+02 
2.701000e+04 -1.192701e+02 
2.702000e+04 -1.192725e+02 
2.703000e+04 -1.192752e+02 
2.704000e+04 -1.192779e+02 
2.705000e+04 -1.192805e+02 
2.706000e+04 -1.192832e+02 
2.707000e+04 -1.192859e+02 
2.708000e+04 -1.192885e+02 
2.709000e+04 -1.192912e+02 
2.710000e+04 -1.192939e+02 
2.711000e+04 -1.192965e+02 
2.712000e+04 -1.192992e+02 
2.713000e+04 -1.193018e+02 
2.714000e+04 -1.193045e+02 
2.715000e+04 -1.193072e+02 
2.716000e+04 -1.193098e+02 
2.717000e+04 -1.193125e+02 
2.718000e+04 -1.193151e+02 
2.719000e+04 -1.193178e+02 
2.720000e+04 -1.193204e+02 
2.721000e+04 -1.193231e+02 
2.722000e+04 -1.193258e+02 
2.723000e+04 -1.193284e+02 
2.724000e+04 -1.193310e+02 
2.725000e+04 -1.193337e+02 
2.726000e+04 -1.193364e+02 
2.727000e+04 -1.193391e+02 
2.728000e+04 -1.193417e+02 
2.729000e+04 -1.193443e+02 
2.730000e+04 -1.193470e+02 
2.731000e+04 -1.193497e+02 
2.732000e+04 -1.193523e+02 
2.733000e+04 -1.193550e+02 
2.734000e+04 -1.193576e+02 
2.735000e+04 -1.193603e+02 
2.736000e+04 -1.193629e+02 
2.737000e+04 -1.193656e+02 
2.738000e+04 -1.193682e+02 
2.739000e+04 -1.193708e+02 
2.740000e+04 -1.193735e+02 
2.741000e+04 -1.193761e+02 
2.742000e+04 -1.193788e+02 
2.743000e+04 -1.193814e+02 
2.744000e+04 -1.193841e+02 
2.745000e+04 -1.193867e+02 
2.746000e+04 -1.193894e+02 
2.747000e+04 -1.193920e+02 
2.748000e+04 -1.193946e+02 
2.749000e+04 -1.193973e+02 
2.750000e+04 -1.193999e+02 
2.751000e+04 -1.194026e+02 
2.752000e+04 -1.194052e+02 
2.753000e+04 -1.194078e+02 
2.754000e+04 -1.194105e+02 
2.755000e+04 -1.194131e+02 
2.756000e+04 -1.194157e+02 
2.757000e+04 -1.194183e+02 
2.758000e+04 -1.194210e+02 
2.759000e+04 -1.194236e+02 
2.760000e+04 -1.194262e+02 
2.761000e+04 -1.194289e+02 
2.762000e+04 -1.194315e+02 
2.763000e+04 -1.194341e+02 
2.764000e+04 -1.194367e+02 
2.765000e+04 -1.194394e+02 
2.766000e+04 -1.194419e+02 
2.767000e+04 -1.194446e+02 
2.768000e+04 -1.194472e+02 
2.769000e+04 -1.194498e+02 
2.770000e+04 -1.194524e+02 
2.771000e+04 -1.194550e+02 
2.772000e+04 -1.194576e+02 
2.773000e+04 -1.194602e+02 
2.774000e+04 -1.194628e+02 
2.775000e+04 -1.194655e+02 
2.776000e+04 -1.194681e+02 
2.777000e+04 -1.194707e+02 
2.778000e+04 -1.194733e+02 
2.779000e+04 -1.194758e+02 
2.780000e+04 -1.194784e+02 
2.781000e+04 -1.194811e+02 
2.782000e+04 -1.194836e+02 
2.783000e+04 -1.194862e+02 
2.784000e+04 -1.194888e+02 
2.785000e+04 -1.194915e+02 
2.786000e+04 -1.194940e+02 
2.787000e+04 -1.194966e+02 
2.788000e+04 -1.194992e+02 
2.789000e+04 -1.195018e+02 
2.790000e+04 -1.195044e+02 
2.791000e+04 -1.195070e+02 
2.792000e+04 -1.195095e+02 
2.793000e+04 -1.195121e+02 
2.794000e+04 -1.195147e+02 
2.795000e+04 -1.195173e+02 
2.796000e+04 -1.195198e+02 
2.797000e+04 -1.195224e+02 
2.798000e+04 -1.195250e+02 
2.799000e+04 -1.195275e+02 
2.800000e+04 -1.194680e+02 
2.801000e+04 -1.195327e+02 
2.802000e+04 -1.195353e+02 
2.803000e+04 -1.195379e+02 
2.804000e+04 -1.195405e+02 
2.805000e+04 -1.195431e+02 
2.806000e+04 -1.195457e+02 
2.807000e+04 -1.195483e+02 
2.808000e+04 -1.195509e+02 
2.809000e+04 -1.195534e+02 
2.810000e+04 -1.195560e+02 
2.811000e+04 -1.195586e+02 
2.812000e+04 -1.195612e+02 
2.813000e+04 -1.195637e+02 
2.814000e+04 -1.195664e+02 
2.815000e+04 -1.195689e+02 
2.816000e+04 -1.195715e+02 
2.817000e+04 -1.195740e+02 
2.818000e+04 -1.195766e+02 
2.819000e+04 -1.195792e+02 
2.820000e+04 -1.195817e+02 
2.821000e+04 -1.195843e+02 
2.822000e+04 -1.195869e+02 
2.823000e+04 -1.195894e+02 
2.824000e+04 -1.195920e+02 
2.825000e+04 -1.195946e+02 
2.826000e+04 -1.195971e+02 
2.827000e+04 -1.195997e+02 
2.828000e+04 -1.196022e+02 
2.829000e+04 -1.196048e+02 
2.830000e+04 -1.196074e+02 
2.831000e+04 -1.196099e+02 
2.832000e+04 -1.196124e+02 
2.833000e+04 -1.196150e+02 
2.834000e+04 -1.196176e+02 
2.835000e+04 -1.196201e+02 
2.836000e+04 -1.196226e+02 
2.837000e+04 -1.196252e+02 
2.838000e+04 -1.196278e+02 
2.839000e+04 -1.196303e+02 
2.840000e+04 -1.196328e+02 
2.841000e+04 -1.196354e+02 
2.842000e+04 -1.196379e+02 
2.843000e+04 -1.196404e+02 
2.844000e+04 -1.196430e+02 
2.845000e+04 -1.196455e+02 
2.846000e+04 -1.196480e+02 
2.847000e+04 -1.196506e+02 
2.848000e+04 -1.196531e+02 
2.849000e+04 -1.196557e+02 
2.850000e+04 -1.196582e+02 
2.851000e+04 -1.196607e+02 
2.852000e+04 -1.196633e+02 
2.853000e+04 -1.196658e+02 
2.854000e+04 -1.196683e+02 
2.855000e+04 -1.196708e+02 
2.856000e+04 -1.196734e+02 
2.857000e+04 -1.196759e+02 
2.858000e+04 -1.196784e+02 
2.859000e+04 -1.196809e+02 
2.860000e+04 -1.196835e+02 
2.861000e+04 -1.196859e+02 
2.862000e+04 -1.196885e+02 
2.863000e+04 -1.196910e+02 
2.864000e+04 -1.196935e+02 
2.865000e+04 -1.196960e+02 
2.866000e+04 -1.196986e+02 
2.867000e+04 -1.197011e+02 
2.868000e+04 -1.197036e+02 
2.869000e+04 -1.197061e+02 
2.870000e+04 -1.197086e+02 
2.871000e+04 -1.197112e+02 
2.872000e+04 -1.197137e+02 
2.873000e+04 -1.197162e+02 
2.874000e+04 -1.197186e+02 
2.875000e+04 -1.197212e+02 
2.876000e+04 -1.197237e+02 
2.877000e+04 -1.197262e+02 
2.878000e+04 -1.197287e+02 
2.879000e+04 -1.197312e+02 
2.880000e+04 -1.197337e+02 
2.881000e+04 -1.197362e+02 
2.882000e+04 -1.197387e+02 
2.883000e+04 -1.197412e+02 
2.884000e+04 -1.197437e+02 
2.885000e+04 -1.197462e+02 
2.886000e+04 -1.197487e+02 
2.887000e+04 -1.197512e+02 
2.888000e+04 -1.197537e+02 
2.889000e+04 -1.197562e+02 
2.890000e+04 -1.197587e+02 
2.891000e+04 -1.197611e+02 
2.892000e+04 -1.197636e+02 
2.893000e+04 -1.197661e+02 
2.894000e+04 -1.197686e+02 
2.895000e+04 -1.197710e+02 
2.896000e+04 -1.197735e+02 
2.897000e+04 -1.197760e+02 
2.898000e+04 -1.197787e+02 
2.899000e+04 -1.197814e+02 
2.900000e+04 -1.197477e+02 
2.901000e+04 -1.197858e+02 
2.902000e+04 -1.197880e+02 
2.903000e+04 -1.197904e+02 
2.904000e+04 -1.197928e+02 
2.905000e+04 -1.197952e+02 
2.906000e+04 -1.197977e+02 
2.907000e+04 -1.198001e+02 
2.908000e+04 -1.198026e+02 
2.909000e+04 -1.198050e+02 
2.910000e+04 -1.198074e+02 
2.911000e+04 -1.198098e+02 
2.912000e+04 -1.198122e+02 
2.913000e+04 -1.198146e+02 
2.914000e+04 -1.198170e+02 
2.915000e+04 -1.198195e+02 
2.916000e+04 -1.198219e+02 
2.917000e+04 -1.198243e+02 
2.918000e+04 -1.198267e+02 
2.919000e+04 -1.198292e+02 
2.920000e+04 -1.198315e+02 
2.921000e+04 -1.198340e+02 
2.922000e+04 -1.198364e+02 
2.923000e+04 -1.198388e+02 
2.924000e+04 -1.198412e+02 
2.925000e+04 -1.198436e+02 
2.926000e+04 -1.198460e+02 
2.927000e+04 -1.198484e+02 
2.928000e+04 -1.198508e+02 
2.929000e+04 -1.198533e+02 
2.930000e+04 -1.198556e+02 
2.931000e+04 -1.198580e+02 
2.932000e+04 -1.198604e+02 
2.933000e+04 -1.198629e+02 
2.934000e+04 -1.198653e+02 
2.935000e+04 -1.198677e+02 
2.936000e+04 -1.198701e+02 
2.937000e+04 -1.198725e+02 
2.938000e+04 -1.198749e+02 
2.939000e+04 -1.198773e+02 
2.940000e+04 -1.198797e+02 
2.941000e+04 -1.198821e+02 
2.942000e+04 -1.198845e+02 
2.943000e+04 -1.198869e+02 
2.944000e+04 -1.198893e+02 
2.945000e+04 -1.198917e+02 
2.946000e+04 -1.198941e+02 
2.947000e+04 -1.198965e+02 
2.948000e+04 -1.198989e+02 
2.949000e+04 -1.199013e+02 
2.950000e+04 -1.199037e+02 
2.951000e+04 -1.199061e+02 
2.952000e+04 -1.199085e+02 
2.953000e+04 -1.199109e+02 
2.954000e+04 -1.199133e+02 
2.955000e+04 -1.199157e+02 
2.956000e+04 -1.199181e+02 
2.957000e+04 -1.199205e+02 
2.958000e+04 -1.199229e+02 
2.959000e+04 -1.199252e+02 
2.960000e+04 -1.199276e+02 
2.961000e+04 -1.199300e+02 
2.962000e+04 -1.199324e+02 
2.963000e+04 -1.199348e+02 
2.964000e+04 -1.199372e+02 
2.965000e+04 -1.199396e+02 
2.966000e+04 -1.199419e+02 
2.967000e+04 -1.199443e+02 
2.968000e+04 -1.199467e+02 
2.969000e+04 -1.199491e+02 
2.970000e+04 -1.199515e+02 
2.971000e+04 -1.199538e+02 
2.972000e+04 -1.199562e+02 
2.973000e+04 -1.199586e+02 
2.974000e+04 -1.199609e+02 
2.975000e+04 -1.199633e+02 
2.976000e+04 -1.199657e+02 
2.977000e+04 -1.199681e+02 
2.978000e+04 -1.199705e+02 
2.979000e+04 -1.199728e+02 
2.980000e+04 -1.199752e+02 
2.981000e+04 -1.199776e+02 
2.982000e+04 -1.199799e+02 
2.983000e+04 -1.199823e+02 
2.984000e+04 -1.199846e+02 
2.985000e+04 -1.199870e+02 
2.986000e+04 -1.199894e+02 
2.987000e+04 -1.199917e+02 
2.988000e+04 -1.199941e+02 
2.989000e+04 -1.199965e+02 
2.990000e+04 -1.199988e+02 
2.991000e+04 -1.200012e+02 
2.992000e+04 -1.200035e+02 
2.993000e+04 -1.200059e+02 
2.994000e+04 -1.200082e+02 
2.995000e+04 -1.200106e+02 
2.996000e+04 -1.200129e+02 
2.997000e+04 -1.200152e+02 
2.998000e+04 -1.200176e+02 
2.999000e+04 -1.200198e+02 
3.000000e+04 -1.199686e+02 
3.001000e+04 -1.200249e+02 
3.002000e+04 -1.200273e+02 
3.003000e+04 -1.200297e+02 
3.004000e+04 -1.200320e+02 
3.005000e+04 -1.200343e+02 
3.006000e+04 -1.200367e+02 
3.007000e+04 -1.200390e+02 
3.008000e+04 -1.200414e+02 
3.009000e+04 -1.200437e+02 
3.010000e+04 -1.200461e+02 
3.011000e+04 -1.200485e+02 
3.012000e+04 -1.200508e+02 
3.013000e+04 -1.200531e+02 
3.014000e+04 -1.200554e+02 
3.015000e+04 -1.200578e+02 
3.016000e+04 -1.200602e+02 
3.017000e+04 -1.200625e+02 
3.018000e+04 -1.200648e+02 
3.019000e+04 -1.200672e+02 
3.020000e+04 -1.200695e+02 
3.021000e+04 -1.200718e+02 
3.022000e+04 -1.200742e+02 
3.023000e+04 -1.200765e+02 
3.024000e+04 -1.200789e+02 
3.025000e+04 -1.200812e+02 
3.026000e+04 -1.200835e+02 
3.027000e+04 -1.200858e+02 
3.028000e+04 -1.200882e+02 
3.029000e+04 -1.200905e+02 
3.030000e+04 -1.200928e+02 
3.031000e+04 -1.200952e+02 
3.032000e+04 -1.200975e+02 
3.033000e+04 -1.200998e+02 
3.034000e+04 -1.201021e+02 
3.035000e+04 -1.201044e+02 
3.036000e+04 -1.201067e+02 
3.037000e+04 -1.201091e+02 
3.038000e+04 -1.201114e+02 
3.039000e+04 -1.201137e+02 
3.040000e+04 -1.201160e+02 
3.041000e+04 -1.201183e+02 
3.042000e+04 -1.201206e+02 
3.043000e+04 -1.201230e+02 
3.044000e+04 -1.201253e+02 
3.045000e+04 -1.201276e+02 
3.046000e+04 -1.201299e+02 
3.047000e+04 -1.201322e+02 
3.048000e+04 -1.201345e+02 
3.049000e+04 -1.201368e+02 
3.050000e+04 -1.201391e+02 
3.051000e+04 -1.201414e+02 
3.052000e+04 -1.201437e+02 
3.053000e+04 -1.201460e+02 
3.054000e+04 -1.201483e+02 
3.055000e+04 -1.201506e+02 
3.056000e+04 -1.201529e+02 
3.057000e+04 -1.201552e+02 
3.058000e+04 -1.201575e+02 
3.059000e+04 -1.201598e+02 
3.060000e+04 -1.201621e+02 
3.061000e+04 -1.201644e+02 
3.062000e+04 -1.201667e+02 
3.063000e+04 -1.201690e+02 
3.064000e+04 -1.201713e+02 
3.065000e+04 -1.201736e+02 
3.066000e+04 -1.201759e+02 
3.067000e+04 -1.201782e+02 
3.068000e+04 -1.201805e+02 
3.069000e+04 -1.201828e+02 
3.070000e+04 -1.201850e+02 
3.071000e+04 -1.201873e+02 
3.072000e+04 -1.201896e+02 
3.073000e+04 -1.201919e+02 
3.074000e+04 -1.201942e+02 
3.075000e+04 -1.201965e+02 
3.076000e+04 -1.201988e+02 
3.077000e+04 -1.202010e+02 
3.078000e+04 -1.202033e+02 
3.079000e+04 -1.202056e+02 
3.080000e+04 -1.202079e+02 
3.081000e+04 -1.202102e+02 
3.082000e+04 -1.202124e+02 
3.083000e+04 -1.202148e+02 
3.084000e+04 -1.202170e+02 
3.085000e+04 -1.202193e+02 
3.086000e+04 -1.202216e+02 
3.087000e+04 -1.202238e+02 
3.088000e+04 -1.202261e+02 
3.089000e+04 -1.202283e+02 
3.090000e+04 -1.202306e+02 
3.091000e+04 -1.202329e+02 
3.092000e+04 -1.202351e+02 
3.093000e+04 -1.202374e+02 
3.094000e+04 -1.202397e+02 
3.095000e+04 -1.202419e+02 
3.096000e+04 -1.202442e+02 
3.097000e+04 -1.202465e+02 
3.098000e+04 -1.202488e+02 
3.099000e+04 -1.202513e+02 
3.100000e+04 -1.201693e+02 
3.101000e+04 -1.202556e+02 
3.102000e+04 -1.202575e+02 
3.103000e+04 -1.202597e+02 
3.104000e+04 -1.202619e+02 
3.105000e+04 -1.202642e+02 
3.106000e+04 -1.202664e+02 
3.107000e+04 -1.202685e+02 
3.108000e+04 -1.202708e+02 
3.109000e+04 -1.202730e+02 
3.110000e+04 -1.202752e+02 
3.111000e+04 -1.202774e+02 
3.112000e+04 -1.202796e+02 
3.113000e+04 -1.202818e+02 
3.114000e+04 -1.202841e+02 
3.115000e+04 -1.202863e+02 
3.116000e+04 -1.202885e+02 
3.117000e+04 -1.202907e+02 
3.118000e+04 -1.202929e+02 
3.119000e+04 -1.202951e+02 
3.120000e+04 -1.202973e+02 
3.121000e+04 -1.202995e+02 
3.122000e+04 -1.203017e+02 
3.123000e+04 -1.203039e+02 
3.124000e+04 -1.203061e+02 
3.125000e+04 -1.203083e+02 
3.126000e+04 -1.203105e+02 
3.127000e+04 -1.203127e+02 
3.128000e+04 -1.203149e+02 
3.129000e+04 -1.203171e+02 
3.130000e+04 -1.203193e+02 
3.131000e+04 -1.203216e+02 
3.132000e+04 -1.203237e+02 
3.133000e+04 -1.203259e+02 
3.134000e+04 -1.203282e+02 
3.135000e+04 -1.203303e+02 
3.136000e+04 -1.203325e+02 
3.137000e+04 -1.203347e+02 
3.138000e+04 -1.203369e+02 
3.139000e+04 -1.203391e+02 
3.140000e+04 -1.203413e+02 
3.141000e+04 -1.203435e+02 
3.142000e+04 -1.203457e+02 
3.143000e+04 -1.203479e+02 
3.144000e+04 -1.203500e+02 
3.145000e+04 -1.203522e+02 
3.146000e+04 -1.203545e+02 
3.147000e+04 -1.203566e+02 
3.148000e+04 -1.203588e+02 
3.149000e+04 -1.203610e+02 
3.150000e+04 -1.203632e+02 
3.151000e+04 -1.203654e+02 
3.152000e+04 -1.203676e+02 
3.153000e+04 -1.203698e+02 
3.154000e+04 -1.203719e+02 
3.155000e+04 -1.203741e+02 
3.156000e+04 -1.203763e+02 
3.157000e+04 -1.203785e+02 
3.158000e+04 -1.203807e+02 
3.159000e+04 -1.203829e+02 
3.160000e+04 -1.203851e+02 
3.161000e+04 -1.203872e+02 
3.162000e+04 -1.203894e+02 
3.163000e+04 -1.203916e+02 
3.164000e+04 -1.203938e+02 
3.165000e+04 -1.203960e+02 
3.166000e+04 -1.203981e+02 
3.167000e+04 -1.204003e+02 
3.168000e+04 -1.204025e+02 
3.169000e+04 -1.204046e+02 
3.170000e+04 -1.204068e+02 
3.171000e+04 -1.204090e+02 
3.172000e+04 -1.204112e+02 
3.173000e+04 -1.204133e+02 
3.174000e+04 -1.204155e+02 
3.175000e+04 -1.204176e+02 
3.176000e+04 -1.204198e+02 
3.177000e+04 -1.204220e+02 
3.178000e+04 -1.204242e+02 
3.179000e+04 -1.204263e+02 
3.180000e+04 -1.204285e+02 
3.181000e+04 -1.204306e+02 
3.182000e+04 -1.204328e+02 
3.183000e+04 -1.204350e+02 
3.184000e+04 -1.204371e+02 
3.185000e+04 -1.204393e+02 
3.186000e+04 -1.204415e+02 
3.187000e+04 -1.204436e+02 
3.188000e+04 -1.204458e+02 
3.189000e+04 -1.204479e+02 
3.190000e+04 -1.204501e+02 
3.191000e+04 -1.204523e+02 
3.192000e+04 -1.204544e+02 
3.193000e+04 -1.204566e+02 
3.194000e+04 -1.204587e+02 
3.195000e+04 -1.204608e+02 
3.196000e+04 -1.204630e+02 
3.197000e+04 -1.204651e+02 
3.198000e+04 -1.204672e+02 
3.199000e+04 -1.204692e+02 
3.200000e+04 -1.203871e+02 
3.201000e+04 -1.204742e+02 
3.202000e+04 -1.204763e+02 
3.203000e+04 -1.204785e+02 
3.204000e+04 -1.204806e+02 
3.205000e+04 -1.204828e+02 
3.206000e+04 -1.204849e+02 
3.207000e+04 -1.204871e+02 
3.208000e+04 -1.204892e+02 
3.209000e+04 -1.204914e+02 
3.210000e+04 -1.204935e+02 
3.211000e+04 -1.204957e+02 
3.212000e+04 -1.204978e+02 
3.213000e+04 -1.205000e+02 
3.214000e+04 -1.205021e+02 
3.215000e+04 -1.205042e+02 
3.216000e+04 -1.205064e+02 
3.217000e+04 -1.205085e+02 
3.218000e+04 -1.205107e+02 
3.219000e+04 -1.205128e+02 
3.220000e+04 -1.205150e+02 
3.221000e+04 -1.205171e+02 
3.222000e+04 -1.205193e+02 
3.223000e+04 -1.205214e+02 
3.224000e+04 -1.205236e+02 
3.225000e+04 -1.205257e+02 
3.226000e+04 -1.205278e+02 
3.227000e+04 -1.205299e+02 
3.228000e+04 -1.205321e+02 
3.229000e+04 -1.205342e+02 
3.230000e+04 -1.205363e+02 
3.231000e+04 -1.205384e+02 
3.232000e+04 -1.205406e+02 
3.233000e+04 -1.205427e+02 
3.234000e+04 -1.205448e+02 
3.235000e+04 -1.205469e+02 
3.236000e+04 -1.205490e+02 
3.237000e+04 -1.205512e+02 
3.238000e+04 -1.205533e+02 
3.239000e+04 -1.205554e+02 
3.240000e+04 -1.205575e+02 
3.241000e+04 -1.205597e+02 
3.242000e+04 -1.205617e+02 
3.243000e+04 -1.205639e+02 
3.244000e+04 -1.205660e+02 
3.245000e+04 -1.205681e+02 
3.246000e+04 -1.205702e+02 
3.247000e+04 -1.205723e+02 
3.248000e+04 -1.205744e+02 
3.249000e+04 -1.205765e+02 
3.250000e+04 -1.205787e+02 
3.251000e+04 -1.205808e+02 
3.252000e+04 -1.205829e+02 
3.253000e+04 -1.205850e+02 
3.254000e+04 -1.205871e+02 
3.255000e+04 -1.205892e+02 
3.256000e+04 -1.205913e+02 
3.257000e+04 -1.205934e+02 
3.258000e+04 -1.205955e+02 
3.259000e+04 -1.205976e+02 
3.260000e+04 -1.205996e+02 
3.261000e+04 -1.206018e+02 
3.262000e+04 -1.206039e+02 
3.263000e+04 -1.206060e+02 
3.264000e+04 -1.206080e+02 
3.265000e+04 -1.206101e+02 
3.266000e+04 -1.206123e+02 
3.267000e+04 -1.206144e+02 
3.268000e+04 -1.206165e+02 
3.269000e+04 -1.206186e+02 
3.270000e+04 -1.206207e+02 
3.271000e+04 -1.206228e+02 
3.272000e+04 -1.206248e+02 
3.273000e+04 -1.206269e+02 
3.274000e+04 -1.206290e+02 
3.275000e+04 -1.206311e+02 
3.276000e+04 -1.206332e+02 
3.277000e+04 -1.206352e+02 
3.278000e+04 -1.206374e+02 
3.279000e+04 -1.206394e+02 
3.280000e+04 -1.206415e+02 
3.281000e+04 -1.206436e+02 
3.282000e+04 -1.206457e+02 
3.283000e+04 -1.206477e+02 
3.284000e+04 -1.206498e+02 
3.285000e+04 -1.206519e+02 
3.286000e+04 -1.206540e+02 
3.287000e+04 -1.206561e+02 
3.288000e+04 -1.206581e+02 
3.289000e+04 -1.206602e+02 
3.290000e+04 -1.206623e+02 
3.291000e+04 -1.206644e+02 
3.292000e+04 -1.206664e+02 
3.293000e+04 -1.206685e+02 
3.294000e+04 -1.206706e+02 
3.295000e+04 -1.206726e+02 
3.296000e+04 -1.206747e+02 
3.297000e+04 -1.206768e+02 
3.298000e+04 -1.206789e+02 
3.299000e+04 -1.206811e+02 
3.300000e+04 -1.205995e+02 
3.301000e+04 -1.206850e+02 
3.302000e+04 -1.206869e+02 
3.303000e+04 -1.206889e+02 
3.304000e+04 -1.206909e+02 
3.305000e+04 -1.206930e+02 
3.306000e+04 -1.206950e+02 
3.307000e+04 -1.206971e+02 
3.308000e+04 -1.206991e+02 
3.309000e+04 -1.207011e+02 
3.310000e+04 -1.207031e+02 
3.311000e+04 -1.207052e+02 
3.312000e+04 -1.207072e+02 
3.313000e+04 -1.207092e+02 
3.314000e+04 -1.207113e+02 
3.315000e+04 -1.207133e+02 
3.316000e+04 -1.207153e+02 
3.317000e+04 -1.207173e+02 
3.318000e+04 -1.207193e+02 
3.319000e+04 -1.207214e+02 
3.320000e+04 -1.207233e+02 
3.321000e+04 -1.207254e+02 
3.322000e+04 -1.207274e+02 
3.323000e+04 -1.207295e+02 
3.324000e+04 -1.207314e+02 
3.325000e+04 -1.207335e+02 
3.326000e+04 -1.207355e+02 
3.327000e+04 -1.207375e+02 
3.328000e+04 -1.207395e+02 
3.329000e+04 -1.207415e+02 
3.330000e+04 -1.207436e+02 
3.331000e+04 -1.207456e+02 
3.332000e+04 -1.207476e+02 
3.333000e+04 -1.207496e+02 
3.334000e+04 -1.207517e+02 
3.335000e+04 -1.207536e+02 
3.336000e+04 -1.207557e+02 
3.337000e+04 -1.207576e+02 
3.338000e+04 -1.207597e+02 
3.339000e+04 -1.207617e+02 
3.340000e+04 -1.207638e+02 
3.341000e+04 -1.207657e+02 
3.342000e+04 -1.207678e+02 
3.343000e+04 -1.207698e+02 
3.344000e+04 -1.207718e+02 
3.345000e+04 -1.207738e+02 
3.346000e+04 -1.207758e+02 
3.347000e+04 -1.207778e+02 
3.348000e+04 -1.207798e+02 
3.349000e+04 -1.207818e+02 
3.350000e+04 -1.207838e+02 
3.351000e+04 -1.207858e+02 
3.352000e+04 -1.207878e+02 
3.353000e+04 -1.207898e+02 
3.354000e+04 -1.207918e+02 
3.355000e+04 -1.207939e+02 
3.356000e+04 -1.207958e+02 
3.357000e+04 -1.207978e+02 
3.358000e+04 -1.207998e+02 
3.359000e+04 -1.208019e+02 
3.360000e+04 -1.208038e+02 
3.361000e+04 -1.208058e+02 
3.362000e+04 -1.208079e+02 
3.363000e+04 -1.208098e+02 
3.364000e+04 -1.208118e+02 
3.365000e+04 -1.208139e+02 
3.366000e+04 -1.208158e+02 
3.367000e+04 -1.208178e+02 
3.368000e+04 -1.208198e+02 
3.369000e+04 -1.208218e+02 
3.370000e+04 -1.208238e+02 
3.371000e+04 -1.208257e+02 
3.372000e+04 -1.208277e+02 
3.373000e+04 -1.208297e+02 
3.374000e+04 -1.208317e+02 
3.375000e+04 -1.208337e+02 
3.376000e+04 -1.208357e+02 
3.377000e+04 -1.208377e+02 
3.378000e+04 -1.208397e+02 
3.379000e+04 -1.208417e+02 
3.380000e+04 -1.208436e+02 
3.381000e+04 -1.208456e+02 
3.382000e+04 -1.208476e+02 
3.383000e+04 -1.208496e+02 
3.384000e+04 -1.208516e+02 
3.385000e+04 -1.208536e+02 
3.386000e+04 -1.208555e+02 
3.387000e+04 -1.208575e+02 
3.388000e+04 -1.208594e+02 
3.389000e+04 -1.208614e+02 
3.390000e+04 -1.208635e+02 
3.391000e+04 -1.208654e+02 
3.392000e+04 -1.208674e+02 
3.393000e+04 -1.208693e+02 
3.394000e+04 -1.208713e+02 
3.395000e+04 -1.208733e+02 
3.396000e+04 -1.208752e+02 
3.397000e+04 -1.208772e+02 
3.398000e+04 -1.208791e+02 
3.399000e+04 -1.208809e+02 
3.400000e+04 -1.208071e+02 
3.401000e+04 -1.208853e+02 
3.402000e+04 -1.208873e+02 
3.403000e+04 -1.208894e+02 
3.404000e+04 -1.208913e+02 
3.405000e+04 -1.208933e+02 
3.406000e+04 -1.208953e+02 
3.407000e+04 -1.208972e+02 
3.408000e+04 -1.208992e+02 
3.409000e+04 -1.209011e+02 
3.410000e+04 -1.209031e+02 
3.411000e+04 -1.209051e+02 
3.412000e+04 -1.209071e+02 
3.413000e+04 -1.209091e+02 
3.414000e+04 -1.209110e+02 
3.415000e+04 -1.209130e+02 
3.416000e+04 -1.209151e+02 
3.417000e+04 -1.209170e+02 
3.418000e+04 -1.209190e+02 
3.419000e+04 -1.209209e+02 
3.420000e+04 -1.209229e+02 
3.421000e+04 -1.209249e+02 
3.422000e+04 -1.209268e+02 
3.423000e+04 -1.209288e+02 
3.424000e+04 -1.209307e+02 
3.425000e+04 -1.209327e+02 
3.426000e+04 -1.209347e+02 
3.427000e+04 -1.209367e+02 
3.428000e+04 -1.209386e+02 
3.429000e+04 -1.209405e+02 
3.430000e+04 -1.209425e+02 
3.431000e+04 -1.209444e+02 
3.432000e+04 -1.209464e+02 
3.433000e+04 -1.209484e+02 
3.434000e+04 -1.209503e+02 
3.435000e+04 -1.209523e+02 
3.436000e+04 -1.209542e+02 
3.437000e+04 -1.209562e+02 
3.438000e+04 -1.209581e+02 
3.439000e+04 -1.209601e+02 
3.440000e+04 -1.209620e+02 
3.441000e+04 -1.209639e+02 
3.442000e+04 -1.209659e+02 
3.443000e+04 -1.209678e+02 
3.444000e+04 -1.209698e+02 
3.445000e+04 -1.209717e+02 
3.446000e+04 -1.209737e+02 
3.447000e+04 -1.209756e+02 
3.448000e+04 -1.209775e+02 
3.449000e+04 -1.209795e+02 
3.450000e+04 -1.209814e+02 
3.451000e+04 -1.209833e+02 
3.452000e+04 -1.209853e+02 
3.453000e+04 -1.209872e+02 
3.454000e+04 -1.209892e+02 
3.455000e+04 -1.209911e+02 
3.456000e+04 -1.209930e+02 
3.457000e+04 -1.209950e+02 
3.458000e+04 -1.209969e+02 
3.459000e+04 -1.209988e+02 
3.460000e+04 -1.210007e+02 
3.461000e+04 -1.210027e+02 
3.462000e+04 -1.210046e+02 
3.463000e+04 -1.210065e+02 
3.464000e+04 -1.210084e+02 
3.465000e+04 -1.210104e+02 
3.466000e+04 -1.210123e+02 
3.467000e+04 -1.210142e+02 
3.468000e+04 -1.210161e+02 
3.469000e+04 -1.210181e+02 
3.470000e+04 -1.210200e+02 
3.471000e+04 -1.210219e+02 
3.472000e+04 -1.210239e+02 
3.473000e+04 -1.210258e+02 
3.474000e+04 -1.210277e+02 
3.475000e+04 -1.210296e+02 
3.476000e+04 -1.210315e+02 
3.477000e+04 -1.210334e+02 
3.478000e+04 -1.210354e+02 
3.479000e+04 -1.210373e+02 
3.480000e+04 -1.210392e+02 
3.481000e+04 -1.210411e+02 
3.482000e+04 -1.210430e+02 
3.483000e+04 -1.210449e+02 
3.484000e+04 -1.210468e+02 
3.485000e+04 -1.210487e+02 
3.486000e+04 -1.210507e+02 
3.487000e+04 -1.210526e+02 
3.488000e+04 -1.210545e+02 
3.489000e+04 -1.210564e+02 
3.490000e+04 -1.210583e+02 
3.491000e+04 -1.210602e+02 
3.492000e+04 -1.210621e+02 
3.493000e+04 -1.210640e+02 
3.494000e+04 -1.210659e+02 
3.495000e+04 -1.210677e+02 
3.496000e+04 -1.210697e+02 
3.497000e+04 -1.210716e+02 
3.498000e+04 -1.210736e+02 
3.499000e+04 -1.210756e+02 
3.500000e+04 -1.210093e+02 
3.501000e+04 -1.210792e+02 
3.502000e+04 -1.210809e+02 
3.503000e+04 -1.210827e+02 
3.504000e+04 -1.210846e+02 
3.505000e+04 -1.210865e+02 
3.506000e+04 -1.210884e+02 
3.507000e+04 -1.210901e+02 
3.508000e+04 -1.210921e+02 
3.509000e+04 -1.210940e+02 
3.510000e+04 -1.210958e+02 
3.511000e+04 -1.210976e+02 
3.512000e+04 -1.210995e+02 
3.513000e+04 -1.211014e+02 
3.514000e+04 -1.211032e+02 
3.515000e+04 -1.211051e+02 
3.516000e+04 -1.211070e+02 
3.517000e+04 -1.211089e+02 
3.518000e+04 -1.211107e+02 
3.519000e+04 -1.211126e+02 
3.520000e+04 -1.211144e+02 
3.521000e+04 -1.211162e+02 
3.522000e+04 -1.211181e+02 
3.523000e+04 -1.211200e+02 
3.524000e+04 -1.211218e+02 
3.525000e+04 -1.211237e+02 
3.526000e+04 -1.211255e+02 
3.527000e+04 -1.211274e+02 
3.528000e+04 -1.211293e+02 
3.529000e+04 -1.211311e+02 
3.530000e+04 -1.211330e+02 
3.531000e+04 -1.211348e+02 
3.532000e+04 -1.211367e+02 
3.533000e+04 -1.211385e+02 
3.534000e+04 -1.211404e+02 
3.535000e+04 -1.211422e+02 
3.536000e+04 -1.211441e+02 
3.537000e+04 -1.211460e+02 
3.538000e+04 -1.211478e+02 
3.539000e+04 -1.211497e+02 
3.540000e+04 -1.211515e+02 
3.541000e+04 -1.211534e+02 
3.542000e+04 -1.211552e+02 
3.543000e+04 -1.211570e+02 
3.544000e+04 -1.211589e+02 
3.545000e+04 -1.211607e+02 
3.546000e+04 -1.211626e+02 
3.547000e+04 -1.211644e+02 
3.548000e+04 -1.211663e+02 
3.549000e+04 -1.211682e+02 
3.550000e+04 -1.211700e+02 
3.551000e+04 -1.211718e+02 
3.552000e+04 -1.211737e+02 
3.553000e+04 -1.211755e+02 
3.554000e+04 -1.211774e+02 
3.555000e+04 -1.211792e+02 
3.556000e+04 -1.211810e+02 
3.557000e+04 -1.211829e+02 
3.558000e+04 -1.211847e+02 
3.559000e+04 -1.211865e+02 
3.560000e+04 -1.211884e+02 
3.561000e+04 -1.211902e+02 
3.562000e+04 -1.211921e+02 
3.563000e+04 -1.211939e+02 
3.564000e+04 -1.211957e+02 
3.565000e+04 -1.211976e+02 
3.566000e+04 -1.211994e+02 
3.567000e+04 -1.212012e+02 
3.568000e+04 -1.212031e+02 
3.569000e+04 -1.212048e+02 
3.570000e+04 -1.212067e+02 
3.571000e+04 -1.212085e+02 
3.572000e+04 -1.212104e+02 
3.573000e+04 -1.212122e+02 
3.574000e+04 -1.212140e+02 
3.575000e+04 -1.212158e+02 
3.576000e+04 -1.212177e+02 
3.577000e+04 -1.212195e+02 
3.578000e+04 -1.212214e+02 
3.579000e+04 -1.212232e+02 
3.580000e+04 -1.212250e+02 
3.581000e+04 -1.212268e+02 
3.582000e+04 -1.212286e+02 
3.583000e+04 -1.212304e+02 
3.584000e+04 -1.212322e+02 
3.585000e+04 -1.212341e+02 
3.586000e+04 -1.212358e+02 
3.587000e+04 -1.212377e+02 
3.588000e+04 -1.212395e+02 
3.589000e+04 -1.212413e+02 
3.590000e+04 -1.212431e+02 
3.591000e+04 -1.212449e+02 
3.592000e+04 -1.212467e+02 
3.593000e+04 -1.212485e+02 
3.594000e+04 -1.212504e+02 
3.595000e+04 -1.212521e+02 
3.596000e+04 -1.212539e+02 
3.597000e+04 -1.212558e+02 
3.598000e+04 -1.212575e+02 
3.599000e+04 -1.212592e+02 
3.600000e+04 -1.212054e+02 
3.601000e+04 -1.212630e+02 
3.602000e+04 -1.212649e+02 
3.603000e+04 -1.212668e+02 
3.604000e+04 -1.212686e+02 
3.605000e+04 -1.212704e+02 
3.606000e+04 -1.212722e+02 
3.607000e+04 -1.212740e+02 
3.608000e+04 -1.212759e+02 
3.609000e+04 -1.212776e+02 
3.610000e+04 -1.212795e+02 
3.611000e+04 -1.212813e+02 
3.612000e+04 -1.212832e+02 
3.613000e+04 -1.212850e+02 
3.614000e+04 -1.212868e+02 
3.615000e+04 -1.212886e+02 
3.616000e+04 -1.212904e+02 
3.617000e+04 -1.212922e+02 
3.618000e+04 -1.212940e+02 
3.619000e+04 -1.212958e+02 
3.620000e+04 -1.212976e+02 
3.621000e+04 -1.212995e+02 
3.622000e+04 -1.213013e+02 
3.623000e+04 -1.213031e+02 
3.624000e+04 -1.213049e+02 
3.625000e+04 -1.213067e+02 
3.626000e+04 -1.213085e+02 
3.627000e+04 -1.213103e+02 
3.628000e+04 -1.213121e+02 
3.629000e+04 -1.213139e+02 
3.630000e+04 -1.213157e+02 
3.631000e+04 -1.213175e+02 
3.632000e+04 -1.213193e+02 
3.633000e+04 -1.213211e+02 
3.634000e+04 -1.213229e+02 
3.635000e+04 -1.213247e+02 
3.636000e+04 -1.213265e+02 
3.637000e+04 -1.213283e+02 
3.638000e+04 -1.213301e+02 
3.639000e+04 -1.213319e+02 
3.640000e+04 -1.213337e+02 
3.641000e+04 -1.213355e+02 
3.642000e+04 -1.213372e+02 
3.643000e+04 -1.213390e+02 
3.644000e+04 -1.213408e+02 
3.645000e+04 -1.213426e+02 
3.646000e+04 -1.213444e+02 
3.647000e+04 -1.213462e+02 
3.648000e+04 -1.213480e+02 
3.649000e+04 -1.213497e+02 
3.650000e+04 -1.213515e+02 
3.651000e+04 -1.213534e+02 
3.652000e+04 -1.213551e+02 
3.653000e+04 -1.213569e+02 
3.654000e+04 -1.213587e+02 
3.655000e+04 -1.213605e+02 
3.656000e+04 -1.213622e+02 
3.657000e+04 -1.213640e+02 
3.658000e+04 -1.213658e+02 
3.659000e+04 -1.213676e+02 
3.660000e+04 -1.213693e+02 
3.661000e+04 -1.213712e+02 
3.662000e+04 -1.213729e+02 
3.663000e+04 -1.213747e+02 
3.664000e+04 -1.213765e+02 
3.665000e+04 -1.213782e+02 
3.666000e+04 -1.213800e+02 
3.667000e+04 -1.213818e+02 
3.668000e+04 -1.213836e+02 
3.669000e+04 -1.213854e+02 
3.670000e+04 -1.213871e+02 
3.671000e+04 -1.213889e+02 
3.672000e+04 -1.213906e+02 
3.673000e+04 -1.213924e+02 
3.674000e+04 -1.213943e+02 
3.675000e+04 -1.213960e+02 
3.676000e+04 -1.213978e+02 
3.677000e+04 -1.213995e+02 
3.678000e+04 -1.214013e+02 
3.679000e+04 -1.214031e+02 
3.680000e+04 -1.214048e+02 
3.681000e+04 -1.214066e+02 
3.682000e+04 -1.214084e+02 
3.683000e+04 -1.214101e+02 
3.684000e+04 -1.214120e+02 
3.685000e+04 -1.214137e+02 
3.686000e+04 -1.214155e+02 
3.687000e+04 -1.214172e+02 
3.688000e+04 -1.214190e+02 
3.689000e+04 -1.214207e+02 
3.690000e+04 -1.214224e+02 
3.691000e+04 -1.214243e+02 
3.692000e+04 -1.214260e+02 
3.693000e+04 -1.214277e+02 
3.694000e+04 -1.214295e+02 
3.695000e+04 -1.214313e+02 
3.696000e+04 -1.214330e+02 
3.697000e+04 -1.214349e+02 
3.698000e+04 -1.214366e+02 
3.699000e+04 -1.214385e+02 
3.700000e+04 -1.213580e+02 
3.701000e+04 -1.214419e+02 
3.702000e+04 -1.214434e+02 
3.703000e+04 -1.214451e+02 
3.704000e+04 -1.214468e+02 
3.705000e+04 -1.214485e+02 
3.706000e+04 -1.214502e+02 
3.707000e+04 -1.214520e+02 
3.708000e+04 -1.214537e+02 
3.709000e+04 -1.214554e+02 
3.710000e+04 -1.214571e+02 
3.711000e+04 -1.214588e+02 
3.712000e+04 -1.214605e+02 
3.713000e+04 -1.214622e+02 
3.714000e+04 -1.214639e+02 
3.715000e+04 -1.214657e+02 
3.716000e+04 -1.214674e+02 
3.717000e+04 -1.214691e+02 
3.718000e+04 -1.214708e+02 
3.719000e+04 -1.214726e+02 
3.720000e+04 -1.214742e+02 
3.721000e+04 -1.214760e+02 
3.722000e+04 -1.214777e+02 
3.723000e+04 -1.214793e+02 
3.724000e+04 -1.214811e+02 
3.725000e+04 -1.214828e+02 
3.726000e+04 -1.214845e+02 
3.727000e+04 -1.214862e+02 
3.728000e+04 -1.214879e+02 
3.729000e+04 -1.214896e+02 
3.730000e+04 -1.214913e+02 
3.731000e+04 -1.214930e+02 
3.732000e+04 -1.214947e+02 
3.733000e+04 -1.214965e+02 
3.734000e+04 -1.214981e+02 
3.735000e+04 -1.214998e+02 
3.736000e+04 -1.215016e+02 
3.737000e+04 -1.215033e+02 
3.738000e+04 -1.215049e+02 
3.739000e+04 -1.215067e+02 
3.740000e+04 -1.215084e+02 
3.741000e+04 -1.215101e+02 
3.742000e+04 -1.215117e+02 
3.743000e+04 -1.215136e+02 
3.744000e+04 -1.215152e+02 
3.745000e+04 -1.215169e+02 
3.746000e+04 -1.215186e+02 
3.747000e+04 -1.215203e+02 
3.748000e+04 -1.215220e+02 
3.749000e+04 -1.215237e+02 
3.750000e+04 -1.215254e+02 
3.751000e+04 -1.215271e+02 
3.752000e+04 -1.215288e+02 
3.753000e+04 -1.215305e+02 
3.754000e+04 -1.215322e+02 
3.755000e+04 -1.215339e+02 
3.756000e+04 -1.215356e+02 
3.757000e+04 -1.215373e+02 
3.758000e+04 -1.215390e+02 
3.759000e+04 -1.215407e+02 
3.760000e+04 -1.215423e+02 
3.761000e+04 -1.215441e+02 
3.762000e+04 -1.215458e+02 
3.763000e+04 -1.215475e+02 
3.764000e+04 -1.215491e+02 
3.765000e+04 -1.215508e+02 
3.766000e+04 -1.215525e+02 
3.767000e+04 -1.215542e+02 
3.768000e+04 -1.215559e+02 
3.769000e+04 -1.215576e+02 
3.770000e+04 -1.215592e+02 
3.771000e+04 -1.215609e+02 
3.772000e+04 -1.215626e+02 
3.773000e+04 -1.215643e+02 
3.774000e+04 -1.215660e+02 
3.775000e+04 -1.215677e+02 
3.776000e+04 -1.215693e+02 
3.777000e+04 -1.215710e+02 
3.778000e+04 -1.215727e+02 
3.779000e+04 -1.215744e+02 
3.780000e+04 -1.215761e+02 
3.781000e+04 -1.215777e+02 
3.782000e+04 -1.215794e+02 
3.783000e+04 -1.215811e+02 
3.784000e+04 -1.215827e+02 
3.785000e+04 -1.215844e+02 
3.786000e+04 -1.215861e+02 
3.787000e+04 -1.215877e+02 
3.788000e+04 -1.215894e+02 
3.789000e+04 -1.215911e+02 
3.790000e+04 -1.215928e+02 
3.791000e+04 -1.215945e+02 
3.792000e+04 -1.215961e+02 
3.793000e+04 -1.215978e+02 
3.794000e+04 -1.215995e+02 
3.795000e+04 -1.216012e+02 
3.796000e+04 -1.216028e+02 
3.797000e+04 -1.216044e+02 
3.798000e+04 -1.216061e+02 
3.799000e+04 -1.216076e+02 
3.800000e+04 -1.215592e+02 
3.801000e+04 -1.216113e+02 
3.802000e+04 -1.216130e+02 
3.803000e+04 -1.216147e+02 
3.804000e+04 -1.216163e+02 
3.805000e+04 -1.216180e+02 
3.806000e+04 -1.216197e+02 
3.807000e+04 -1.216214e+02 
3.808000e+04 -1.216230e+02 
3.809000e+04 -1.216247e+02 
3.810000e+04 -1.216264e+02 
3.811000e+04 -1.216281e+02 
3.812000e+04 -1.216297e+02 
3.813000e+04 -1.216314e+02 
3.814000e+04 -1.216330e+02 
3.815000e+04 -1.216347e+02 
3.816000e+04 -1.216364e+02 
3.817000e+04 -1.216381e+02 
3.818000e+04 -1.216397e+02 
3.819000e+04 -1.216414e+02 
3.820000e+04 -1.216431e+02 
3.821000e+04 -1.216448e+02 
3.822000e+04 -1.216464e+02 
3.823000e+04 -1.216481e+02 
3.824000e+04 -1.216498e+02 
3.825000e+04 -1.216514e+02 
3.826000e+04 -1.216531e+02 
3.827000e+04 -1.216548e+02 
3.828000e+04 -1.216564e+02 
3.829000e+04 -1.216581e+02 
3.830000e+04 -1.216597e+02 
3.831000e+04 -1.216614e+02 
3.832000e+04 -1.216630e+02 
3.833000e+04 -1.216647e+02 
3.834000e+04 -1.216664e+02 
3.835000e+04 -1.216680e+02 
3.836000e+04 -1.216697e+02 
3.837000e+04 -1.216713e+02 
3.838000e+04 -1.216730e+02 
3.839000e+04 -1.216746e+02 
3.840000e+04 -1.216763e+02 
3.841000e+04 -1.216779e+02 
3.842000e+04 -1.216796e+02 
3.843000e+04 -1.216812e+02 
3.844000e+04 -1.216829e+02 
3.845000e+04 -1.216845e+02 
3.846000e+04 -1.216862e+02 
3.847000e+04 -1.216878e+02 
3.848000e+04 -1.216895e+02 
3.849000e+04 -1.216911e+02 
3.850000e+04 -1.216928e+02 
3.851000e+04 -1.216944e+02 
3.852000e+04 -1.216961e+02 
3.853000e+04 -1.216978e+02 
3.854000e+04 -1.216994e+02 
3.855000e+04 -1.217010e+02 
3.856000e+04 -1.217026e+02 
3.857000e+04 -1.217043e+02 
3.858000e+04 -1.217059e+02 
3.859000e+04 -1.217076e+02 
3.860000e+04 -1.217092e+02 
3.861000e+04 -1.217109e+02 
3.862000e+04 -1.217125e+02 
3.863000e+04 -1.217141e+02 
3.864000e+04 -1.217158e+02 
3.865000e+04 -1.217174e+02 
3.866000e+04 -1.217191e+02 
3.867000e+04 -1.217207e+02 
3.868000e+04 -1.217223e+02 
3.869000e+04 -1.217240e+02 
3.870000e+04 -1.217256e+02 
3.871000e+04 -1.217272e+02 
3.872000e+04 -1.217289e+02 
3.873000e+04 -1.217305e+02 
3.874000e+04 -1.217321e+02 
3.875000e+04 -1.217338e+02 
3.876000e+04 -1.217354e+02 
3.877000e+04 -1.217371e+02 
3.878000e+04 -1.217387e+02 
3.879000e+04 -1.217403e+02 
3.880000e+04 -1.217419e+02 
3.881000e+04 -1.217436e+02 
3.882000e+04 -1.217452e+02 
3.883000e+04 -1.217468e+02 
3.884000e+04 -1.217485e+02 
3.885000e+04 -1.217501e+02 
3.886000e+04 -1.217517e+02 
3.887000e+04 -1.217534e+02 
3.888000e+04 -1.217549e+02 
3.889000e+04 -1.217566e+02 
3.890000e+04 -1.217582e+02 
3.891000e+04 -1.217598e+02 
3.892000e+04 -1.217615e+02 
3.893000e+04 -1.217631e+02 
3.894000e+04 -1.217647e+02 
3.895000e+04 -1.217663e+02 
3.896000e+04 -1.217680e+02 
3.897000e+04 -1.217696e+02 
3.898000e+04 -1.217712e+02 
3.899000e+04 -1.217730e+02 
3.900000e+04 -1.216653e+02 
3.901000e+04 -1.217763e+02 
3.902000e+04 -1.217777e+02 
3.903000e+04 -1.217792e+02 
3.904000e+04 -1.217808e+02 
3.905000e+04 -1.217824e+02 
3.906000e+04 -1.217840e+02 
3.907000e+04 -1.217856e+02 
3.908000e+04 -1.217872e+02 
3.909000e+04 -1.217887e+02 
3.910000e+04 -1.217904e+02 
3.911000e+04 -1.217919e+02 
3.912000e+04 -1.217935e+02 
3.913000e+04 -1.217951e+02 
3.914000e+04 -1.217966e+02 
3.915000e+04 -1.217983e+02 
3.916000e+04 -1.217998e+02 
3.917000e+04 -1.218015e+02 
3.918000e+04 -1.218030e+02 
3.919000e+04 -1.218045e+02 
3.920000e+04 -1.218062e+02 
3.921000e+04 -1.218077e+02 
3.922000e+04 -1.218093e+02 
3.923000e+04 -1.218109e+02 
3.924000e+04 -1.218125e+02 
3.925000e+04 -1.218141e+02 
3.926000e+04 -1.218157e+02 
3.927000e+04 -1.218172e+02 
3.928000e+04 -1.218187e+02 
3.929000e+04 -1.218204e+02 
3.930000e+04 -1.218220e+02 
3.931000e+04 -1.218235e+02 
3.932000e+04 -1.218251e+02 
3.933000e+04 -1.218267e+02 
3.934000e+04 -1.218282e+02 
3.935000e+04 -1.218298e+02 
3.936000e+04 -1.218314e+02 
3.937000e+04 -1.218330e+02 
3.938000e+04 -1.218345e+02 
3.939000e+04 -1.218361e+02 
3.940000e+04 -1.218377e+02 
3.941000e+04 -1.218393e+02 
3.942000e+04 -1.218408e+02 
3.943000e+04 -1.218424e+02 
3.944000e+04 -1.218440e+02 
3.945000e+04 -1.218456e+02 
3.946000e+04 -1.218471e+02 
3.947000e+04 -1.218487e+02 
3.948000e+04 -1.218502e+02 
3.949000e+04 -1.218518e+02 
3.950000e+04 -1.218534e+02 
3.951000e+04 -1.218550e+02 
3.952000e+04 -1.218565e+02 
3.953000e+04 -1.218580e+02 
3.954000e+04 -1.218597e+02 
3.955000e+04 -1.218612e+02 
3.956000e+04 -1.218628e+02 
3.957000e+04 -1.218643e+02 
3.958000e+04 -1.218659e+02 
3.959000e+04 -1.218674e+02 
3.960000e+04 -1.218690e+02 
3.961000e+04 -1.218706e+02 
3.962000e+04 -1.218721e+02 
3.963000e+04 -1.218737e+02 
3.964000e+04 -1.218753e+02 
3.965000e+04 -1.218768e+02 
3.966000e+04 -1.218784e+02 
3.967000e+04 -1.218799e+02 
3.968000e+04 -1.218815e+02 
3.969000e+04 -1.218831e+02 
3.970000e+04 -1.218846e+02 
3.971000e+04 -1.218862e+02 
3.972000e+04 -1.218877e+02 
3.973000e+04 -1.218893e+02 
3.974000e+04 -1.218908e+02 
3.975000e+04 -1.218924e+02 
3.976000e+04 -1.218940e+02 
3.977000e+04 -1.218956e+02 
3.978000e+04 -1.218970e+02 
3.979000e+04 -1.218986e+02 
3.980000e+04 -1.219001e+02 
3.981000e+04 -1.219017e+02 
3.982000e+04 -1.219033e+02 
3.983000e+04 -1.219048e+02 
3.984000e+04 -1.219063e+02 
3.985000e+04 -1.219079e+02 
3.986000e+04 -1.219095e+02 
3.987000e+04 -1.219110e+02 
3.988000e+04 -1.219126e+02 
3.989000e+04 -1.219141e+02 
3.990000e+04 -1.219156e+02 
3.991000e+04 -1.219172e+02 
3.992000e+04 -1.219187e+02 
3.993000e+04 -1.219203e+02 
3.994000e+04 -1.219219e+02 
3.995000e+04 -1.219234e+02 
3.996000e+04 -1.219249e+02 
3.997000e+04 -1.219264e+02 
3.998000e+04 -1.219279e+02 
3.999000e+04 -1.219292e+02 
4.000000e+04 -1.218795e+02 
4.001000e+04 -1.219329e+02 
4.002000e+04 -1.219345e+02 
4.003000e+04 -1.219360e+02 
4.004000e+04 -1.219376e+02 
4.005000e+04 -1.219391e+02 
4.006000e+04 -1.219406e+02 
4.007000e+04 -1.219422e+02 
4.008000e+04 -1.219438e+02 
4.009000e+04 -1.219453e+02 
4.010000e+04 -1.219469e+02 
4.011000e+04 -1.219484e+02 
4.012000e+04 -1.219499e+02 
4.013000e+04 -1.219515e+02 
4.014000e+04 -1.219531e+02 
4.015000e+04 -1.219546e+02 
4.016000e+04 -1.219562e+02 
4.017000e+04 -1.219577e+02 
4.018000e+04 -1.219592e+02 
4.019000e+04 -1.219608e+02 
4.020000e+04 -1.219623e+02 
4.021000e+04 -1.219639e+02 
4.022000e+04 -1.219654e+02 
4.023000e+04 -1.219669e+02 
4.024000e+04 -1.219685e+02 
4.025000e+04 -1.219700e+02 
4.026000e+04 -1.219716e+02 
4.027000e+04 -1.219731e+02 
4.028000e+04 -1.219746e+02 
4.029000e+04 -1.219762e+02 
4.030000e+04 -1.219777e+02 
4.031000e+04 -1.219792e+02 
4.032000e+04 -1.219808e+02 
4.033000e+04 -1.219823e+02 
4.034000e+04 -1.219839e+02 
4.035000e+04 -1.219854e+02 
4.036000e+04 -1.219869e+02 
4.037000e+04 -1.219885e+02 
4.038000e+04 -1.219899e+02 
4.039000e+04 -1.219915e+02 
4.040000e+04 -1.219930e+02 
4.041000e+04 -1.219945e+02 
4.042000e+04 -1.219961e+02 
4.043000e+04 -1.219976e+02 
4.044000e+04 -1.219991e+02 
4.045000e+04 -1.220007e+02 
4.046000e+04 -1.220021e+02 
4.047000e+04 -1.220037e+02 
4.048000e+04 -1.220052e+02 
4.049000e+04 -1.220068e+02 
4.050000e+04 -1.220083e+02 
4.051000e+04 -1.220098e+02 
4.052000e+04 -1.220113e+02 
4.053000e+04 -1.220128e+02 
4.054000e+04 -1.220143e+02 
4.055000e+04 -1.220159e+02 
4.056000e+04 -1.220174e+02 
4.057000e+04 -1.220189e+02 
4.058000e+04 -1.220204e+02 
4.059000e+04 -1.220219e+02 
4.060000e+04 -1.220234e+02 
4.061000e+04 -1.220250e+02 
4.062000e+04 -1.220264e+02 
4.063000e+04 -1.220280e+02 
4.064000e+04 -1.220295e+02 
4.065000e+04 -1.220310e+02 
4.066000e+04 -1.220325e+02 
4.067000e+04 -1.220340e+02 
4.068000e+04 -1.220355e+02 
4.069000e+04 -1.220370e+02 
4.070000e+04 -1.220386e+02 
4.071000e+04 -1.220401e+02 
4.072000e+04 -1.220416e+02 
4.073000e+04 -1.220431e+02 
4.074000e+04 -1.220446e+02 
4.075000e+04 -1.220461e+02 
4.076000e+04 -1.220476e+02 
4.077000e+04 -1.220492e+02 
4.078000e+04 -1.220506e+02 
4.079000e+04 -1.220522e+02 
4.080000e+04 -1.220537e+02 
4.081000e+04 -1.220552e+02 
4.082000e+04 -1.220567e+02 
4.083000e+04 -1.220582e+02 
4.084000e+04 -1.220597e+02 
4.085000e+04 -1.220612e+02 
4.086000e+04 -1.220627e+02 
4.087000e+04 -1.220642e+02 
4.088000e+04 -1.220657e+02 
4.089000e+04 -1.220672e+02 
4.090000e+04 -1.220687e+02 
4.091000e+04 -1.220703e+02 
4.092000e+04 -1.220717e+02 
4.093000e+04 -1.220732e+02 
4.094000e+04 -1.220747e+02 
4.095000e+04 -1.220762e+02 
4.096000e+04 -1.220777e+02 
4.097000e+04 -1.220792e+02 
4.098000e+04 -1.220808e+02 
4.099000e+04 -1.220823e+02 
4.100000e+04 -1.219700e+02 
4.101000e+04 -1.220854e+02 
4.102000e+04 -1.220868e+02 
4.103000e+04 -1.220882e+02 
4.104000e+04 -1.220896e+02 
4.105000e+04 -1.220911e+02 
4.106000e+04 -1.220926e+02 
4.107000e+04 -1.220940e+02 
4.108000e+04 -1.220955e+02 
4.109000e+04 -1.220970e+02 
4.110000e+04 -1.220984e+02 
4.111000e+04 -1.220999e+02 
4.112000e+04 -1.221014e+02 
4.113000e+04 -1.221029e+02 
4.114000e+04 -1.221043e+02 
4.115000e+04 -1.221058e+02 
4.116000e+04 -1.221073e+02 
4.117000e+04 -1.221087e+02 
4.118000e+04 -1.221102e+02 
4.119000e+04 -1.221117e+02 
4.120000e+04 -1.221132e+02 
4.121000e+04 -1.221146e+02 
4.122000e+04 -1.221160e+02 
4.123000e+04 -1.221175e+02 
4.124000e+04 -1.221190e+02 
4.125000e+04 -1.221204e+02 
4.126000e+04 -1.221219e+02 
4.127000e+04 -1.221234e+02 
4.128000e+04 -1.221248e+02 
4.129000e+04 -1.221263e+02 
4.130000e+04 -1.221277e+02 
4.131000e+04 -1.221292e+02 
4.132000e+04 -1.221306e+02 
4.133000e+04 -1.221322e+02 
4.134000e+04 -1.221336e+02 
4.135000e+04 -1.221350e+02 
4.136000e+04 -1.221365e+02 
4.137000e+04 -1.221380e+02 
4.138000e+04 -1.221394e+02 
4.139000e+04 -1.221409e+02 
4.140000e+04 -1.221423e+02 
4.141000e+04 -1.221438e+02 
4.142000e+04 -1.221453e+02 
4.143000e+04 -1.221467e+02 
4.144000e+04 -1.221482e+02 
4.145000e+04 -1.221496e+02 
4.146000e+04 -1.221510e+02 
4.147000e+04 -1.221525e+02 
4.148000e+04 -1.221539e+02 
4.149000e+04 -1.221554e+02 
4.150000e+04 -1.221569e+02 
4.151000e+04 -1.221583e+02 
4.152000e+04 -1.221598e+02 
4.153000e+04 -1.221612e+02 
4.154000e+04 -1.221626e+02 
4.155000e+04 -1.221641e+02 
4.156000e+04 -1.221656e+02 
4.157000e+04 -1.221671e+02 
4.158000e+04 -1.221684e+02 
4.159000e+04 -1.221699e+02 
4.160000e+04 -1.221713e+02 
4.161000e+04 -1.221728e+02 
4.162000e+04 -1.221743e+02 
4.163000e+04 -1.221757e+02 
4.164000e+04 -1.221771e+02 
4.165000e+04 -1.221785e+02 
4.166000e+04 -1.221800e+02 
4.167000e+04 -1.221815e+02 
4.168000e+04 -1.221829e+02 
4.169000e+04 -1.221843e+02 
4.170000e+04 -1.221858e+02 
4.171000e+04 -1.221872e+02 
4.172000e+04 -1.221886e+02 
4.173000e+04 -1.221901e+02 
4.174000e+04 -1.221915e+02 
4.175000e+04 -1.221930e+02 
4.176000e+04 -1.221944e+02 
4.177000e+04 -1.221959e+02 
4.178000e+04 -1.221973e+02 
4.179000e+04 -1.221987e+02 
4.180000e+04 -1.222001e+02 
4.181000e+04 -1.222016e+02 
4.182000e+04 -1.222030e+02 
4.183000e+04 -1.222044e+02 
4.184000e+04 -1.222059e+02 
4.185000e+04 -1.222073e+02 
4.186000e+04 -1.222087e+02 
4.187000e+04 -1.222101e+02 
4.188000e+04 -1.222116e+02 
4.189000e+04 -1.222131e+02 
4.190000e+04 -1.222144e+02 
4.191000e+04 -1.222159e+02 
4.192000e+04 -1.222173e+02 
4.193000e+04 -1.222188e+02 
4.194000e+04 -1.222202e+02 
4.195000e+04 -1.222216e+02 
4.196000e+04 -1.222230e+02 
4.197000e+04 -1.222244e+02 
4.198000e+04 -1.222257e+02 
4.199000e+04 -1.222270e+02 
4.200000e+04 -1.221751e+02 
4.201000e+04 -1.222304e+02 
4.202000e+04 -1.222319e+02 
4.203000e+04 -1.222333e+02 
4.204000e+04 -1.222348e+02 
4.205000e+04 -1.222362e+02 
4.206000e+04 -1.222376e+02 
4.207000e+04 -1.222391e+02 
4.208000e+04 -1.222405e+02 
4.209000e+04 -1.222420e+02 
4.210000e+04 -1.222434e+02 
4.211000e+04 -1.222449e+02 
4.212000e+04 -1.222463e+02 
4.213000e+04 -1.222478e+02 
4.214000e+04 -1.222492e+02 
4.215000e+04 -1.222506e+02 
4.216000e+04 -1.222520e+02 
4.217000e+04 -1.222535e+02 
4.218000e+04 -1.222549e+02 
4.219000e+04 -1.222564e+02 
4.220000e+04 -1.222578e+02 
4.221000e+04 -1.222592e+02 
4.222000e+04 -1.222607e+02 
4.223000e+04 -1.222621e+02 
4.224000e+04 -1.222635e+02 
4.225000e+04 -1.222649e+02 
4.226000e+04 -1.222664e+02 
4.227000e+04 -1.222678e+02 
4.228000e+04 -1.222692e+02 
4.229000e+04 -1.222707e+02 
4.230000e+04 -1.222721e+02 
4.231000e+04 -1.222735e+02 
4.232000e+04 -1.222749e+02 
4.233000e+04 -1.222764e+02 
4.234000e+04 -1.222778e+02 
4.235000e+04 -1.222792e+02 
4.236000e+04 -1.222806e+02 
4.237000e+04 -1.222820e+02 
4.238000e+04 -1.222834e+02 
4.239000e+04 -1.222849e+02 
4.240000e+04 -1.222863e+02 
4.241000e+04 -1.222877e+02 
4.242000e+04 -1.222891e+02 
4.243000e+04 -1.222906e+02 
4.244000e+04 -1.222920e+02 
4.245000e+04 -1.222934e+02 
4.246000e+04 -1.222948e+02 
4.247000e+04 -1.222962e+02 
4.248000e+04 -1.222976e+02 
4.249000e+04 -1.222990e+02 
4.250000e+04 -1.223005e+02 
4.251000e+04 -1.223019e+02 
4.252000e+04 -1.223033e+02 
4.253000e+04 -1.223047e+02 
4.254000e+04 -1.223061e+02 
4.255000e+04 -1.223075e+02 
4.256000e+04 -1.223089e+02 
4.257000e+04 -1.223103e+02 
4.258000e+04 -1.223117e+02 
4.259000e+04 -1.223131e+02 
4.260000e+04 -1.223146e+02 
4.261000e+04 -1.223160e+02 
4.262000e+04 -1.223173e+02 
4.263000e+04 -1.223188e+02 
4.264000e+04 -1.223202e+02 
4.265000e+04 -1.223216e+02 
4.266000e+04 -1.223230e+02 
4.267000e+04 -1.223244e+02 
4.268000e+04 -1.223257e+02 
4.269000e+04 -1.223272e+02 
4.270000e+04 -1.223285e+02 
4.271000e+04 -1.223300e+02 
4.272000e+04 -1.223314e+02 
4.273000e+04 -1.223328e+02 
4.274000e+04 -1.223342e+02 
4.275000e+04 -1.223355e+02 
4.276000e+04 -1.223369e+02 
4.277000e+04 -1.223383e+02 
4.278000e+04 -1.223397e+02 
4.279000e+04 -1.223411e+02 
4.280000e+04 -1.223425e+02 
4.281000e+04 -1.223439e+02 
4.282000e+04 -1.223453e+02 
4.283000e+04 -1.223468e+02 
4.284000e+04 -1.223481e+02 
4.285000e+04 -1.223495e+02 
4.286000e+04 -1.223509e+02 
4.287000e+04 -1.223523e+02 
4.288000e+04 -1.223537e+02 
4.289000e+04 -1.223551e+02 
4.290000e+04 -1.223565e+02 
4.291000e+04 -1.223578e+02 
4.292000e+04 -1.223593e+02 
4.293000e+04 -1.223606e+02 
4.294000e+04 -1.223620e+02 
4.295000e+04 -1.223634e+02 
4.296000e+04 -1.223648e+02 
4.297000e+04 -1.223662e+02 
4.298000e+04 -1.223675e+02 
4.299000e+04 -1.223690e+02 
4.300000e+04 -1.222632e+02 
4.301000e+04 -1.223718e+02 
4.302000e+04 -1.223731e+02 
4.303000e+04 -1.223745e+02 
4.304000e+04 -1.223758e+02 
4.305000e+04 -1.223772e+02 
4.306000e+04 -1.223786e+02 
4.307000e+04 -1.223799e+02 
4.308000e+04 -1.223813e+02 
4.309000e+04 -1.223826e+02 
4.310000e+04 -1.223840e+02 
4.311000e+04 -1.223854e+02 
4.312000e+04 -1.223868e+02 
4.313000e+04 -1.223881e+02 
4.314000e+04 -1.223895e+02 
4.315000e+04 -1.223908e+02 
4.316000e+04 -1.223922e+02 
4.317000e+04 -1.223935e+02 
4.318000e+04 -1.223949e+02 
4.319000e+04 -1.223963e+02 
4.320000e+04 -1.223977e+02 
4.321000e+04 -1.223990e+02 
4.322000e+04 -1.224004e+02 
4.323000e+04 -1.224017e+02 
4.324000e+04 -1.224031e+02 
4.325000e+04 -1.224044e+02 
4.326000e+04 -1.224058e+02 
4.327000e+04 -1.224071e+02 
4.328000e+04 -1.224085e+02 
4.329000e+04 -1.224099e+02 
4.330000e+04 -1.224112e+02 
4.331000e+04 -1.224126e+02 
4.332000e+04 -1.224140e+02 
4.333000e+04 -1.224153e+02 
4.334000e+04 -1.224167e+02 
4.335000e+04 -1.224180e+02 
4.336000e+04 -1.224193e+02 
4.337000e+04 -1.224207e+02 
4.338000e+04 -1.224221e+02 
4.339000e+04 -1.224235e+02 
4.340000e+04 -1.224248e+02 
4.341000e+04 -1.224262e+02 
4.342000e+04 -1.224275e+02 
4.343000e+04 -1.224289e+02 
4.344000e+04 -1.224302e+02 
4.345000e+04 -1.224316e+02 
4.346000e+04 -1.224329e+02 
4.347000e+04 -1.224343e+02 
4.348000e+04 -1.224356e+02 
4.349000e+04 -1.224369e+02 
4.350000e+04 -1.224383e+02 
4.351000e+04 -1.224397e+02 
4.352000e+04 -1.224410e+02 
4.353000e+04 -1.224424e+02 
4.354000e+04 -1.224437e+02 
4.355000e+04 -1.224451e+02 
4.356000e+04 -1.224464e+02 
4.357000e+04 -1.224477e+02 
4.358000e+04 -1.224491e+02 
4.359000e+04 -1.224504e+02 
4.360000e+04 -1.224518e+02 
4.361000e+04 -1.224531e+02 
4.362000e+04 -1.224544e+02 
4.363000e+04 -1.224558e+02 
4.364000e+04 -1.224572e+02 
4.365000e+04 -1.224585e+02 
4.366000e+04 -1.224598e+02 
4.367000e+04 -1.224611e+02 
4.368000e+04 -1.224625e+02 
4.369000e+04 -1.224638e+02 
4.370000e+04 -1.224651e+02 
4.371000e+04 -1.224665e+02 
4.372000e+04 -1.224678e+02 
4.373000e+04 -1.224692e+02 
4.374000e+04 -1.224705e+02 
4.375000e+04 -1.224718e+02 
4.376000e+04 -1.224732e+02 
4.377000e+04 -1.224745e+02 
4.378000e+04 -1.224758e+02 
4.379000e+04 -1.224771e+02 
4.380000e+04 -1.224785e+02 
4.381000e+04 -1.224798e+02 
4.382000e+04 -1.224811e+02 
4.383000e+04 -1.224825e+02 
4.384000e+04 -1.224837e+02 
4.385000e+04 -1.224851e+02 
4.386000e+04 -1.224865e+02 
4.387000e+04 -1.224877e+02 
4.388000e+04 -1.224891e+02 
4.389000e+04 -1.224905e+02 
4.390000e+04 -1.224917e+02 
4.391000e+04 -1.224930e+02 
4.392000e+04 -1.224945e+02 
4.393000e+04 -1.224957e+02 
4.394000e+04 -1.224970e+02 
4.395000e+04 -1.224983e+02 
4.396000e+04 -1.224997e+02 
4.397000e+04 -1.225009e+02 
4.398000e+04 -1.225023e+02 
4.399000e+04 -1.225034e+02 
4.400000e+04 -1.224744e+02 
4.401000e+04 -1.225064e+02 
4.402000e+04 -1.225078e+02 
4.403000e+04 -1.225091e+02 
4.404000e+04 -1.225105e+02 
4.405000e+04 -1.225118e+02 
4.406000e+04 -1.225132e+02 
4.407000e+04 -1.225145e+02 
4.408000e+04 -1.225159e+02 
4.409000e+04 -1.225172e+02 
4.410000e+04 -1.225185e+02 
4.411000e+04 -1.225198e+02 
4.412000e+04 -1.225212e+02 
4.413000e+04 -1.225226e+02 
4.414000e+04 -1.225238e+02 
4.415000e+04 -1.225251e+02 
4.416000e+04 -1.225265e+02 
4.417000e+04 -1.225279e+02 
4.418000e+04 -1.225292e+02 
4.419000e+04 -1.225305e+02 
4.420000e+04 -1.225319e+02 
4.421000e+04 -1.225332e+02 
4.422000e+04 -1.225345e+02 
4.423000e+04 -1.225359e+02 
4.424000e+04 -1.225372e+02 
4.425000e+04 -1.225385e+02 
4.426000e+04 -1.225398e+02 
4.427000e+04 -1.225412e+02 
4.428000e+04 -1.225425e+02 
4.429000e+04 -1.225439e+02 
4.430000e+04 -1.225452e+02 
4.431000e+04 -1.225465e+02 
4.432000e+04 -1.225479e+02 
4.433000e+04 -1.225492e+02 
4.434000e+04 -1.225504e+02 
4.435000e+04 -1.225518e+02 
4.436000e+04 -1.225531e+02 
4.437000e+04 -1.225544e+02 
4.438000e+04 -1.225557e+02 
4.439000e+04 -1.225570e+02 
4.440000e+04 -1.225584e+02 
4.441000e+04 -1.225596e+02 
4.442000e+04 -1.225610e+02 
4.443000e+04 -1.225624e+02 
4.444000e+04 -1.225636e+02 
4.445000e+04 -1.225650e+02 
4.446000e+04 -1.225662e+02 
4.447000e+04 -1.225675e+02 
4.448000e+04 -1.225689e+02 
4.449000e+04 -1.225702e+02 
4.450000e+04 -1.225715e+02 
4.451000e+04 -1.225728e+02 
4.452000e+04 -1.225742e+02 
4.453000e+04 -1.225754e+02 
4.454000e+04 -1.225768e+02 
4.455000e+04 -1.225781e+02 
4.456000e+04 -1.225794e+02 
4.457000e+04 -1.225807e+02 
4.458000e+04 -1.225820e+02 
4.459000e+04 -1.225833e+02 
4.460000e+04 -1.225846e+02 
4.461000e+04 -1.225860e+02 
4.462000e+04 -1.225872e+02 
4.463000e+04 -1.225885e+02 
4.464000e+04 -1.225899e+02 
4.465000e+04 -1.225912e+02 
4.466000e+04 -1.225924e+02 
4.467000e+04 -1.225937e+02 
4.468000e+04 -1.225951e+02 
4.469000e+04 -1.225963e+02 
4.470000e+04 -1.225976e+02 
4.471000e+04 -1.225990e+02 
4.472000e+04 -1.226003e+02 
4.473000e+04 -1.226016e+02 
4.474000e+04 -1.226029e+02 
4.475000e+04 -1.226042e+02 
4.476000e+04 -1.226055e+02 
4.477000e+04 -1.226068e+02 
4.478000e+04 -1.226080e+02 
4.479000e+04 -1.226094e+02 
4.480000e+04 -1.226107e+02 
4.481000e+04 -1.226120e+02 
4.482000e+04 -1.226132e+02 
4.483000e+04 -1.226145e+02 
4.484000e+04 -1.226159e+02 
4.485000e+04 -1.226171e+02 
4.486000e+04 -1.226184e+02 
4.487000e+04 -1.226198e+02 
4.488000e+04 -1.226210e+02 
4.489000e+04 -1.226223e+02 
4.490000e+04 -1.226236e+02 
4.491000e+04 -1.226249e+02 
4.492000e+04 -1.226262e+02 
4.493000e+04 -1.226275e+02 
4.494000e+04 -1.226288e+02 
4.495000e+04 -1.226301e+02 
4.496000e+04 -1.226314e+02 
4.497000e+04 -1.226327e+02 
4.498000e+04 -1.226340e+02 
4.499000e+04 -1.226353e+02 
4.500000e+04 -1.225361e+02 
4.501000e+04 -1.226378e+02 
4.502000e+04 -1.226391e+02 
4.503000e+04 -1.226403e+02 
4.504000e+04 -1.226416e+02 
4.505000e+04 -1.226428e+02 
4.506000e+04 -1.226442e+02 
4.507000e+04 -1.226455e+02 
4.508000e+04 -1.226467e+02 
4.509000e+04 -1.226480e+02 
4.510000e+04 -1.226492e+02 
4.511000e+04 -1.226505e+02 
4.512000e+04 -1.226517e+02 
4.513000e+04 -1.226531e+02 
4.514000e+04 -1.226543e+02 
4.515000e+04 -1.226556e+02 
4.516000e+04 -1.226569e+02 
4.517000e+04 -1.226581e+02 
4.518000e+04 -1.226594e+02 
4.519000e+04 -1.226607e+02 
4.520000e+04 -1.226619e+02 
4.521000e+04 -1.226632e+02 
4.522000e+04 -1.226644e+02 
4.523000e+04 -1.226658e+02 
4.524000e+04 -1.226670e+02 
4.525000e+04 -1.226683e+02 
4.526000e+04 -1.226695e+02 
4.527000e+04 -1.226708e+02 
4.528000e+04 -1.226721e+02 
4.529000e+04 -1.226733e+02 
4.530000e+04 -1.226746e+02 
4.531000e+04 -1.226758e+02 
4.532000e+04 -1.226771e+02 
4.533000e+04 -1.226783e+02 
4.534000e+04 -1.226797e+02 
4.535000e+04 -1.226808e+02 
4.536000e+04 -1.226822e+02 
4.537000e+04 -1.226834e+02 
4.538000e+04 -1.226847e+02 
4.539000e+04 -1.226859e+02 
4.540000e+04 -1.226873e+02 
4.541000e+04 -1.226885e+02 
4.542000e+04 -1.226897e+02 
4.543000e+04 -1.226909e+02 
4.544000e+04 -1.226922e+02 
4.545000e+04 -1.226935e+02 
4.546000e+04 -1.226947e+02 
4.547000e+04 -1.226960e+02 
4.548000e+04 -1.226973e+02 
4.549000e+04 -1.226985e+02 
4.550000e+04 -1.226998e+02 
4.551000e+04 -1.227010e+02 
4.552000e+04 -1.227023e+02 
4.553000e+04 -1.227035e+02 
4.554000e+04 -1.227048e+02 
4.555000e+04 -1.227060e+02 
4.556000e+04 -1.227073e+02 
4.557000e+04 -1.227085e+02 
4.558000e+04 -1.227098e+02 
4.559000e+04 -1.227111e+02 
4.560000e+04 -1.227123e+02 
4.561000e+04 -1.227135e+02 
4.562000e+04 -1.227148e+02 
4.563000e+04 -1.227160e+02 
4.564000e+04 -1.227172e+02 
4.565000e+04 -1.227185e+02 
4.566000e+04 -1.227197e+02 
4.567000e+04 -1.227210e+02 
4.568000e+04 -1.227223e+02 
4.569000e+04 -1.227235e+02 
4.570000e+04 -1.227247e+02 
4.571000e+04 -1.227260e+02 
4.572000e+04 -1.227272e+02 
4.573000e+04 -1.227285e+02 
4.574000e+04 -1.227297e+02 
4.575000e+04 -1.227309e+02 
4.576000e+04 -1.227322e+02 
4.577000e+04 -1.227335e+02 
4.578000e+04 -1.227347e+02 
4.579000e+04 -1.227359e+02 
4.580000e+04 -1.227372e+02 
4.581000e+04 -1.227384e+02 
4.582000e+04 -1.227396e+02 
4.583000e+04 -1.227408e+02 
4.584000e+04 -1.227421e+02 
4.585000e+04 -1.227433e+02 
4.586000e+04 -1.227446e+02 
4.587000e+04 -1.227458e+02 
4.588000e+04 -1.227471e+02 
4.589000e+04 -1.227483e+02 
4.590000e+04 -1.227495e+02 
4.591000e+04 -1.227507e+02 
4.592000e+04 -1.227520e+02 
4.593000e+04 -1.227532e+02 
4.594000e+04 -1.227544e+02 
4.595000e+04 -1.227557e+02 
4.596000e+04 -1.227569e+02 
4.597000e+04 -1.227581e+02 
4.598000e+04 -1.227593e+02 
4.599000e+04 -1.227604e+02 
4.600000e+04 -1.227540e+02 
4.601000e+04 -1.227631e+02 
4.602000e+04 -1.227645e+02 
4.603000e+04 -1.227656e+02 
4.604000e+04 -1.227669e+02 
4.605000e+04 -1.227681e+02 
4.606000e+04 -1.227694e+02 
4.607000e+04 -1.227706e+02 
4.608000e+04 -1.227718e+02 
4.609000e+04 -1.227731e+02 
4.610000e+04 -1.227743e+02 
4.611000e+04 -1.227756e+02 
4.612000e+04 -1.227768e+02 
4.613000e+04 -1.227780e+02 
4.614000e+04 -1.227793e+02 
4.615000e+04 -1.227805e+02 
4.616000e+04 -1.227818e+02 
4.617000e+04 -1.227830e+02 
4.618000e+04 -1.227842e+02 
4.619000e+04 -1.227854e+02 
4.620000e+04 -1.227867e+02 
4.621000e+04 -1.227879e+02 
4.622000e+04 -1.227892e+02 
4.623000e+04 -1.227904e+02 
4.624000e+04 -1.227917e+02 
4.625000e+04 -1.227929e+02 
4.626000e+04 -1.227941e+02 
4.627000e+04 -1.227954e+02 
4.628000e+04 -1.227966e+02 
4.629000e+04 -1.227979e+02 
4.630000e+04 -1.227991e+02 
4.631000e+04 -1.228003e+02 
4.632000e+04 -1.228015e+02 
4.633000e+04 -1.228028e+02 
4.634000e+04 -1.228040e+02 
4.635000e+04 -1.228052e+02 
4.636000e+04 -1.228064e+02 
4.637000e+04 -1.228077e+02 
4.638000e+04 -1.228089e+02 
4.639000e+04 -1.228101e+02 
4.640000e+04 -1.228114e+02 
4.641000e+04 -1.228126e+02 
4.642000e+04 -1.228138e+02 
4.643000e+04 -1.228151e+02 
4.644000e+04 -1.228163e+02 
4.645000e+04 -1.228175e+02 
4.646000e+04 -1.228187e+02 
4.647000e+04 -1.228199e+02 
4.648000e+04 -1.228212e+02 
4.649000e+04 -1.228224e+02 
4.650000e+04 -1.228236e+02 
4.651000e+04 -1.228248e+02 
4.652000e+04 -1.228261e+02 
4.653000e+04 -1.228273e+02 
4.654000e+04 -1.228285e+02 
4.655000e+04 -1.228297e+02 
4.656000e+04 -1.228309e+02 
4.657000e+04 -1.228321e+02 
4.658000e+04 -1.228333e+02 
4.659000e+04 -1.228346e+02 
4.660000e+04 -1.228358e+02 
4.661000e+04 -1.228371e+02 
4.662000e+04 -1.228382e+02 
4.663000e+04 -1.228394e+02 
4.664000e+04 -1.228407e+02 
4.665000e+04 -1.228419e+02 
4.666000e+04 -1.228431e+02 
4.667000e+04 -1.228442e+02 
4.668000e+04 -1.228455e+02 
4.669000e+04 -1.228467e+02 
4.670000e+04 -1.228479e+02 
4.671000e+04 -1.228492e+02 
4.672000e+04 -1.228504e+02 
4.673000e+04 -1.228516e+02 
4.674000e+04 -1.228528e+02 
4.675000e+04 -1.228540e+02 
4.676000e+04 -1.228552e+02 
4.677000e+04 -1.228564e+02 
4.678000e+04 -1.228576e+02 
4.679000e+04 -1.228588e+02 
4.680000e+04 -1.228601e+02 
4.681000e+04 -1.228612e+02 
4.682000e+04 -1.228624e+02 
4.683000e+04 -1.228637e+02 
4.684000e+04 -1.228649e+02 
4.685000e+04 -1.228661e+02 
4.686000e+04 -1.228674e+02 
4.687000e+04 -1.228684e+02 
4.688000e+04 -1.228697e+02 
4.689000e+04 -1.228710e+02 
4.690000e+04 -1.228721e+02 
4.691000e+04 -1.228734e+02 
4.692000e+04 -1.228746e+02 
4.693000e+04 -1.228757e+02 
4.694000e+04 -1.228769e+02 
4.695000e+04 -1.228782e+02 
4.696000e+04 -1.228793e+02 
4.697000e+04 -1.228806e+02 
4.698000e+04 -1.228817e+02 
4.699000e+04 -1.228830e+02 
4.700000e+04 -1.227876e+02 
4.701000e+04 -1.228854e+02 
4.702000e+04 -1.228866e+02 
4.703000e+04 -1.228878e+02 
4.704000e+04 -1.228889e+02 
4.705000e+04 -1.228901e+02 
4.706000e+04 -1.228913e+02 
4.707000e+04 -1.228925e+02 
4.708000e+04 -1.228936e+02 
4.709000e+04 -1.228948e+02 
4.710000e+04 -1.228960e+02 
4.711000e+04 -1.228972e+02 
4.712000e+04 -1.228984e+02 
4.713000e+04 -1.228996e+02 
4.714000e+04 -1.229008e+02 
4.715000e+04 -1.229020e+02 
4.716000e+04 -1.229032e+02 
4.717000e+04 -1.229043e+02 
4.718000e+04 -1.229055e+02 
4.719000e+04 -1.229068e+02 
4.720000e+04 -1.229078e+02 
4.721000e+04 -1.229090e+02 
4.722000e+04 -1.229102e+02 
4.723000e+04 -1.229114e+02 
4.724000e+04 -1.229125e+02 
4.725000e+04 -1.229137e+02 
4.726000e+04 -1.229149e+02 
4.727000e+04 -1.229161e+02 
4.728000e+04 -1.229173e+02 
4.729000e+04 -1.229185e+02 
4.730000e+04 -1.229197e+02 
4.731000e+04 -1.229208e+02 
4.732000e+04 -1.229220e+02 
4.733000e+04 -1.229232e+02 
4.734000e+04 -1.229243e+02 
4.735000e+04 -1.229255e+02 
4.736000e+04 -1.229267e+02 
4.737000e+04 -1.229279e+02 
4.738000e+04 -1.229290e+02 
4.739000e+04 -1.229302e+02 
4.740000e+04 -1.229314e+02 
4.741000e+04 -1.229325e+02 
4.742000e+04 -1.229337e+02 
4.743000e+04 -1.229349e+02 
4.744000e+04 -1.229361e+02 
4.745000e+04 -1.229373e+02 
4.746000e+04 -1.229384e+02 
4.747000e+04 -1.229396e+02 
4.748000e+04 -1.229407e+02 
4.749000e+04 -1.229419e+02 
4.750000e+04 -1.229431e+02 
4.751000e+04 -1.229443e+02 
4.752000e+04 -1.229454e+02 
4.753000e+04 -1.229466e+02 
4.754000e+04 -1.229478e+02 
4.755000e+04 -1.229489e+02 
4.756000e+04 -1.229501e+02 
4.757000e+04 -1.229513e+02 
4.758000e+04 -1.229524e+02 
4.759000e+04 -1.229536e+02 
4.760000e+04 -1.229548e+02 
4.761000e+04 -1.229559e+02 
4.762000e+04 -1.229571e+02 
4.763000e+04 -1.229582e+02 
4.764000e+04 -1.229594e+02 
4.765000e+04 -1.229606e+02 
4.766000e+04 -1.229618e+02 
4.767000e+04 -1.229629e+02 
4.768000e+04 -1.229641e+02 
4.769000e+04 -1.229652e+02 
4.770000e+04 -1.229664e+02 
4.771000e+04 -1.229675e+02 
4.772000e+04 -1.229687e+02 
4.773000e+04 -1.229698e+02 
4.774000e+04 -1.229710e+02 
4.775000e+04 -1.229722e+02 
4.776000e+04 -1.229733e+02 
4.777000e+04 -1.229744e+02 
4.778000e+04 -1.229757e+02 
4.779000e+04 -1.229768e+02 
4.780000e+04 -1.229780e+02 
4.781000e+04 -1.229791e+02 
4.782000e+04 -1.229803e+02 
4.783000e+04 -1.229814e+02 
4.784000e+04 -1.229826e+02 
4.785000e+04 -1.229837e+02 
4.786000e+04 -1.229849e+02 
4.787000e+04 -1.229860e+02 
4.788000e+04 -1.229872e+02 
4.789000e+04 -1.229883e+02 
4.790000e+04 -1.229895e+02 
4.791000e+04 -1.229906e+02 
4.792000e+04 -1.229918e+02 
4.793000e+04 -1.229929e+02 
4.794000e+04 -1.229940e+02 
4.795000e+04 -1.229952e+02 
4.796000e+04 -1.229963e+02 
4.797000e+04 -1.229975e+02 
4.798000e+04 -1.229986e+02 
4.799000e+04 -1.229996e+02 
4.800000e+04 -1.229783e+02 
4.801000e+04 -1.230023e+02 
4.802000e+04 -1.230034e+02 
4.803000e+04 -1.230046e+02 
4.804000e+04 -1.230057e+02 
4.805000e+04 -1.230069e+02 
4.806000e+04 -1.230080e+02 
4.807000e+04 -1.230092e+02 
4.808000e+04 -1.230103e+02 
4.809000e+04 -1.230115e+02 
4.810000e+04 -1.230127e+02 
4.811000e+04 -1.230138e+02 
4.812000e+04 -1.230149e+02 
4.813000e+04 -1.230161e+02 
4.814000e+04 -1.230172e+02 
4.815000e+04 -1.230184e+02 
4.816000e+04 -1.230196e+02 
4.817000e+04 -1.230207e+02 
4.818000e+04 -1.230219e+02 
4.819000e+04 -1.230231e+02 
4.820000e+04 -1.230242e+02 
4.821000e+04 -1.230254e+02 
4.822000e+04 -1.230265e+02 
4.823000e+04 -1.230277e+02 
4.824000e+04 -1.230288e+02 
4.825000e+04 -1.230300e+02 
4.826000e+04 -1.230312e+02 
4.827000e+04 -1.230323e+02 
4.828000e+04 -1.230334e+02 
4.829000e+04 -1.230346e+02 
4.830000e+04 -1.230357e+02 
4.831000e+04 -1.230368e+02 
4.832000e+04 -1.230380e+02 
4.833000e+04 -1.230392e+02 
4.834000e+04 -1.230403e+02 
4.835000e+04 -1.230415e+02 
4.836000e+04 -1.230426e+02 
4.837000e+04 -1.230437e+02 
4.838000e+04 -1.230449e+02 
4.839000e+04 -1.230460e+02 
4.840000e+04 -1.230472e+02 
4.841000e+04 -1.230483e+02 
4.842000e+04 -1.230495e+02 
4.843000e+04 -1.230506e+02 
4.844000e+04 -1.230517e+02 
4.845000e+04 -1.230529e+02 
4.846000e+04 -1.230541e+02 
4.847000e+04 -1.230551e+02 
4.848000e+04 -1.230563e+02 
4.849000e+04 -1.230574e+02 
4.850000e+04 -1.230586e+02 
4.851000e+04 -1.230597e+02 
4.852000e+04 -1.230608e+02 
4.853000e+04 -1.230620e+02 
4.854000e+04 -1.230631e+02 
4.855000e+04 -1.230642e+02 
4.856000e+04 -1.230654e+02 
4.857000e+04 -1.230665e+02 
4.858000e+04 -1.230676e+02 
4.859000e+04 -1.230688e+02 
4.860000e+04 -1.230700e+02 
4.861000e+04 -1.230711e+02 
4.862000e+04 -1.230721e+02 
4.863000e+04 -1.230733e+02 
4.864000e+04 -1.230745e+02 
4.865000e+04 -1.230755e+02 
4.866000e+04 -1.230767e+02 
4.867000e+04 -1.230779e+02 
4.868000e+04 -1.230789e+02 
4.869000e+04 -1.230801e+02 
4.870000e+04 -1.230812e+02 
4.871000e+04 -1.230824e+02 
4.872000e+04 -1.230835e+02 
4.873000e+04 -1.230846e+02 
4.874000e+04 -1.230857e+02 
4.875000e+04 -1.230869e+02 
4.876000e+04 -1.230879e+02 
4.877000e+04 -1.230891e+02 
4.878000e+04 -1.230902e+02 
4.879000e+04 -1.230914e+02 
4.880000e+04 -1.230925e+02 
4.881000e+04 -1.230937e+02 
4.882000e+04 -1.230948e+02 
4.883000e+04 -1.230959e+02 
4.884000e+04 -1.230970e+02 
4.885000e+04 -1.230982e+02 
4.886000e+04 -1.230993e+02 
4.887000e+04 -1.231004e+02 
4.888000e+04 -1.231015e+02 
4.889000e+04 -1.231027e+02 
4.890000e+04 -1.231038e+02 
4.891000e+04 -1.231049e+02 
4.892000e+04 -1.231060e+02 
4.893000e+04 -1.231071e+02 
4.894000e+04 -1.231083e+02 
4.895000e+04 -1.231094e+02 
4.896000e+04 -1.231105e+02 
4.897000e+04 -1.231116e+02 
4.898000e+04 -1.231128e+02 
4.899000e+04 -1.231139e+02 
4.900000e+04 -1.230161e+02 
4.901000e+04 -1.231162e+02 
4.902000e+04 -1.231173e+02 
4.903000e+04 -1.231184e+02 
4.904000e+04 -1.231195e+02 
4.905000e+04 -1.231206e+02 
4.906000e+04 -1.231217e+02 
4.907000e+04 -1.231228e+02 
4.908000e+04 -1.231239e+02 
4.909000e+04 -1.231250e+02 
4.910000e+04 -1.231261e+02 
4.911000e+04 -1.231273e+02 
4.912000e+04 -1.231284e+02 
4.913000e+04 -1.231295e+02 
4.914000e+04 -1.231306e+02 
4.915000e+04 -1.231317e+02 
4.916000e+04 -1.231328e+02 
4.917000e+04 -1.231339e+02 
4.918000e+04 -1.231350e+02 
4.919000e+04 -1.231361e+02 
4.920000e+04 -1.231372e+02 
4.921000e+04 -1.231383e+02 
4.922000e+04 -1.231394e+02 
4.923000e+04 -1.231405e+02 
4.924000e+04 -1.231416e+02 
4.925000e+04 -1.231427e+02 
4.926000e+04 -1.231438e+02 
4.927000e+04 -1.231449e+02 
4.928000e+04 -1.231460e+02 
4.929000e+04 -1.231471e+02 
4.930000e+04 -1.231483e+02 
4.931000e+04 -1.231493e+02 
4.932000e+04 -1.231504e+02 
4.933000e+04 -1.231515e+02 
4.934000e+04 -1.231526e+02 
4.935000e+04 -1.231537e+02 
4.936000e+04 -1.231548e+02 
4.937000e+04 -1.231558e+02 
4.938000e+04 -1.231570e+02 
4.939000e+04 -1.231581e+02 
4.940000e+04 -1.231592e+02 
4.941000e+04 -1.231602e+02 
4.942000e+04 -1.231613e+02 
4.943000e+04 -1.231624e+02 
4.944000e+04 -1.231635e+02 
4.945000e+04 -1.231646e+02 
4.946000e+04 -1.231657e+02 
4.947000e+04 -1.231668e+02 
4.948000e+04 -1.231679e+02 
4.949000e+04 -1.231690e+02 
4.950000e+04 -1.231701e+02 
4.951000e+04 -1.231711e+02 
4.952000e+04 -1.231722e+02 
4.953000e+04 -1.231734e+02 
4.954000e+04 -1.231744e+02 
4.955000e+04 -1.231755e+02 
4.956000e+04 -1.231766e+02 
4.957000e+04 -1.231777e+02 
4.958000e+04 -1.231788e+02 
4.959000e+04 -1.231799e+02 
4.960000e+04 -1.231809e+02 
4.961000e+04 -1.231820e+02 
4.962000e+04 -1.231831e+02 
4.963000e+04 -1.231842e+02 
4.964000e+04 -1.231853e+02 
4.965000e+04 -1.231864e+02 
4.966000e+04 -1.231875e+02 
4.967000e+04 -1.231885e+02 
4.968000e+04 -1.231896e+02 
4.969000e+04 -1.231907e+02 
4.970000e+04 -1.231917e+02 
4.971000e+04 -1.231929e+02 
4.972000e+04 -1.231940e+02 
4.973000e+04 -1.231950e+02 
4.974000e+04 -1.231961e+02 
4.975000e+04 -1.231972e+02 
4.976000e+04 -1.231982e+02 
4.977000e+04 -1.231994e+02 
4.978000e+04 -1.232004e+02 
4.979000e+04 -1.232015e+02 
4.980000e+04 -1.232026e+02 
4.981000e+04 -1.232036e+02 
4.982000e+04 -1.232047e+02 
4.983000e+04 -1.232058e+02 
4.984000e+04 -1.232069e+02 
4.985000e+04 -1.232080e+02 
4.986000e+04 -1.232091e+02 
4.987000e+04 -1.232101e+02 
4.988000e+04 -1.232112e+02 
4.989000e+04 -1.232123e+02 
4.990000e+04 -1.232133e+02 
4.991000e+04 -1.232144e+02 
4.992000e+04 -1.232154e+02 
4.993000e+04 -1.232166e+02 
4.994000e+04 -1.232176e+02 
4.995000e+04 -1.232187e+02 
4.996000e+04 -1.232198e+02 
4.997000e+04 -1.232208e+02 
4.998000e+04 -1.232217e+02 
4.999000e+04 -1.232227e+02 
5.000000e+04 -1.232069e+02 
5.001000e+04 -1.232253e+02 
5.002000e+04 -1.232264e+02 
5.003000e+04 -1.232275e+02 
5.004000e+04 -1.232286e+02 
5.005000e+04 -1.232296e+02 
5.006000e+04 -1.232308e+02 
5.007000e+04 -1.232318e+02 
5.008000e+04 -1.232329e+02 
5.009000e+04 -1.232340e+02 
5.010000e+04 -1.232351e+02 
5.011000e+04 -1.232361e+02 
5.012000e+04 -1.232373e+02 
5.013000e+04 -1.232383e+02 
5.014000e+04 -1.232394e+02 
5.015000e+04 -1.232405e+02 
5.016000e+04 -1.232415e+02 
5.017000e+04 -1.232426e+02 
5.018000e+04 -1.232437e+02 
5.019000e+04 -1.232448e+02 
5.020000e+04 -1.232459e+02 
5.021000e+04 -1.232470e+02 
5.022000e+04 -1.232480e+02 
5.023000e+04 -1.232491e+02 
5.024000e+04 -1.232502e+02 
5.025000e+04 -1.232513e+02 
5.026000e+04 -1.232524e+02 
5.027000e+04 -1.232534e+02 
5.028000e+04 -1.232545e+02 
5.029000e+04 -1.232555e+02 
5.030000e+04 -1.232565e+02 
5.031000e+04 -1.232577e+02 
5.032000e+04 -1.232588e+02 
5.033000e+04 -1.232599e+02 
5.034000e+04 -1.232609e+02 
5.035000e+04 -1.232620e+02 
5.036000e+04 -1.232631e+02 
5.037000e+04 -1.232641e+02 
5.038000e+04 -1.232652e+02 
5.039000e+04 -1.232663e+02 
5.040000e+04 -1.232673e+02 
5.041000e+04 -1.232684e+02 
5.042000e+04 -1.232694e+02 
5.043000e+04 -1.232706e+02 
5.044000e+04 -1.232716e+02 
5.045000e+04 -1.232727e+02 
5.046000e+04 -1.232738e+02 
5.047000e+04 -1.232748e+02 
5.048000e+04 -1.232758e+02 
5.049000e+04 -1.232770e+02 
5.050000e+04 -1.232780e+02 
5.051000e+04 -1.232791e+02 
5.052000e+04 -1.232801e+02 
5.053000e+04 -1.232812e+02 
5.054000e+04 -1.232822e+02 
5.055000e+04 -1.232833e+02 
5.056000e+04 -1.232843e+02 
5.057000e+04 -1.232855e+02 
5.058000e+04 -1.232865e+02 
5.059000e+04 -1.232875e+02 
5.060000e+04 -1.232886e+02 
5.061000e+04 -1.232897e+02 
5.062000e+04 -1.232906e+02 
5.063000e+04 -1.232917e+02 
5.064000e+04 -1.232928e+02 
5.065000e+04 -1.232939e+02 
5.066000e+04 -1.232949e+02 
5.067000e+04 -1.232960e+02 
5.068000e+04 -1.232970e+02 
5.069000e+04 -1.232981e+02 
5.070000e+04 -1.232992e+02 
5.071000e+04 -1.233002e+02 
5.072000e+04 -1.233013e+02 
5.073000e+04 -1.233023e+02 
5.074000e+04 -1.233033e+02 
5.075000e+04 -1.233044e+02 
5.076000e+04 -1.233055e+02 
5.077000e+04 -1.233065e+02 
5.078000e+04 -1.233076e+02 
5.079000e+04 -1.233087e+02 
5.080000e+04 -1.233097e+02 
5.081000e+04 -1.233108e+02 
5.082000e+04 -1.233118e+02 
5.083000e+04 -1.233128e+02 
5.084000e+04 -1.233139e+02 
5.085000e+04 -1.233149e+02 
5.086000e+04 -1.233160e+02 
5.087000e+04 -1.233170e+02 
5.088000e+04 -1.233180e+02 
5.089000e+04 -1.233191e+02 
5.090000e+04 -1.233202e+02 
5.091000e+04 -1.233212e+02 
5.092000e+04 -1.233223e+02 
5.093000e+04 -1.233233e+02 
5.094000e+04 -1.233244e+02 
5.095000e+04 -1.233254e+02 
5.096000e+04 -1.233265e+02 
5.097000e+04 -1.233275e+02 
5.098000e+04 -1.233285e+02 
5.099000e+04 -1.233296e+02 
5.100000e+04 -1.232393e+02 
5.101000e+04 -1.233318e+02 
5.102000e+04 -1.233328e+02 
5.103000e+04 -1.233338e+02 
5.104000e+04 -1.233349e+02 
5.105000e+04 -1.233359e+02 
5.106000e+04 -1.233369e+02 
5.107000e+04 -1.233380e+02 
5.108000e+04 -1.233390e+02 
5.109000e+04 -1.233401e+02 
5.110000e+04 -1.233411e+02 
5.111000e+04 -1.233421e+02 
5.112000e+04 -1.233432e+02 
5.113000e+04 -1.233442e+02 
5.114000e+04 -1.233453e+02 
5.115000e+04 -1.233463e+02 
5.116000e+04 -1.233474e+02 
5.117000e+04 -1.233483e+02 
5.118000e+04 -1.233494e+02 
5.119000e+04 -1.233504e+02 
5.120000e+04 -1.233514e+02 
5.121000e+04 -1.233525e+02 
5.122000e+04 -1.233535e+02 
5.123000e+04 -1.233545e+02 
5.124000e+04 -1.233556e+02 
5.125000e+04 -1.233566e+02 
5.126000e+04 -1.233576e+02 
5.127000e+04 -1.233586e+02 
5.128000e+04 -1.233597e+02 
5.129000e+04 -1.233607e+02 
5.130000e+04 -1.233617e+02 
5.131000e+04 -1.233628e+02 
5.132000e+04 -1.233638e+02 
5.133000e+04 -1.233648e+02 
5.134000e+04 -1.233659e+02 
5.135000e+04 -1.233668e+02 
5.136000e+04 -1.233679e+02 
5.137000e+04 -1.233689e+02 
5.138000e+04 -1.233700e+02 
5.139000e+04 -1.233710e+02 
5.140000e+04 -1.233720e+02 
5.141000e+04 -1.233730e+02 
5.142000e+04 -1.233740e+02 
5.143000e+04 -1.233751e+02 
5.144000e+04 -1.233761e+02 
5.145000e+04 -1.233771e+02 
5.146000e+04 -1.233781e+02 
5.147000e+04 -1.233792e+02 
5.148000e+04 -1.233802e+02 
5.149000e+04 -1.233812e+02 
5.150000e+04 -1.233822e+02 
5.151000e+04 -1.233833e+02 
5.152000e+04 -1.233842e+02 
5.153000e+04 -1.233853e+02 
5.154000e+04 -1.233863e+02 
5.155000e+04 -1.233873e+02 
5.156000e+04 -1.233883e+02 
5.157000e+04 -1.233893e+02 
5.158000e+04 -1.233904e+02 
5.159000e+04 -1.233914e+02 
5.160000e+04 -1.233924e+02 
5.161000e+04 -1.233934e+02 
5.162000e+04 -1.233945e+02 
5.163000e+04 -1.233954e+02 
5.164000e+04 -1.233964e+02 
5.165000e+04 -1.233975e+02 
5.166000e+04 -1.233984e+02 
5.167000e+04 -1.233995e+02 
5.168000e+04 -1.234005e+02 
5.169000e+04 -1.234015e+02 
5.170000e+04 -1.234025e+02 
5.171000e+04 -1.234035e+02 
5.172000e+04 -1.234045e+02 
5.173000e+04 -1.234055e+02 
5.174000e+04 -1.234065e+02 
5.175000e+04 -1.234076e+02 
5.176000e+04 -1.234085e+02 
5.177000e+04 -1.234096e+02 
5.178000e+04 -1.234106e+02 
5.179000e+04 -1.234116e+02 
5.180000e+04 -1.234126e+02 
5.181000e+04 -1.234136e+02 
5.182000e+04 -1.234146e+02 
5.183000e+04 -1.234156e+02 
5.184000e+04 -1.234166e+02 
5.185000e+04 -1.234176e+02 
5.186000e+04 -1.234186e+02 
5.187000e+04 -1.234196e+02 
5.188000e+04 -1.234206e+02 
5.189000e+04 -1.234216e+02 
5.190000e+04 -1.234226e+02 
5.191000e+04 -1.234236e+02 
5.192000e+04 -1.234246e+02 
5.193000e+04 -1.234257e+02 
5.194000e+04 -1.234267e+02 
5.195000e+04 -1.234276e+02 
5.196000e+04 -1.234286e+02 
5.197000e+04 -1.234296e+02 
5.198000e+04 -1.234306e+02 
5.199000e+04 -1.234313e+02 
5.200000e+04 -1.234326e+02 
5.201000e+04 -1.234337e+02 
5.202000e+04 -1.234348e+02 
5.203000e+04 -1.234358e+02 
5.204000e+04 -1.234368e+02 
5.205000e+04 -1.234378e+02 
5.206000e+04 -1.234388e+02 
5.207000e+04 -1.234399e+02 
5.208000e+04 -1.234409e+02 
5.209000e+04 -1.234419e+02 
5.210000e+04 -1.234429e+02 
5.211000e+04 -1.234439e+02 
5.212000e+04 -1.234450e+02 
5.213000e+04 -1.234459e+02 
5.214000e+04 -1.234470e+02 
5.215000e+04 -1.234480e+02 
5.216000e+04 -1.234490e+02 
5.217000e+04 -1.234501e+02 
5.218000e+04 -1.234510e+02 
5.219000e+04 -1.234520e+02 
5.220000e+04 -1.234530e+02 
5.221000e+04 -1.234540e+02 
5.222000e+04 -1.234551e+02 
5.223000e+04 -1.234560e+02 
5.224000e+04 -1.234571e+02 
5.225000e+04 -1.234581e+02 
5.226000e+04 -1.234591e+02 
5.227000e+04 -1.234601e+02 
5.228000e+04 -1.234611e+02 
5.229000e+04 -1.234621e+02 
5.230000e+04 -1.234631e+02 
5.231000e+04 -1.234641e+02 
5.232000e+04 -1.234651e+02 
5.233000e+04 -1.234661e+02 
5.234000e+04 -1.234671e+02 
5.235000e+04 -1.234682e+02 
5.236000e+04 -1.234691e+02 
5.237000e+04 -1.234702e+02 
5.238000e+04 -1.234712e+02 
5.239000e+04 -1.234722e+02 
5.240000e+04 -1.234732e+02 
5.241000e+04 -1.234742e+02 
5.242000e+04 -1.234752e+02 
5.243000e+04 -1.234761e+02 
5.244000e+04 -1.234772e+02 
5.245000e+04 -1.234782e+02 
5.246000e+04 -1.234791e+02 
5.247000e+04 -1.234801e+02 
5.248000e+04 -1.234812e+02 
5.249000e+04 -1.234821e+02 
5.250000e+04 -1.234832e+02 
5.251000e+04 -1.234841e+02 
5.252000e+04 -1.234851e+02 
5.253000e+04 -1.234861e+02 
5.254000e+04 -1.234871e+02 
5.255000e+04 -1.234881e+02 
5.256000e+04 -1.234891e+02 
5.257000e+04 -1.234901e+02 
5.258000e+04 -1.234911e+02 
5.259000e+04 -1.234921e+02 
5.260000e+04 -1.234931e+02 
5.261000e+04 -1.234941e+02 
5.262000e+04 -1.234950e+02 
5.263000e+04 -1.234960e+02 
5.264000e+04 -1.234970e+02 
5.265000e+04 -1.234981e+02 
5.266000e+04 -1.234990e+02 
5.267000e+04 -1.235000e+02 
5.268000e+04 -1.235010e+02 
5.269000e+04 -1.235020e+02 
5.270000e+04 -1.235030e+02 
5.271000e+04 -1.235040e+02 
5.272000e+04 -1.235050e+02 
5.273000e+04 -1.235059e+02 
5.274000e+04 -1.235069e+02 
5.275000e+04 -1.235079e+02 
5.276000e+04 -1.235089e+02 
5.277000e+04 -1.235099e+02 
5.278000e+04 -1.235109e+02 
5.279000e+04 -1.235118e+02 
5.280000e+04 -1.235128e+02 
5.281000e+04 -1.235138e+02 
5.282000e+04 -1.235147e+02 
5.283000e+04 -1.235158e+02 
5.284000e+04 -1.235168e+02 
5.285000e+04 -1.235177e+02 
5.286000e+04 -1.235187e+02 
5.287000e+04 -1.235197e+02 
5.288000e+04 -1.235207e+02 
5.289000e+04 -1.235217e+02 
5.290000e+04 -1.235226e+02 
5.291000e+04 -1.235236e+02 
5.292000e+04 -1.235246e+02 
5.293000e+04 -1.235255e+02 
5.294000e+04 -1.235266e+02 
5.295000e+04 -1.235275e+02 
5.296000e+04 -1.235285e+02 
5.297000e+04 -1.235295e+02 
5.298000e+04 -1.235305e+02 
5.299000e+04 -1.235314e+02 
5.300000e+04 -1.234501e+02 
5.301000e+04 -1.235334e+02 
5.302000e+04 -1.235344e+02 
5.303000e+04 -1.235354e+02 
5.304000e+04 -1.235364e+02 
5.305000e+04 -1.235373e+02 
5.306000e+04 -1.235383e+02 
5.307000e+04 -1.235392e+02 
5.308000e+04 -1.235402e+02 
5.309000e+04 -1.235412e+02 
5.310000e+04 -1.235422e+02 
5.311000e+04 -1.235432e+02 
5.312000e+04 -1.235441e+02 
5.313000e+04 -1.235451e+02 
5.314000e+04 -1.235461e+02 
5.315000e+04 -1.235471e+02 
5.316000e+04 -1.235480e+02 
5.317000e+04 -1.235490e+02 
5.318000e+04 -1.235500e+02 
5.319000e+04 -1.235509e+02 
5.320000e+04 -1.235519e+02 
5.321000e+04 -1.235528e+02 
5.322000e+04 -1.235539e+02 
5.323000e+04 -1.235548e+02 
5.324000e+04 -1.235558e+02 
5.325000e+04 -1.235567e+02 
5.326000e+04 -1.235577e+02 
5.327000e+04 -1.235587e+02 
5.328000e+04 -1.235596e+02 
5.329000e+04 -1.235606e+02 
5.330000e+04 -1.235616e+02 
5.331000e+04 -1.235625e+02 
5.332000e+04 -1.235635e+02 
5.333000e+04 -1.235645e+02 
5.334000e+04 -1.235654e+02 
5.335000e+04 -1.235664e+02 
5.336000e+04 -1.235674e+02 
5.337000e+04 -1.235683e+02 
5.338000e+04 -1.235693e+02 
5.339000e+04 -1.235702e+02 
5.340000e+04 -1.235712e+02 
5.341000e+04 -1.235722e+02 
5.342000e+04 -1.235731e+02 
5.343000e+04 -1.235740e+02 
5.344000e+04 -1.235750e+02 
5.345000e+04 -1.235760e+02 
5.346000e+04 -1.235769e+02 
5.347000e+04 -1.235780e+02 
5.348000e+04 -1.235788e+02 
5.349000e+04 -1.235798e+02 
5.350000e+04 -1.235808e+02 
5.351000e+04 -1.235817e+02 
5.352000e+04 -1.235827e+02 
5.353000e+04 -1.235836e+02 
5.354000e+04 -1.235846e+02 
5.355000e+04 -1.235855e+02 
5.356000e+04 -1.235865e+02 
5.357000e+04 -1.235875e+02 
5.358000e+04 -1.235884e+02 
5.359000e+04 -1.235894e+02 
5.360000e+04 -1.235903e+02 
5.361000e+04 -1.235913e+02 
5.362000e+04 -1.235922e+02 
5.363000e+04 -1.235932e+02 
5.364000e+04 -1.235941e+02 
5.365000e+04 -1.235951e+02 
5.366000e+04 -1.235960e+02 
5.367000e+04 -1.235970e+02 
5.368000e+04 -1.235979e+02 
5.369000e+04 -1.235989e+02 
5.370000e+04 -1.235998e+02 
5.371000e+04 -1.236008e+02 
5.372000e+04 -1.236017e+02 
5.373000e+04 -1.236027e+02 
5.374000e+04 -1.236036e+02 
5.375000e+04 -1.236046e+02 
5.376000e+04 -1.236055e+02 
5.377000e+04 -1.236064e+02 
5.378000e+04 -1.236074e+02 
5.379000e+04 -1.236084e+02 
5.380000e+04 -1.236093e+02 
5.381000e+04 -1.236102e+02 
5.382000e+04 -1.236112e+02 
5.383000e+04 -1.236122e+02 
5.384000e+04 -1.236130e+02 
5.385000e+04 -1.236139e+02 
5.386000e+04 -1.236149e+02 
5.387000e+04 -1.236159e+02 
5.388000e+04 -1.236168e+02 
5.389000e+04 -1.236178e+02 
5.390000e+04 -1.236187e+02 
5.391000e+04 -1.236197e+02 
5.392000e+04 -1.236206e+02 
5.393000e+04 -1.236215e+02 
5.394000e+04 -1.236225e+02 
5.395000e+04 -1.236234e+02 
5.396000e+04 -1.236243e+02 
5.397000e+04 -1.236252e+02 
5.398000e+04 -1.236261e+02 
5.399000e+04 -1.236269e+02 
5.400000e+04 -1.236331e+02 
5.401000e+04 -1.236291e+02 
5.402000e+04 -1.236301e+02 
5.403000e+04 -1.236310e+02 
5.404000e+04 -1.236319e+02 
5.405000e+04 -1.236328e+02 
5.406000e+04 -1.236339e+02 
5.407000e+04 -1.236347e+02 
5.408000e+04 -1.236357e+02 
5.409000e+04 -1.236367e+02 
5.410000e+04 -1.236376e+02 
5.411000e+04 -1.236386e+02 
5.412000e+04 -1.236395e+02 
5.413000e+04 -1.236404e+02 
5.414000e+04 -1.236414e+02 
5.415000e+04 -1.236424e+02 
5.416000e+04 -1.236433e+02 
5.417000e+04 -1.236443e+02 
5.418000e+04 -1.236453e+02 
5.419000e+04 -1.236462e+02 
5.420000e+04 -1.236471e+02 
5.421000e+04 -1.236480e+02 
5.422000e+04 -1.236490e+02 
5.423000e+04 -1.236499e+02 
5.424000e+04 -1.236509e+02 
5.425000e+04 -1.236518e+02 
5.426000e+04 -1.236528e+02 
5.427000e+04 -1.236537e+02 
5.428000e+04 -1.236547e+02 
5.429000e+04 -1.236556e+02 
5.430000e+04 -1.236565e+02 
5.431000e+04 -1.236575e+02 
5.432000e+04 -1.236584e+02 
5.433000e+04 -1.236594e+02 
5.434000e+04 -1.236603e+02 
5.435000e+04 -1.236612e+02 
5.436000e+04 -1.236621e+02 
5.437000e+04 -1.236632e+02 
5.438000e+04 -1.236640e+02 
5.439000e+04 -1.236650e+02 
5.440000e+04 -1.236660e+02 
5.441000e+04 -1.236669e+02 
5.442000e+04 -1.236678e+02 
5.443000e+04 -1.236688e+02 
5.444000e+04 -1.236697e+02 
5.445000e+04 -1.236706e+02 
5.446000e+04 -1.236716e+02 
5.447000e+04 -1.236725e+02 
5.448000e+04 -1.236735e+02 
5.449000e+04 -1.236743e+02 
5.450000e+04 -1.236753e+02 
5.451000e+04 -1.236762e+02 
5.452000e+04 -1.236772e+02 
5.453000e+04 -1.236781e+02 
5.454000e+04 -1.236791e+02 
5.455000e+04 -1.236800e+02 
5.456000e+04 -1.236809e+02 
5.457000e+04 -1.236818e+02 
5.458000e+04 -1.236828e+02 
5.459000e+04 -1.236837e+02 
5.460000e+04 -1.236846e+02 
5.461000e+04 -1.236856e+02 
5.462000e+04 -1.236864e+02 
5.463000e+04 -1.236874e+02 
5.464000e+04 -1.236883e+02 
5.465000e+04 -1.236893e+02 
5.466000e+04 -1.236902e+02 
5.467000e+04 -1.236911e+02 
5.468000e+04 -1.236921e+02 
5.469000e+04 -1.236929e+02 
5.470000e+04 -1.236939e+02 
5.471000e+04 -1.236948e+02 
5.472000e+04 -1.236958e+02 
5.473000e+04 -1.236967e+02 
5.474000e+04 -1.236977e+02 
5.475000e+04 -1.236985e+02 
5.476000e+04 -1.236994e+02 
5.477000e+04 -1.237004e+02 
5.478000e+04 -1.237013e+02 
5.479000e+04 -1.237022e+02 
5.480000e+04 -1.237031e+02 
5.481000e+04 -1.237041e+02 
5.482000e+04 -1.237050e+02 
5.483000e+04 -1.237059e+02 
5.484000e+04 -1.237068e+02 
5.485000e+04 -1.237078e+02 
5.486000e+04 -1.237086e+02 
5.487000e+04 -1.237096e+02 
5.488000e+04 -1.237105e+02 
5.489000e+04 -1.237115e+02 
5.490000e+04 -1.237124e+02 
5.491000e+04 -1.237133e+02 
5.492000e+04 -1.237142e+02 
5.493000e+04 -1.237151e+02 
5.494000e+04 -1.237161e+02 
5.495000e+04 -1.237170e+02 
5.496000e+04 -1.237179e+02 
5.497000e+04 -1.237188e+02 
5.498000e+04 -1.237197e+02 
5.499000e+04 -1.237207e+02 
5.500000e+04 -1.236518e+02 
5.501000e+04 -1.237225e+02 
5.502000e+04 -1.237234e+02 
5.503000e+04 -1.237243e+02 
5.504000e+04 -1.237252e+02 
5.505000e+04 -1.237261e+02 
5.506000e+04 -1.237270e+02 
5.507000e+04 -1.237280e+02 
5.508000e+04 -1.237289e+02 
5.509000e+04 -1.237298e+02 
5.510000e+04 -1.237307e+02 
5.511000e+04 -1.237316e+02 
5.512000e+04 -1.237325e+02 
5.513000e+04 -1.237335e+02 
5.514000e+04 -1.237343e+02 
5.515000e+04 -1.237352e+02 
5.516000e+04 -1.237362e+02 
5.517000e+04 -1.237371e+02 
5.518000e+04 -1.237380e+02 
5.519000e+04 -1.237390e+02 
5.520000e+04 -1.237398e+02 
5.521000e+04 -1.237407e+02 
5.522000e+04 -1.237417e+02 
5.523000e+04 -1.237425e+02 
5.524000e+04 -1.237434e+02 
5.525000e+04 -1.237444e+02 
5.526000e+04 -1.237453e+02 
5.527000e+04 -1.237462e+02 
5.528000e+04 -1.237471e+02 
5.529000e+04 -1.237481e+02 
5.530000e+04 -1.237489e+02 
5.531000e+04 -1.237498e+02 
5.532000e+04 -1.237507e+02 
5.533000e+04 -1.237516e+02 
5.534000e+04 -1.237525e+02 
5.535000e+04 -1.237534e+02 
5.536000e+04 -1.237544e+02 
5.537000e+04 -1.237552e+02 
5.538000e+04 -1.237562e+02 
5.539000e+04 -1.237570e+02 
5.540000e+04 -1.237580e+02 
5.541000e+04 -1.237588e+02 
5.542000e+04 -1.237597e+02 
5.543000e+04 -1.237607e+02 
5.544000e+04 -1.237615e+02 
5.545000e+04 -1.237624e+02 
5.546000e+04 -1.237634e+02 
5.547000e+04 -1.237643e+02 
5.548000e+04 -1.237652e+02 
5.549000e+04 -1.237661e+02 
5.550000e+04 -1.237670e+02 
5.551000e+04 -1.237678e+02 
5.552000e+04 -1.237687e+02 
5.553000e+04 -1.237696e+02 
5.554000e+04 -1.237705e+02 
5.555000e+04 -1.237714e+02 
5.556000e+04 -1.237724e+02 
5.557000e+04 -1.237732e+02 
5.558000e+04 -1.237741e+02 
5.559000e+04 -1.237750e+02 
5.560000e+04 -1.237759e+02 
5.561000e+04 -1.237768e+02 
5.562000e+04 -1.237777e+02 
5.563000e+04 -1.237786e+02 
5.564000e+04 -1.237795e+02 
5.565000e+04 -1.237803e+02 
5.566000e+04 -1.237812e+02 
5.567000e+04 -1.237821e+02 
5.568000e+04 -1.237830e+02 
5.569000e+04 -1.237840e+02 
5.570000e+04 -1.237849e+02 
5.571000e+04 -1.237858e+02 
5.572000e+04 -1.237866e+02 
5.573000e+04 -1.237875e+02 
5.574000e+04 -1.237884e+02 
5.575000e+04 -1.237893e+02 
5.576000e+04 -1.237902e+02 
5.577000e+04 -1.237911e+02 
5.578000e+04 -1.237919e+02 
5.579000e+04 -1.237929e+02 
5.580000e+04 -1.237937e+02 
5.581000e+04 -1.237946e+02 
5.582000e+04 -1.237955e+02 
5.583000e+04 -1.237964e+02 
5.584000e+04 -1.237973e+02 
5.585000e+04 -1.237982e+02 
5.586000e+04 -1.237991e+02 
5.587000e+04 -1.237999e+02 
5.588000e+04 -1.238008e+02 
5.589000e+04 -1.238017e+02 
5.590000e+04 -1.238026e+02 
5.591000e+04 -1.238035e+02 
5.592000e+04 -1.238043e+02 
5.593000e+04 -1.238052e+02 
5.594000e+04 -1.238061e+02 
5.595000e+04 -1.238070e+02 
5.596000e+04 -1.238079e+02 
5.597000e+04 -1.238087e+02 
5.598000e+04 -1.238096e+02 
5.599000e+04 -1.238103e+02 
5.600000e+04 -1.238265e+02 
5.601000e+04 -1.238123e+02 
5.602000e+04 -1.238133e+02 
5.603000e+04 -1.238141e+02 
5.604000e+04 -1.238150e+02 
5.605000e+04 -1.238160e+02 
5.606000e+04 -1.238168e+02 
5.607000e+04 -1.238177e+02 
5.608000e+04 -1.238186e+02 
5.609000e+04 -1.238194e+02 
5.610000e+04 -1.238203e+02 
5.611000e+04 -1.238212e+02 
5.612000e+04 -1.238221e+02 
5.613000e+04 -1.238231e+02 
5.614000e+04 -1.238240e+02 
5.615000e+04 -1.238248e+02 
5.616000e+04 -1.238257e+02 
5.617000e+04 -1.238266e+02 
5.618000e+04 -1.238275e+02 
5.619000e+04 -1.238283e+02 
5.620000e+04 -1.238292e+02 
5.621000e+04 -1.238301e+02 
5.622000e+04 -1.238310e+02 
5.623000e+04 -1.238319e+02 
5.624000e+04 -1.238328e+02 
5.625000e+04 -1.238337e+02 
5.626000e+04 -1.238346e+02 
5.627000e+04 -1.238354e+02 
5.628000e+04 -1.238363e+02 
5.629000e+04 -1.238372e+02 
5.630000e+04 -1.238380e+02 
5.631000e+04 -1.238390e+02 
5.632000e+04 -1.238398e+02 
5.633000e+04 -1.238407e+02 
5.634000e+04 -1.238416e+02 
5.635000e+04 -1.238425e+02 
5.636000e+04 -1.238434e+02 
5.637000e+04 -1.238442e+02 
5.638000e+04 -1.238452e+02 
5.639000e+04 -1.238460e+02 
5.640000e+04 -1.238469e+02 
5.641000e+04 -1.238478e+02 
5.642000e+04 -1.238487e+02 
5.643000e+04 -1.238495e+02 
5.644000e+04 -1.238504e+02 
5.645000e+04 -1.238513e+02 
5.646000e+04 -1.238522e+02 
5.647000e+04 -1.238531e+02 
5.648000e+04 -1.238540e+02 
5.649000e+04 -1.238548e+02 
5.650000e+04 -1.238557e+02 
5.651000e+04 -1.238566e+02 
5.652000e+04 -1.238574e+02 
5.653000e+04 -1.238583e+02 
5.654000e+04 -1.238592e+02 
5.655000e+04 -1.238601e+02 
5.656000e+04 -1.238609e+02 
5.657000e+04 -1.238618e+02 
5.658000e+04 -1.238627e+02 
5.659000e+04 -1.238636e+02 
5.660000e+04 -1.238644e+02 
5.661000e+04 -1.238653e+02 
5.662000e+04 -1.238661e+02 
5.663000e+04 -1.238670e+02 
5.664000e+04 -1.238679e+02 
5.665000e+04 -1.238688e+02 
5.666000e+04 -1.238697e+02 
5.667000e+04 -1.238705e+02 
5.668000e+04 -1.238714e+02 
5.669000e+04 -1.238722e+02 
5.670000e+04 -1.238731e+02 
5.671000e+04 -1.238740e+02 
5.672000e+04 -1.238749e+02 
5.673000e+04 -1.238758e+02 
5.674000e+04 -1.238766e+02 
5.675000e+04 -1.238775e+02 
5.676000e+04 -1.238783e+02 
5.677000e+04 -1.238792e+02 
5.678000e+04 -1.238800e+02 
5.679000e+04 -1.238810e+02 
5.680000e+04 -1.238818e+02 
5.681000e+04 -1.238827e+02 
5.682000e+04 -1.238835e+02 
5.683000e+04 -1.238844e+02 
5.684000e+04 -1.238853e+02 
5.685000e+04 -1.238862e+02 
5.686000e+04 -1.238871e+02 
5.687000e+04 -1.238879e+02 
5.688000e+04 -1.238888e+02 
5.689000e+04 -1.238896e+02 
5.690000e+04 -1.238905e+02 
5.691000e+04 -1.238913e+02 
5.692000e+04 -1.238922e+02 
5.693000e+04 -1.238931e+02 
5.694000e+04 -1.238939e+02 
5.695000e+04 -1.238948e+02 
5.696000e+04 -1.238957e+02 
5.697000e+04 -1.238966e+02 
5.698000e+04 -1.238974e+02 
5.699000e+04 -1.238983e+02 
5.700000e+04 -1.238336e+02 
5.701000e+04 -1.239000e+02 
5.702000e+04 -1.239008e+02 
5.703000e+04 -1.239017e+02 
5.704000e+04 -1.239025e+02 
5.705000e+04 -1.239034e+02 
5.706000e+04 -1.239043e+02 
5.707000e+04 -1.239051e+02 
5.708000e+04 -1.239060e+02 
5.709000e+04 -1.239068e+02 
5.710000e+04 -1.239078e+02 
5.711000e+04 -1.239086e+02 
5.712000e+04 -1.239095e+02 
5.713000e+04 -1.239103e+02 
5.714000e+04 -1.239112e+02 
5.715000e+04 -1.239121e+02 
5.716000e+04 -1.239128e+02 
5.717000e+04 -1.239137e+02 
5.718000e+04 -1.239146e+02 
5.719000e+04 -1.239155e+02 
5.720000e+04 -1.239163e+02 
5.721000e+04 -1.239172e+02 
5.722000e+04 -1.239180e+02 
5.723000e+04 -1.239188e+02 
5.724000e+04 -1.239197e+02 
5.725000e+04 -1.239205e+02 
5.726000e+04 -1.239215e+02 
5.727000e+04 -1.239223e+02 
5.728000e+04 -1.239232e+02 
5.729000e+04 -1.239240e+02 
5.730000e+04 -1.239249e+02 
5.731000e+04 -1.239257e+02 
5.732000e+04 -1.239266e+02 
5.733000e+04 -1.239274e+02 
5.734000e+04 -1.239283e+02 
5.735000e+04 -1.239291e+02 
5.736000e+04 -1.239299e+02 
5.737000e+04 -1.239308e+02 
5.738000e+04 -1.239317e+02 
5.739000e+04 -1.239325e+02 
5.740000e+04 -1.239334e+02 
5.741000e+04 -1.239342e+02 
5.742000e+04 -1.239350e+02 
5.743000e+04 -1.239359e+02 
5.744000e+04 -1.239367e+02 
5.745000e+04 -1.239376e+02 
5.746000e+04 -1.239384e+02 
5.747000e+04 -1.239392e+02 
5.748000e+04 -1.239401e+02 
5.749000e+04 -1.239409e+02 
5.750000e+04 -1.239418e+02 
5.751000e+04 -1.239426e+02 
5.752000e+04 -1.239435e+02 
5.753000e+04 -1.239443e+02 
5.754000e+04 -1.239452e+02 
5.755000e+04 -1.239460e+02 
5.756000e+04 -1.239469e+02 
5.757000e+04 -1.239478e+02 
5.758000e+04 -1.239486e+02 
5.759000e+04 -1.239494e+02 
5.760000e+04 -1.239502e+02 
5.761000e+04 -1.239510e+02 
5.762000e+04 -1.239519e+02 
5.763000e+04 -1.239527e+02 
5.764000e+04 -1.239536e+02 
5.765000e+04 -1.239545e+02 
5.766000e+04 -1.239553e+02 
5.767000e+04 -1.239561e+02 
5.768000e+04 -1.239569e+02 
5.769000e+04 -1.239578e+02 
5.770000e+04 -1.239586e+02 
5.771000e+04 -1.239594e+02 
5.772000e+04 -1.239602e+02 
5.773000e+04 -1.239611e+02 
5.774000e+04 -1.239620e+02 
5.775000e+04 -1.239628e+02 
5.776000e+04 -1.239636e+02 
5.777000e+04 -1.239644e+02 
5.778000e+04 -1.239653e+02 
5.779000e+04 -1.239662e+02 
5.780000e+04 -1.239670e+02 
5.781000e+04 -1.239678e+02 
5.782000e+04 -1.239686e+02 
5.783000e+04 -1.239695e+02 
5.784000e+04 -1.239703e+02 
5.785000e+04 -1.239712e+02 
5.786000e+04 -1.239720e+02 
5.787000e+04 -1.239728e+02 
5.788000e+04 -1.239736e+02 
5.789000e+04 -1.239745e+02 
5.790000e+04 -1.239753e+02 
5.791000e+04 -1.239761e+02 
5.792000e+04 -1.239770e+02 
5.793000e+04 -1.239778e+02 
5.794000e+04 -1.239786e+02 
5.795000e+04 -1.239795e+02 
5.796000e+04 -1.239803e+02 
5.797000e+04 -1.239811e+02 
5.798000e+04 -1.239819e+02 
5.799000e+04 -1.239826e+02 
5.800000e+04 -1.239935e+02 
5.801000e+04 -1.239845e+02 
5.802000e+04 -1.239854e+02 
5.803000e+04 -1.239862e+02 
5.804000e+04 -1.239870e+02 
5.805000e+04 -1.239879e+02 
5.806000e+04 -1.239887e+02 
5.807000e+04 -1.239895e+02 
5.808000e+04 -1.239904e+02 
5.809000e+04 -1.239912e+02 
5.810000e+04 -1.239921e+02 
5.811000e+04 -1.239929e+02 
5.812000e+04 -1.239938e+02 
5.813000e+04 -1.239946e+02 
5.814000e+04 -1.239954e+02 
5.815000e+04 -1.239963e+02 
5.816000e+04 -1.239971e+02 
5.817000e+04 -1.239979e+02 
5.818000e+04 -1.239988e+02 
5.819000e+04 -1.239996e+02 
5.820000e+04 -1.240004e+02 
5.821000e+04 -1.240013e+02 
5.822000e+04 -1.240021e+02 
5.823000e+04 -1.240029e+02 
5.824000e+04 -1.240037e+02 
5.825000e+04 -1.240046e+02 
5.826000e+04 -1.240054e+02 
5.827000e+04 -1.240063e+02 
5.828000e+04 -1.240071e+02 
5.829000e+04 -1.240080e+02 
5.830000e+04 -1.240087e+02 
5.831000e+04 -1.240096e+02 
5.832000e+04 -1.240104e+02 
5.833000e+04 -1.240112e+02 
5.834000e+04 -1.240121e+02 
5.835000e+04 -1.240129e+02 
5.836000e+04 -1.240138e+02 
5.837000e+04 -1.240146e+02 
5.838000e+04 -1.240154e+02 
5.839000e+04 -1.240162e+02 
5.840000e+04 -1.240171e+02 
5.841000e+04 -1.240178e+02 
5.842000e+04 -1.240187e+02 
5.843000e+04 -1.240196e+02 
5.844000e+04 -1.240203e+02 
5.845000e+04 -1.240212e+02 
5.846000e+04 -1.240220e+02 
5.847000e+04 -1.240228e+02 
5.848000e+04 -1.240237e+02 
5.849000e+04 -1.240245e+02 
5.850000e+04 -1.240252e+02 
5.851000e+04 -1.240262e+02 
5.852000e+04 -1.240270e+02 
5.853000e+04 -1.240277e+02 
5.854000e+04 -1.240286e+02 
5.855000e+04 -1.240294e+02 
5.856000e+04 -1.240302e+02 
5.857000e+04 -1.240311e+02 
5.858000e+04 -1.240319e+02 
5.859000e+04 -1.240327e+02 
5.860000e+04 -1.240335e+02 
5.861000e+04 -1.240343e+02 
5.862000e+04 -1.240352e+02 
5.863000e+04 -1.240360e+02 
5.864000e+04 -1.240368e+02 
5.865000e+04 -1.240376e+02 
5.866000e+04 -1.240384e+02 
5.867000e+04 -1.240393e+02 
5.868000e+04 -1.240400e+02 
5.869000e+04 -1.240409e+02 
5.870000e+04 -1.240417e+02 
5.871000e+04 -1.240425e+02 
5.872000e+04 -1.240434e+02 
5.873000e+04 -1.240442e+02 
5.874000e+04 -1.240450e+02 
5.875000e+04 -1.240458e+02 
5.876000e+04 -1.240467e+02 
5.877000e+04 -1.240474e+02 
5.878000e+04 -1.240482e+02 
5.879000e+04 -1.240490e+02 
5.880000e+04 -1.240499e+02 
5.881000e+04 -1.240507e+02 
5.882000e+04 -1.240515e+02 
5.883000e+04 -1.240524e+02 
5.884000e+04 -1.240531e+02 
5.885000e+04 -1.240539e+02 
5.886000e+04 -1.240547e+02 
5.887000e+04 -1.240555e+02 
5.888000e+04 -1.240564e+02 
5.889000e+04 -1.240572e+02 
5.890000e+04 -1.240580e+02 
5.891000e+04 -1.240589e+02 
5.892000e+04 -1.240596e+02 
5.893000e+04 -1.240604e+02 
5.894000e+04 -1.240613e+02 
5.895000e+04 -1.240621e+02 
5.896000e+04 -1.240629e+02 
5.897000e+04 -1.240638e+02 
5.898000e+04 -1.240645e+02 
5.899000e+04 -1.240654e+02 
5.900000e+04 -1.240072e+02 
5.901000e+04 -1.240670e+02 
5.902000e+04 -1.240678e+02 
5.903000e+04 -1.240685e+02 
5.904000e+04 -1.240694e+02 
5.905000e+04 -1.240702e+02 
5.906000e+04 -1.240710e+02 
5.907000e+04 -1.240718e+02 
5.908000e+04 -1.240727e+02 
5.909000e+04 -1.240735e+02 
5.910000e+04 -1.240743e+02 
5.911000e+04 -1.240751e+02 
5.912000e+04 -1.240759e+02 
5.913000e+04 -1.240767e+02 
5.914000e+04 -1.240775e+02 
5.915000e+04 -1.240784e+02 
5.916000e+04 -1.240791e+02 
5.917000e+04 -1.240799e+02 
5.918000e+04 -1.240807e+02 
5.919000e+04 -1.240815e+02 
5.920000e+04 -1.240823e+02 
5.921000e+04 -1.240832e+02 
5.922000e+04 -1.240839e+02 
5.923000e+04 -1.240848e+02 
5.924000e+04 -1.240856e+02 
5.925000e+04 -1.240864e+02 
5.926000e+04 -1.240872e+02 
5.927000e+04 -1.240880e+02 
5.928000e+04 -1.240888e+02 
5.929000e+04 -1.240895e+02 
5.930000e+04 -1.240904e+02 
5.931000e+04 -1.240912e+02 
5.932000e+04 -1.240920e+02 
5.933000e+04 -1.240928e+02 
5.934000e+04 -1.240936e+02 
5.935000e+04 -1.240944e+02 
5.936000e+04 -1.240952e+02 
5.937000e+04 -1.240960e+02 
5.938000e+04 -1.240968e+02 
5.939000e+04 -1.240976e+02 
5.940000e+04 -1.240983e+02 
5.941000e+04 -1.240992e+02 
5.942000e+04 -1.241000e+02 
5.943000e+04 -1.241008e+02 
5.944000e+04 -1.241016e+02 
5.945000e+04 -1.241024e+02 
5.946000e+04 -1.241032e+02 
5.947000e+04 -1.241040e+02 
5.948000e+04 -1.241048e+02 
5.949000e+04 -1.241056e+02 
5.950000e+04 -1.241064e+02 
5.951000e+04 -1.241071e+02 
5.952000e+04 -1.241079e+02 
5.953000e+04 -1.241087e+02 
5.954000e+04 -1.241095e+02 
5.955000e+04 -1.241103e+02 
5.956000e+04 -1.241111e+02 
5.957000e+04 -1.241119e+02 
5.958000e+04 -1.241127e+02 
5.959000e+04 -1.241134e+02 
5.960000e+04 -1.241142e+02 
5.961000e+04 -1.241151e+02 
5.962000e+04 -1.241159e+02 
5.963000e+04 -1.241166e+02 
5.964000e+04 -1.241174e+02 
5.965000e+04 -1.241182e+02 
5.966000e+04 -1.241190e+02 
5.967000e+04 -1.241198e+02 
5.968000e+04 -1.241205e+02 
5.969000e+04 -1.241214e+02 
5.970000e+04 -1.241222e+02 
5.971000e+04 -1.241230e+02 
5.972000e+04 -1.241238e+02 
5.973000e+04 -1.241246e+02 
5.974000e+04 -1.241253e+02 
5.975000e+04 -1.241261e+02 
5.976000e+04 -1.241269e+02 
5.977000e+04 -1.241277e+02 
5.978000e+04 -1.241284e+02 
5.979000e+04 -1.241292e+02 
5.980000e+04 -1.241300e+02 
5.981000e+04 -1.241309e+02 
5.982000e+04 -1.241316e+02 
5.983000e+04 -1.241324e+02 
5.984000e+04 -1.241332e+02 
5.985000e+04 -1.241339e+02 
5.986000e+04 -1.241347e+02 
5.987000e+04 -1.241355e+02 
5.988000e+04 -1.241363e+02 
5.989000e+04 -1.241371e+02 
5.990000e+04 -1.241379e+02 
5.991000e+04 -1.241387e+02 
5.992000e+04 -1.241394e+02 
5.993000e+04 -1.241402e+02 
5.994000e+04 -1.241410e+02 
5.995000e+04 -1.241418e+02 
5.996000e+04 -1.241425e+02 
5.997000e+04 -1.241433e+02 
5.998000e+04 -1.241441e+02 
5.999000e+04 -1.241447e+02 
6.000000e+04 -1.241519e+02 
6.001000e+04 -1.241465e+02 
6.002000e+04 -1.241473e+02 
6.003000e+04 -1.241482e+02 
6.004000e+04 -1.241489e+02 
6.005000e+04 -1.241497e+02 
6.006000e+04 -1.241506e+02 
6.007000e+04 -1.241513e+02 
6.008000e+04 -1.241521e+02 
6.009000e+04 -1.241529e+02 
6.010000e+04 -1.241536e+02 
6.011000e+04 -1.241544e+02 
6.012000e+04 -1.241553e+02 
6.013000e+04 -1.241560e+02 
6.014000e+04 -1.241568e+02 
6.015000e+04 -1.241576e+02 
6.016000e+04 -1.241584e+02 
6.017000e+04 -1.241592e+02 
6.018000e+04 -1.241600e+02 
6.019000e+04 -1.241607e+02 
6.020000e+04 -1.241615e+02 
6.021000e+04 -1.241623e+02 
6.022000e+04 -1.241631e+02 
6.023000e+04 -1.241639e+02 
6.024000e+04 -1.241647e+02 
6.025000e+04 -1.241654e+02 
6.026000e+04 -1.241663e+02 
6.027000e+04 -1.241670e+02 
6.028000e+04 -1.241678e+02 
6.029000e+04 -1.241686e+02 
6.030000e+04 -1.241693e+02 
6.031000e+04 -1.241702e+02 
6.032000e+04 -1.241710e+02 
6.033000e+04 -1.241717e+02 
6.034000e+04 -1.241725e+02 
6.035000e+04 -1.241734e+02 
6.036000e+04 -1.241741e+02 
6.037000e+04 -1.241749e+02 
6.038000e+04 -1.241757e+02 
6.039000e+04 -1.241764e+02 
6.040000e+04 -1.241772e+02 
6.041000e+04 -1.241781e+02 
6.042000e+04 -1.241788e+02 
6.043000e+04 -1.241796e+02 
6.044000e+04 -1.241803e+02 
6.045000e+04 -1.241812e+02 
6.046000e+04 -1.241819e+02 
6.047000e+04 -1.241827e+02 
6.048000e+04 -1.241835e+02 
6.049000e+04 -1.241842e+02 
6.050000e+04 -1.241850e+02 
6.051000e+04 -1.241858e+02 
6.052000e+04 -1.241866e+02 
6.053000e+04 -1.241873e+02 
6.054000e+04 -1.241881e+02 
6.055000e+04 -1.241889e+02 
6.056000e+04 -1.241897e+02 
6.057000e+04 -1.241904e+02 
6.058000e+04 -1.241911e+02 
6.059000e+04 -1.241920e+02 
6.060000e+04 -1.241928e+02 
6.061000e+04 -1.241935e+02 
6.062000e+04 -1.241943e+02 
6.063000e+04 -1.241951e+02 
6.064000e+04 -1.241958e+02 
6.065000e+04 -1.241965e+02 
6.066000e+04 -1.241975e+02 
6.067000e+04 -1.241982e+02 
6.068000e+04 -1.241989e+02 
6.069000e+04 -1.241997e+02 
6.070000e+04 -1.242004e+02 
6.071000e+04 -1.242012e+02 
6.072000e+04 -1.242020e+02 
6.073000e+04 -1.242028e+02 
6.074000e+04 -1.242035e+02 
6.075000e+04 -1.242043e+02 
6.076000e+04 -1.242051e+02 
6.077000e+04 -1.242058e+02 
6.078000e+04 -1.242066e+02 
6.079000e+04 -1.242074e+02 
6.080000e+04 -1.242081e+02 
6.081000e+04 -1.242089e+02 
6.082000e+04 -1.242097e+02 
6.083000e+04 -1.242104e+02 
6.084000e+04 -1.242113e+02 
6.085000e+04 -1.242120e+02 
6.086000e+04 -1.242128e+02 
6.087000e+04 -1.242136e+02 
6.088000e+04 -1.242143e+02 
6.089000e+04 -1.242151e+02 
6.090000e+04 -1.242159e+02 
6.091000e+04 -1.242165e+02 
6.092000e+04 -1.242174e+02 
6.093000e+04 -1.242181e+02 
6.094000e+04 -1.242189e+02 
6.095000e+04 -1.242196e+02 
6.096000e+04 -1.242204e+02 
6.097000e+04 -1.242212e+02 
6.098000e+04 -1.242220e+02 
6.099000e+04 -1.242227e+02 
6.100000e+04 -1.241717e+02 
6.101000e+04 -1.242241e+02 
6.102000e+04 -1.242250e+02 
6.103000e+04 -1.242258e+02 
6.104000e+04 -1.242265e+02 
6.105000e+04 -1.242273e+02 
6.106000e+04 -1.242281e+02 
6.107000e+04 -1.242288e+02 
6.108000e+04 -1.242296e+02 
6.109000e+04 -1.242303e+02 
6.110000e+04 -1.242312e+02 
6.111000e+04 -1.242319e+02 
6.112000e+04 -1.242326e+02 
6.113000e+04 -1.242334e+02 
6.114000e+04 -1.242342e+02 
6.115000e+04 -1.242349e+02 
6.116000e+04 -1.242357e+02 
6.117000e+04 -1.242365e+02 
6.118000e+04 -1.242372e+02 
6.119000e+04 -1.242380e+02 
6.120000e+04 -1.242388e+02 
6.121000e+04 -1.242395e+02 
6.122000e+04 -1.242403e+02 
6.123000e+04 -1.242410e+02 
6.124000e+04 -1.242418e+02 
6.125000e+04 -1.242426e+02 
6.126000e+04 -1.242433e+02 
6.127000e+04 -1.242441e+02 
6.128000e+04 -1.242448e+02 
6.129000e+04 -1.242456e+02 
6.130000e+04 -1.242463e+02 
6.131000e+04 -1.242471e+02 
6.132000e+04 -1.242479e+02 
6.133000e+04 -1.242486e+02 
6.134000e+04 -1.242494e+02 
6.135000e+04 -1.242502e+02 
6.136000e+04 -1.242508e+02 
6.137000e+04 -1.242517e+02 
6.138000e+04 -1.242524e+02 
6.139000e+04 -1.242531e+02 
6.140000e+04 -1.242539e+02 
6.141000e+04 -1.242546e+02 
6.142000e+04 -1.242554e+02 
6.143000e+04 -1.242562e+02 
6.144000e+04 -1.242569e+02 
6.145000e+04 -1.242576e+02 
6.146000e+04 -1.242584e+02 
6.147000e+04 -1.242592e+02 
6.148000e+04 -1.242599e+02 
6.149000e+04 -1.242606e+02 
6.150000e+04 -1.242614e+02 
6.151000e+04 -1.242622e+02 
6.152000e+04 -1.242630e+02 
6.153000e+04 -1.242637e+02 
6.154000e+04 -1.242644e+02 
6.155000e+04 -1.242652e+02 
6.156000e+04 -1.242659e+02 
6.157000e+04 -1.242667e+02 
6.158000e+04 -1.242674e+02 
6.159000e+04 -1.242682e+02 
6.160000e+04 -1.242689e+02 
6.161000e+04 -1.242696e+02 
6.162000e+04 -1.242704e+02 
6.163000e+04 -1.242712e+02 
6.164000e+04 -1.242719e+02 
6.165000e+04 -1.242727e+02 
6.166000e+04 -1.242734e+02 
6.167000e+04 -1.242741e+02 
6.168000e+04 -1.242749e+02 
6.169000e+04 -1.242756e+02 
6.170000e+04 -1.242764e+02 
6.171000e+04 -1.242771e+02 
6.172000e+04 -1.242779e+02 
6.173000e+04 -1.242786e+02 
6.174000e+04 -1.242793e+02 
6.175000e+04 -1.242801e+02 
6.176000e+04 -1.242808e+02 
6.177000e+04 -1.242815e+02 
6.178000e+04 -1.242823e+02 
6.179000e+04 -1.242830e+02 
6.180000e+04 -1.242838e+02 
6.181000e+04 -1.242845e+02 
6.182000e+04 -1.242853e+02 
6.183000e+04 -1.242860e+02 
6.184000e+04 -1.242868e+02 
6.185000e+04 -1.242875e+02 
6.186000e+04 -1.242882e+02 
6.187000e+04 -1.242889e+02 
6.188000e+04 -1.242897e+02 
6.189000e+04 -1.242905e+02 
6.190000e+04 -1.242912e+02 
6.191000e+04 -1.242919e+02 
6.192000e+04 -1.242927e+02 
6.193000e+04 -1.242934e+02 
6.194000e+04 -1.242941e+02 
6.195000e+04 -1.242948e+02 
6.196000e+04 -1.242956e+02 
6.197000e+04 -1.242963e+02 
6.198000e+04 -1.242970e+02 
6.199000e+04 -1.242976e+02 
6.200000e+04 -1.243239e+02 
6.201000e+04 -1.242993e+02 
6.202000e+04 -1.243000e+02 
6.203000e+04 -1.243008e+02 
6.204000e+04 -1.243015e+02 
6.205000e+04 -1.243023e+02 
6.206000e+04 -1.243030e+02 
6.207000e+04 -1.243037e+02 
6.208000e+04 -1.243045e+02 
6.209000e+04 -1.243053e+02 
6.210000e+04 -1.243060e+02 
6.211000e+04 -1.243068e+02 
6.212000e+04 -1.243075e+02 
6.213000e+04 -1.243082e+02 
6.214000e+04 -1.243090e+02 
6.215000e+04 -1.243098e+02 
6.216000e+04 -1.243104e+02 
6.217000e+04 -1.243112e+02 
6.218000e+04 -1.243119e+02 
6.219000e+04 -1.243127e+02 
6.220000e+04 -1.243134e+02 
6.221000e+04 -1.243142e+02 
6.222000e+04 -1.243149e+02 
6.223000e+04 -1.243157e+02 
6.224000e+04 -1.243164e+02 
6.225000e+04 -1.243172e+02 
6.226000e+04 -1.243180e+02 
6.227000e+04 -1.243187e+02 
6.228000e+04 -1.243194e+02 
6.229000e+04 -1.243201e+02 
6.230000e+04 -1.243209e+02 
6.231000e+04 -1.243216e+02 
6.232000e+04 -1.243223e+02 
6.233000e+04 -1.243230e+02 
6.234000e+04 -1.243239e+02 
6.235000e+04 -1.243245e+02 
6.236000e+04 -1.243253e+02 
6.237000e+04 -1.243261e+02 
6.238000e+04 -1.243268e+02 
6.239000e+04 -1.243275e+02 
6.240000e+04 -1.243282e+02 
6.241000e+04 -1.243290e+02 
6.242000e+04 -1.243297e+02 
6.243000e+04 -1.243305e+02 
6.244000e+04 -1.243312e+02 
6.245000e+04 -1.243319e+02 
6.246000e+04 -1.243327e+02 
6.247000e+04 -1.243334e+02 
6.248000e+04 -1.243341e+02 
6.249000e+04 -1.243349e+02 
6.250000e+04 -1.243356e+02 
6.251000e+04 -1.243364e+02 
6.252000e+04 -1.243370e+02 
6.253000e+04 -1.243379e+02 
6.254000e+04 -1.243385e+02 
6.255000e+04 -1.243392e+02 
6.256000e+04 -1.243400e+02 
6.257000e+04 -1.243407e+02 
6.258000e+04 -1.243415e+02 
6.259000e+04 -1.243422e+02 
6.260000e+04 -1.243429e+02 
6.261000e+04 -1.243436e+02 
6.262000e+04 -1.243444e+02 
6.263000e+04 -1.243451e+02 
6.264000e+04 -1.243459e+02 
6.265000e+04 -1.243465e+02 
6.266000e+04 -1.243474e+02 
6.267000e+04 -1.243480e+02 
6.268000e+04 -1.243488e+02 
6.269000e+04 -1.243495e+02 
6.270000e+04 -1.243503e+02 
6.271000e+04 -1.243509e+02 
6.272000e+04 -1.243516e+02 
6.273000e+04 -1.243524e+02 
6.274000e+04 -1.243532e+02 
6.275000e+04 -1.243538e+02 
6.276000e+04 -1.243546e+02 
6.277000e+04 -1.243553e+02 
6.278000e+04 -1.243560e+02 
6.279000e+04 -1.243568e+02 
6.280000e+04 -1.243575e+02 
6.281000e+04 -1.243582e+02 
6.282000e+04 -1.243589e+02 
6.283000e+04 -1.243596e+02 
6.284000e+04 -1.243603e+02 
6.285000e+04 -1.243611e+02 
6.286000e+04 -1.243619e+02 
6.287000e+04 -1.243626e+02 
6.288000e+04 -1.243633e+02 
6.289000e+04 -1.243640e+02 
6.290000e+04 -1.243647e+02 
6.291000e+04 -1.243654e+02 
6.292000e+04 -1.243661e+02 
6.293000e+04 -1.243669e+02 
6.294000e+04 -1.243676e+02 
6.295000e+04 -1.243683e+02 
6.296000e+04 -1.243690e+02 
6.297000e+04 -1.243698e+02 
6.298000e+04 -1.243705e+02 
6.299000e+04 -1.243712e+02 
6.300000e+04 -1.243300e+02 
6.301000e+04 -1.243726e+02 
6.302000e+04 -1.243732e+02 
6.303000e+04 -1.243741e+02 
6.304000e+04 -1.243748e+02 
6.305000e+04 -1.243755e+02 
6.306000e+04 -1.243762e+02 
6.307000e+04 -1.243769e+02 
6.308000e+04 -1.243777e+02 
6.309000e+04 -1.243784e+02 
6.310000e+04 -1.243791e+02 
6.311000e+04 -1.243798e+02 
6.312000e+04 -1.243805e+02 
6.313000e+04 -1.243813e+02 
6.314000e+04 -1.243820e+02 
6.315000e+04 -1.243827e+02 
6.316000e+04 -1.243834e+02 
6.317000e+04 -1.243842e+02 
6.318000e+04 -1.243850e+02 
6.319000e+04 -1.243856e+02 
6.320000e+04 -1.243863e+02 
6.321000e+04 -1.243870e+02 
6.322000e+04 -1.243878e+02 
6.323000e+04 -1.243885e+02 
6.324000e+04 -1.243892e+02 
6.325000e+04 -1.243900e+02 
6.326000e+04 -1.243906e+02 
6.327000e+04 -1.243913e+02 
6.328000e+04 -1.243921e+02 
6.329000e+04 -1.243929e+02 
6.330000e+04 -1.243935e+02 
6.331000e+04 -1.243942e+02 
6.332000e+04 -1.243949e+02 
6.333000e+04 -1.243957e+02 
6.334000e+04 -1.243964e+02 
6.335000e+04 -1.243971e+02 
6.336000e+04 -1.243978e+02 
6.337000e+04 -1.243985e+02 
6.338000e+04 -1.243993e+02 
6.339000e+04 -1.243999e+02 
6.340000e+04 -1.244007e+02 
6.341000e+04 -1.244014e+02 
6.342000e+04 -1.244021e+02 
6.343000e+04 -1.244029e+02 
6.344000e+04 -1.244035e+02 
6.345000e+04 -1.244042e+02 
6.346000e+04 -1.244049e+02 
6.347000e+04 -1.244057e+02 
6.348000e+04 -1.244064e+02 
6.349000e+04 -1.244071e+02 
6.350000e+04 -1.244078e+02 
6.351000e+04 -1.244084e+02 
6.352000e+04 -1.244092e+02 
6.353000e+04 -1.244099e+02 
6.354000e+04 -1.244107e+02 
6.355000e+04 -1.244113e+02 
6.356000e+04 -1.244121e+02 
6.357000e+04 -1.244127e+02 
6.358000e+04 -1.244135e+02 
6.359000e+04 -1.244141e+02 
6.360000e+04 -1.244149e+02 
6.361000e+04 -1.244156e+02 
6.362000e+04 -1.244163e+02 
6.363000e+04 -1.244170e+02 
6.364000e+04 -1.244177e+02 
6.365000e+04 -1.244184e+02 
6.366000e+04 -1.244191e+02 
6.367000e+04 -1.244198e+02 
6.368000e+04 -1.244205e+02 
6.369000e+04 -1.244212e+02 
6.370000e+04 -1.244219e+02 
6.371000e+04 -1.244226e+02 
6.372000e+04 -1.244233e+02 
6.373000e+04 -1.244240e+02 
6.374000e+04 -1.244247e+02 
6.375000e+04 -1.244254e+02 
6.376000e+04 -1.244261e+02 
6.377000e+04 -1.244269e+02 
6.378000e+04 -1.244275e+02 
6.379000e+04 -1.244282e+02 
6.380000e+04 -1.244289e+02 
6.381000e+04 -1.244296e+02 
6.382000e+04 -1.244303e+02 
6.383000e+04 -1.244310e+02 
6.384000e+04 -1.244318e+02 
6.385000e+04 -1.244324e+02 
6.386000e+04 -1.244331e+02 
6.387000e+04 -1.244338e+02 
6.388000e+04 -1.244345e+02 
6.389000e+04 -1.244353e+02 
6.390000e+04 -1.244359e+02 
6.391000e+04 -1.244367e+02 
6.392000e+04 -1.244373e+02 
6.393000e+04 -1.244380e+02 
6.394000e+04 -1.244387e+02 
6.395000e+04 -1.244395e+02 
6.396000e+04 -1.244401e+02 
6.397000e+04 -1.244408e+02 
6.398000e+04 -1.244414e+02 
6.399000e+04 -1.244421e+02 
6.400000e+04 -1.244651e+02 
6.401000e+04 -1.244436e+02 
6.402000e+04 -1.244443e+02 
6.403000e+04 -1.244450e+02 
6.404000e+04 -1.244458e+02 
6.405000e+04 -1.244464e+02 
6.406000e+04 -1.244471e+02 
6.407000e+04 -1.244479e+02 
6.408000e+04 -1.244485e+02 
6.409000e+04 -1.244492e+02 
6.410000e+04 -1.244499e+02 
6.411000e+04 -1.244506e+02 
6.412000e+04 -1.244513e+02 
6.413000e+04 -1.244521e+02 
6.414000e+04 -1.244527e+02 
6.415000e+04 -1.244535e+02 
6.416000e+04 -1.244541e+02 
6.417000e+04 -1.244548e+02 
6.418000e+04 -1.244556e+02 
6.419000e+04 -1.244562e+02 
6.420000e+04 -1.244570e+02 
6.421000e+04 -1.244576e+02 
6.422000e+04 -1.244583e+02 
6.423000e+04 -1.244591e+02 
6.424000e+04 -1.244597e+02 
6.425000e+04 -1.244604e+02 
6.426000e+04 -1.244611e+02 
6.427000e+04 -1.244619e+02 
6.428000e+04 -1.244626e+02 
6.429000e+04 -1.244633e+02 
6.430000e+04 -1.244640e+02 
6.431000e+04 -1.244646e+02 
6.432000e+04 -1.244654e+02 
6.433000e+04 -1.244660e+02 
6.434000e+04 -1.244667e+02 
6.435000e+04 -1.244675e+02 
6.436000e+04 -1.244682e+02 
6.437000e+04 -1.244689e+02 
6.438000e+04 -1.244695e+02 
6.439000e+04 -1.244702e+02 
6.440000e+04 -1.244710e+02 
6.441000e+04 -1.244716e+02 
6.442000e+04 -1.244723e+02 
6.443000e+04 -1.244730e+02 
6.444000e+04 -1.244737e+02 
6.445000e+04 -1.244744e+02 
6.446000e+04 -1.244751e+02 
6.447000e+04 -1.244758e+02 
6.448000e+04 -1.244765e+02 
6.449000e+04 -1.244771e+02 
6.450000e+04 -1.244779e+02 
6.451000e+04 -1.244786e+02 
6.452000e+04 -1.244792e+02 
6.453000e+04 -1.244799e+02 
6.454000e+04 -1.244806e+02 
6.455000e+04 -1.244813e+02 
6.456000e+04 -1.244820e+02 
6.457000e+04 -1.244827e+02 
6.458000e+04 -1.244834e+02 
6.459000e+04 -1.244841e+02 
6.460000e+04 -1.244848e+02 
6.461000e+04 -1.244854e+02 
6.462000e+04 -1.244862e+02 
6.463000e+04 -1.244868e+02 
6.464000e+04 -1.244876e+02 
6.465000e+04 -1.244882e+02 
6.466000e+04 -1.244890e+02 
6.467000e+04 -1.244896e+02 
6.468000e+04 -1.244904e+02 
6.469000e+04 -1.244909e+02 
6.470000e+04 -1.244916e+02 
6.471000e+04 -1.244924e+02 
6.472000e+04 -1.244930e+02 
6.473000e+04 -1.244937e+02 
6.474000e+04 -1.244945e+02 
6.475000e+04 -1.244951e+02 
6.476000e+04 -1.244958e+02 
6.477000e+04 -1.244965e+02 
6.478000e+04 -1.244972e+02 
6.479000e+04 -1.244979e+02 
6.480000e+04 -1.244986e+02 
6.481000e+04 -1.244992e+02 
6.482000e+04 -1.244999e+02 
6.483000e+04 -1.245007e+02 
6.484000e+04 -1.245013e+02 
6.485000e+04 -1.245019e+02 
6.486000e+04 -1.245026e+02 
6.487000e+04 -1.245033e+02 
6.488000e+04 -1.245041e+02 
6.489000e+04 -1.245047e+02 
6.490000e+04 -1.245054e+02 
6.491000e+04 -1.245061e+02 
6.492000e+04 -1.245068e+02 
6.493000e+04 -1.245075e+02 
6.494000e+04 -1.245081e+02 
6.495000e+04 -1.245088e+02 
6.496000e+04 -1.245095e+02 
6.497000e+04 -1.245102e+02 
6.498000e+04 -1.245108e+02 
6.499000e+04 -1.245115e+02 
6.500000e+04 -1.244759e+02 
6.501000e+04 -1.245127e+02 
6.502000e+04 -1.245135e+02 
6.503000e+04 -1.245143e+02 
6.504000e+04 -1.245149e+02 
6.505000e+04 -1.245156e+02 
6.506000e+04 -1.245163e+02 
6.507000e+04 -1.245171e+02 
6.508000e+04 -1.245177e+02 
6.509000e+04 -1.245184e+02 
6.510000e+04 -1.245191e+02 
6.511000e+04 -1.245197e+02 
6.512000e+04 -1.245204e+02 
6.513000e+04 -1.245212e+02 
6.514000e+04 -1.245218e+02 
6.515000e+04 -1.245224e+02 
6.516000e+04 -1.245231e+02 
6.517000e+04 -1.245238e+02 
6.518000e+04 -1.245245e+02 
6.519000e+04 -1.245252e+02 
6.520000e+04 -1.245258e+02 
6.521000e+04 -1.245265e+02 
6.522000e+04 -1.245272e+02 
6.523000e+04 -1.245279e+02 
6.524000e+04 -1.245285e+02 
6.525000e+04 -1.245292e+02 
6.526000e+04 -1.245299e+02 
6.527000e+04 -1.245306e+02 
6.528000e+04 -1.245312e+02 
6.529000e+04 -1.245320e+02 
6.530000e+04 -1.245326e+02 
6.531000e+04 -1.245333e+02 
6.532000e+04 -1.245340e+02 
6.533000e+04 -1.245347e+02 
6.534000e+04 -1.245353e+02 
6.535000e+04 -1.245360e+02 
6.536000e+04 -1.245367e+02 
6.537000e+04 -1.245374e+02 
6.538000e+04 -1.245380e+02 
6.539000e+04 -1.245387e+02 
6.540000e+04 -1.245394e+02 
6.541000e+04 -1.245401e+02 
6.542000e+04 -1.245408e+02 
6.543000e+04 -1.245414e+02 
6.544000e+04 -1.245421e+02 
6.545000e+04 -1.245428e+02 
6.546000e+04 -1.245434e+02 
6.547000e+04 -1.245441e+02 
6.548000e+04 -1.245448e+02 
6.549000e+04 -1.245455e+02 
6.550000e+04 -1.245461e+02 
6.551000e+04 -1.245468e+02 
6.552000e+04 -1.245474e+02 
6.553000e+04 -1.245481e+02 
6.554000e+04 -1.245488e+02 
6.555000e+04 -1.245495e+02 
6.556000e+04 -1.245502e+02 
6.557000e+04 -1.245508e+02 
6.558000e+04 -1.245515e+02 
6.559000e+04 -1.245522e+02 
6.560000e+04 -1.245528e+02 
6.561000e+04 -1.245535e+02 
6.562000e+04 -1.245542e+02 
6.563000e+04 -1.245549e+02 
6.564000e+04 -1.245555e+02 
6.565000e+04 -1.245562e+02 
6.566000e+04 -1.245568e+02 
6.567000e+04 -1.245575e+02 
6.568000e+04 -1.245582e+02 
6.569000e+04 -1.245589e+02 
6.570000e+04 -1.245595e+02 
6.571000e+04 -1.245602e+02 
6.572000e+04 -1.245609e+02 
6.573000e+04 -1.245615e+02 
6.574000e+04 -1.245621e+02 
6.575000e+04 -1.245628e+02 
6.576000e+04 -1.245635e+02 
6.577000e+04 -1.245642e+02 
6.578000e+04 -1.245649e+02 
6.579000e+04 -1.245655e+02 
6.580000e+04 -1.245661e+02 
6.581000e+04 -1.245668e+02 
6.582000e+04 -1.245675e+02 
6.583000e+04 -1.245682e+02 
6.584000e+04 -1.245688e+02 
6.585000e+04 -1.245695e+02 
6.586000e+04 -1.245701e+02 
6.587000e+04 -1.245708e+02 
6.588000e+04 -1.245715e+02 
6.589000e+04 -1.245721e+02 
6.590000e+04 -1.245728e+02 
6.591000e+04 -1.245735e+02 
6.592000e+04 -1.245741e+02 
6.593000e+04 -1.245748e+02 
6.594000e+04 -1.245754e+02 
6.595000e+04 -1.245761e+02 
6.596000e+04 -1.245767e+02 
6.597000e+04 -1.245775e+02 
6.598000e+04 -1.245781e+02 
6.599000e+04 -1.245786e+02 
6.600000e+04 -1.245954e+02 
6.601000e+04 -1.245800e+02 
6.602000e+04 -1.245808e+02 
6.603000e+04 -1.245814e+02 
6.604000e+04 -1.245821e+02 
6.605000e+04 -1.245827e+02 
6.606000e+04 -1.245835e+02 
6.607000e+04 -1.245841e+02 
6.608000e+04 -1.245847e+02 
6.609000e+04 -1.245854e+02 
6.610000e+04 -1.245860e+02 
6.611000e+04 -1.245867e+02 
6.612000e+04 -1.245874e+02 
6.613000e+04 -1.245881e+02 
6.614000e+04 -1.245887e+02 
6.615000e+04 -1.245894e+02 
6.616000e+04 -1.245901e+02 
6.617000e+04 -1.245907e+02 
6.618000e+04 -1.245914e+02 
6.619000e+04 -1.245920e+02 
6.620000e+04 -1.245927e+02 
6.621000e+04 -1.245934e+02 
6.622000e+04 -1.245940e+02 
6.623000e+04 -1.245947e+02 
6.624000e+04 -1.245953e+02 
6.625000e+04 -1.245960e+02 
6.626000e+04 -1.245966e+02 
6.627000e+04 -1.245974e+02 
6.628000e+04 -1.245980e+02 
6.629000e+04 -1.245987e+02 
6.630000e+04 -1.245993e+02 
6.631000e+04 -1.246000e+02 
6.632000e+04 -1.246007e+02 
6.633000e+04 -1.246013e+02 
6.634000e+04 -1.246020e+02 
6.635000e+04 -1.246027e+02 
6.636000e+04 -1.246033e+02 
6.637000e+04 -1.246040e+02 
6.638000e+04 -1.246046e+02 
6.639000e+04 -1.246052e+02 
6.640000e+04 -1.246059e+02 
6.641000e+04 -1.246066e+02 
6.642000e+04 -1.246073e+02 
6.643000e+04 -1.246078e+02 
6.644000e+04 -1.246087e+02 
6.645000e+04 -1.246092e+02 
6.646000e+04 -1.246099e+02 
6.647000e+04 -1.246105e+02 
6.648000e+04 -1.246112e+02 
6.649000e+04 -1.246118e+02 
6.650000e+04 -1.246125e+02 
6.651000e+04 -1.246131e+02 
6.652000e+04 -1.246138e+02 
6.653000e+04 -1.246145e+02 
6.654000e+04 -1.246151e+02 
6.655000e+04 -1.246158e+02 
6.656000e+04 -1.246164e+02 
6.657000e+04 -1.246170e+02 
6.658000e+04 -1.246177e+02 
6.659000e+04 -1.246183e+02 
6.660000e+04 -1.246190e+02 
6.661000e+04 -1.246196e+02 
6.662000e+04 -1.246204e+02 
6.663000e+04 -1.246210e+02 
6.664000e+04 -1.246217e+02 
6.665000e+04 -1.246223e+02 
6.666000e+04 -1.246230e+02 
6.667000e+04 -1.246236e+02 
6.668000e+04 -1.246242e+02 
6.669000e+04 -1.246249e+02 
6.670000e+04 -1.246256e+02 
6.671000e+04 -1.246262e+02 
6.672000e+04 -1.246269e+02 
6.673000e+04 -1.246275e+02 
6.674000e+04 -1.246282e+02 
6.675000e+04 -1.246289e+02 
6.676000e+04 -1.246296e+02 
6.677000e+04 -1.246301e+02 
6.678000e+04 -1.246307e+02 
6.679000e+04 -1.246314e+02 
6.680000e+04 -1.246321e+02 
6.681000e+04 -1.246327e+02 
6.682000e+04 -1.246334e+02 
6.683000e+04 -1.246340e+02 
6.684000e+04 -1.246347e+02 
6.685000e+04 -1.246353e+02 
6.686000e+04 -1.246360e+02 
6.687000e+04 -1.246366e+02 
6.688000e+04 -1.246373e+02 
6.689000e+04 -1.246378e+02 
6.690000e+04 -1.246385e+02 
6.691000e+04 -1.246391e+02 
6.692000e+04 -1.246399e+02 
6.693000e+04 -1.246405e+02 
6.694000e+04 -1.246412e+02 
6.695000e+04 -1.246418e+02 
6.696000e+04 -1.246425e+02 
6.697000e+04 -1.246431e+02 
6.698000e+04 -1.246437e+02 
6.699000e+04 -1.246444e+02 
6.700000e+04 -1.246167e+02 
6.701000e+04 -1.246455e+02 
6.702000e+04 -1.246463e+02 
6.703000e+04 -1.246469e+02 
6.704000e+04 -1.246475e+02 
6.705000e+04 -1.246482e+02 
6.706000e+04 -1.246488e+02 
6.707000e+04 -1.246494e+02 
6.708000e+04 -1.246502e+02 
6.709000e+04 -1.246508e+02 
6.710000e+04 -1.246515e+02 
6.711000e+04 -1.246522e+02 
6.712000e+04 -1.246527e+02 
6.713000e+04 -1.246534e+02 
6.714000e+04 -1.246541e+02 
6.715000e+04 -1.246547e+02 
6.716000e+04 -1.246553e+02 
6.717000e+04 -1.246560e+02 
6.718000e+04 -1.246566e+02 
6.719000e+04 -1.246573e+02 
6.720000e+04 -1.246580e+02 
6.721000e+04 -1.246586e+02 
6.722000e+04 -1.246592e+02 
6.723000e+04 -1.246599e+02 
6.724000e+04 -1.246605e+02 
6.725000e+04 -1.246611e+02 
6.726000e+04 -1.246617e+02 
6.727000e+04 -1.246624e+02 
6.728000e+04 -1.246631e+02 
6.729000e+04 -1.246637e+02 
6.730000e+04 -1.246644e+02 
6.731000e+04 -1.246649e+02 
6.732000e+04 -1.246657e+02 
6.733000e+04 -1.246662e+02 
6.734000e+04 -1.246669e+02 
6.735000e+04 -1.246675e+02 
6.736000e+04 -1.246682e+02 
6.737000e+04 -1.246688e+02 
6.738000e+04 -1.246695e+02 
6.739000e+04 -1.246701e+02 
6.740000e+04 -1.246708e+02 
6.741000e+04 -1.246714e+02 
6.742000e+04 -1.246721e+02 
6.743000e+04 -1.246726e+02 
6.744000e+04 -1.246733e+02 
6.745000e+04 -1.246739e+02 
6.746000e+04 -1.246746e+02 
6.747000e+04 -1.246752e+02 
6.748000e+04 -1.246758e+02 
6.749000e+04 -1.246765e+02 
6.750000e+04 -1.246771e+02 
6.751000e+04 -1.246778e+02 
6.752000e+04 -1.246784e+02 
6.753000e+04 -1.246791e+02 
6.754000e+04 -1.246797e+02 
6.755000e+04 -1.246803e+02 
6.756000e+04 -1.246810e+02 
6.757000e+04 -1.246816e+02 
6.758000e+04 -1.246823e+02 
6.759000e+04 -1.246828e+02 
6.760000e+04 -1.246835e+02 
6.761000e+04 -1.246842e+02 
6.762000e+04 -1.246847e+02 
6.763000e+04 -1.246854e+02 
6.764000e+04 -1.246860e+02 
6.765000e+04 -1.246866e+02 
6.766000e+04 -1.246873e+02 
6.767000e+04 -1.246879e+02 
6.768000e+04 -1.246886e+02 
6.769000e+04 -1.246892e+02 
6.770000e+04 -1.246898e+02 
6.771000e+04 -1.246904e+02 
6.772000e+04 -1.246910e+02 
6.773000e+04 -1.246917e+02 
6.774000e+04 -1.246924e+02 
6.775000e+04 -1.246930e+02 
6.776000e+04 -1.246936e+02 
6.777000e+04 -1.246943e+02 
6.778000e+04 -1.246949e+02 
6.779000e+04 -1.246954e+02 
6.780000e+04 -1.246961e+02 
6.781000e+04 -1.246968e+02 
6.782000e+04 -1.246974e+02 
6.783000e+04 -1.246980e+02 
6.784000e+04 -1.246987e+02 
6.785000e+04 -1.246993e+02 
6.786000e+04 -1.246999e+02 
6.787000e+04 -1.247005e+02 
6.788000e+04 -1.247011e+02 
6.789000e+04 -1.247018e+02 
6.790000e+04 -1.247024e+02 
6.791000e+04 -1.247030e+02 
6.792000e+04 -1.247036e+02 
6.793000e+04 -1.247043e+02 
6.794000e+04 -1.247049e+02 
6.795000e+04 -1.247055e+02 
6.796000e+04 -1.247061e+02 
6.797000e+04 -1.247067e+02 
6.798000e+04 -1.247074e+02 
6.799000e+04 -1.247079e+02 
6.800000e+04 -1.247329e+02 
6.801000e+04 -1.247093e+02 
6.802000e+04 -1.247100e+02 
6.803000e+04 -1.247106e+02 
6.804000e+04 -1.247112e+02 
6.805000e+04 -1.247119e+02 
6.806000e+04 -1.247125e+02 
6.807000e+04 -1.247132e+02 
6.808000e+04 -1.247138e+02 
6.809000e+04 -1.247144e+02 
6.810000e+04 -1.247150e+02 
6.811000e+04 -1.247156e+02 
6.812000e+04 -1.247163e+02 
6.813000e+04 -1.247169e+02 
6.814000e+04 -1.247175e+02 
6.815000e+04 -1.247182e+02 
6.816000e+04 -1.247188e+02 
6.817000e+04 -1.247194e+02 
6.818000e+04 -1.247201e+02 
6.819000e+04 -1.247206e+02 
6.820000e+04 -1.247213e+02 
6.821000e+04 -1.247220e+02 
6.822000e+04 -1.247225e+02 
6.823000e+04 -1.247232e+02 
6.824000e+04 -1.247238e+02 
6.825000e+04 -1.247244e+02 
6.826000e+04 -1.247250e+02 
6.827000e+04 -1.247257e+02 
6.828000e+04 -1.247263e+02 
6.829000e+04 -1.247270e+02 
6.830000e+04 -1.247276e+02 
6.831000e+04 -1.247282e+02 
6.832000e+04 -1.247288e+02 
6.833000e+04 -1.247294e+02 
6.834000e+04 -1.247301e+02 
6.835000e+04 -1.247307e+02 
6.836000e+04 -1.247313e+02 
6.837000e+04 -1.247319e+02 
6.838000e+04 -1.247326e+02 
6.839000e+04 -1.247333e+02 
6.840000e+04 -1.247338e+02 
6.841000e+04 -1.247344e+02 
6.842000e+04 -1.247351e+02 
6.843000e+04 -1.247357e+02 
6.844000e+04 -1.247363e+02 
6.845000e+04 -1.247369e+02 
6.846000e+04 -1.247376e+02 
6.847000e+04 -1.247382e+02 
6.848000e+04 -1.247388e+02 
6.849000e+04 -1.247394e+02 
6.850000e+04 -1.247401e+02 
6.851000e+04 -1.247407e+02 
6.852000e+04 -1.247413e+02 
6.853000e+04 -1.247419e+02 
6.854000e+04 -1.247425e+02 
6.855000e+04 -1.247431e+02 
6.856000e+04 -1.247438e+02 
6.857000e+04 -1.247444e+02 
6.858000e+04 -1.247450e+02 
6.859000e+04 -1.247456e+02 
6.860000e+04 -1.247462e+02 
6.861000e+04 -1.247468e+02 
6.862000e+04 -1.247476e+02 
6.863000e+04 -1.247481e+02 
6.864000e+04 -1.247487e+02 
6.865000e+04 -1.247494e+02 
6.866000e+04 -1.247500e+02 
6.867000e+04 -1.247506e+02 
6.868000e+04 -1.247512e+02 
6.869000e+04 -1.247518e+02 
6.870000e+04 -1.247525e+02 
6.871000e+04 -1.247531e+02 
6.872000e+04 -1.247536e+02 
6.873000e+04 -1.247543e+02 
6.874000e+04 -1.247549e+02 
6.875000e+04 -1.247555e+02 
6.876000e+04 -1.247561e+02 
6.877000e+04 -1.247568e+02 
6.878000e+04 -1.247574e+02 
6.879000e+04 -1.247580e+02 
6.880000e+04 -1.247587e+02 
6.881000e+04 -1.247593e+02 
6.882000e+04 -1.247598e+02 
6.883000e+04 -1.247605e+02 
6.884000e+04 -1.247611e+02 
6.885000e+04 -1.247617e+02 
6.886000e+04 -1.247623e+02 
6.887000e+04 -1.247629e+02 
6.888000e+04 -1.247636e+02 
6.889000e+04 -1.247642e+02 
6.890000e+04 -1.247648e+02 
6.891000e+04 -1.247654e+02 
6.892000e+04 -1.247660e+02 
6.893000e+04 -1.247666e+02 
6.894000e+04 -1.247672e+02 
6.895000e+04 -1.247678e+02 
6.896000e+04 -1.247684e+02 
6.897000e+04 -1.247690e+02 
6.898000e+04 -1.247697e+02 
6.899000e+04 -1.247703e+02 
6.900000e+04 -1.247411e+02 
6.901000e+04 -1.247714e+02 
6.902000e+04 -1.247721e+02 
6.903000e+04 -1.247727e+02 
6.904000e+04 -1.247733e+02 
6.905000e+04 -1.247740e+02 
6.906000e+04 -1.247746e+02 
6.907000e+04 -1.247752e+02 
6.908000e+04 -1.247758e+02 
6.909000e+04 -1.247764e+02 
6.910000e+04 -1.247770e+02 
6.911000e+04 -1.247776e+02 
6.912000e+04 -1.247782e+02 
6.913000e+04 -1.247789e+02 
6.914000e+04 -1.247794e+02 
6.915000e+04 -1.247800e+02 
6.916000e+04 -1.247807e+02 
6.917000e+04 -1.247813e+02 
6.918000e+04 -1.247819e+02 
6.919000e+04 -1.247825e+02 
6.920000e+04 -1.247831e+02 
6.921000e+04 -1.247838e+02 
6.922000e+04 -1.247844e+02 
6.923000e+04 -1.247850e+02 
6.924000e+04 -1.247856e+02 
6.925000e+04 -1.247862e+02 
6.926000e+04 -1.247868e+02 
6.927000e+04 -1.247874e+02 
6.928000e+04 -1.247881e+02 
6.929000e+04 -1.247886e+02 
6.930000e+04 -1.247892e+02 
6.931000e+04 -1.247899e+02 
6.932000e+04 -1.247905e+02 
6.933000e+04 -1.247911e+02 
6.934000e+04 -1.247917e+02 
6.935000e+04 -1.247923e+02 
6.936000e+04 -1.247929e+02 
6.937000e+04 -1.247934e+02 
6.938000e+04 -1.247940e+02 
6.939000e+04 -1.247947e+02 
6.940000e+04 -1.247953e+02 
6.941000e+04 -1.247960e+02 
6.942000e+04 -1.247965e+02 
6.943000e+04 -1.247972e+02 
6.944000e+04 -1.247977e+02 
6.945000e+04 -1.247983e+02 
6.946000e+04 -1.247990e+02 
6.947000e+04 -1.247996e+02 
6.948000e+04 -1.248001e+02 
6.949000e+04 -1.248008e+02 
6.950000e+04 -1.248013e+02 
6.951000e+04 -1.248020e+02 
6.952000e+04 -1.248026e+02 
6.953000e+04 -1.248032e+02 
6.954000e+04 -1.248039e+02 
6.955000e+04 -1.248044e+02 
6.956000e+04 -1.248050e+02 
6.957000e+04 -1.248056e+02 
6.958000e+04 -1.248062e+02 
6.959000e+04 -1.248068e+02 
6.960000e+04 -1.248074e+02 
6.961000e+04 -1.248080e+02 
6.962000e+04 -1.248087e+02 
6.963000e+04 -1.248093e+02 
6.964000e+04 -1.248099e+02 
6.965000e+04 -1.248104e+02 
6.966000e+04 -1.248110e+02 
6.967000e+04 -1.248116e+02 
6.968000e+04 -1.248122e+02 
6.969000e+04 -1.248129e+02 
6.970000e+04 -1.248134e+02 
6.971000e+04 -1.248140e+02 
6.972000e+04 -1.248146e+02 
6.973000e+04 -1.248152e+02 
6.974000e+04 -1.248158e+02 
6.975000e+04 -1.248164e+02 
6.976000e+04 -1.248171e+02 
6.977000e+04 -1.248177e+02 
6.978000e+04 -1.248182e+02 
6.979000e+04 -1.248188e+02 
6.980000e+04 -1.248194e+02 
6.981000e+04 -1.248200e+02 
6.982000e+04 -1.248206e+02 
6.983000e+04 -1.248212e+02 
6.984000e+04 -1.248218e+02 
6.985000e+04 -1.248224e+02 
6.986000e+04 -1.248229e+02 
6.987000e+04 -1.248236e+02 
6.988000e+04 -1.248242e+02 
6.989000e+04 -1.248248e+02 
6.990000e+04 -1.248253e+02 
6.991000e+04 -1.248259e+02 
6.992000e+04 -1.248265e+02 
6.993000e+04 -1.248272e+02 
6.994000e+04 -1.248277e+02 
6.995000e+04 -1.248284e+02 
6.996000e+04 -1.248290e+02 
6.997000e+04 -1.248295e+02 
6.998000e+04 -1.248301e+02 
6.999000e+04 -1.248306e+02 
7.000000e+04 -1.248473e+02 
7.001000e+04 -1.248319e+02 
7.002000e+04 -1.248325e+02 
7.003000e+04 -1.248331e+02 
7.004000e+04 -1.248337e+02 
7.005000e+04 -1.248343e+02 
7.006000e+04 -1.248350e+02 
7.007000e+04 -1.248355e+02 
7.008000e+04 -1.248361e+02 
7.009000e+04 -1.248367e+02 
7.010000e+04 -1.248373e+02 
7.011000e+04 -1.248379e+02 
7.012000e+04 -1.248385e+02 
7.013000e+04 -1.248392e+02 
7.014000e+04 -1.248397e+02 
7.015000e+04 -1.248403e+02 
7.016000e+04 -1.248409e+02 
7.017000e+04 -1.248415e+02 
7.018000e+04 -1.248421e+02 
7.019000e+04 -1.248426e+02 
7.020000e+04 -1.248433e+02 
7.021000e+04 -1.248439e+02 
7.022000e+04 -1.248444e+02 
7.023000e+04 -1.248451e+02 
7.024000e+04 -1.248457e+02 
7.025000e+04 -1.248463e+02 
7.026000e+04 -1.248468e+02 
7.027000e+04 -1.248475e+02 
7.028000e+04 -1.248481e+02 
7.029000e+04 -1.248487e+02 
7.030000e+04 -1.248492e+02 
7.031000e+04 -1.248498e+02 
7.032000e+04 -1.248504e+02 
7.033000e+04 -1.248510e+02 
7.034000e+04 -1.248516e+02 
7.035000e+04 -1.248522e+02 
7.036000e+04 -1.248528e+02 
7.037000e+04 -1.248534e+02 
7.038000e+04 -1.248540e+02 
7.039000e+04 -1.248546e+02 
7.040000e+04 -1.248552e+02 
7.041000e+04 -1.248558e+02 
7.042000e+04 -1.248564e+02 
7.043000e+04 -1.248570e+02 
7.044000e+04 -1.248576e+02 
7.045000e+04 -1.248581e+02 
7.046000e+04 -1.248587e+02 
7.047000e+04 -1.248593e+02 
7.048000e+04 -1.248599e+02 
7.049000e+04 -1.248605e+02 
7.050000e+04 -1.248612e+02 
7.051000e+04 -1.248617e+02 
7.052000e+04 -1.248623e+02 
7.053000e+04 -1.248628e+02 
7.054000e+04 -1.248635e+02 
7.055000e+04 -1.248641e+02 
7.056000e+04 -1.248647e+02 
7.057000e+04 -1.248652e+02 
7.058000e+04 -1.248658e+02 
7.059000e+04 -1.248664e+02 
7.060000e+04 -1.248670e+02 
7.061000e+04 -1.248676e+02 
7.062000e+04 -1.248683e+02 
7.063000e+04 -1.248688e+02 
7.064000e+04 -1.248693e+02 
7.065000e+04 -1.248700e+02 
7.066000e+04 -1.248705e+02 
7.067000e+04 -1.248711e+02 
7.068000e+04 -1.248717e+02 
7.069000e+04 -1.248723e+02 
7.070000e+04 -1.248729e+02 
7.071000e+04 -1.248735e+02 
7.072000e+04 -1.248740e+02 
7.073000e+04 -1.248746e+02 
7.074000e+04 -1.248752e+02 
7.075000e+04 -1.248758e+02 
7.076000e+04 -1.248764e+02 
7.077000e+04 -1.248770e+02 
7.078000e+04 -1.248776e+02 
7.079000e+04 -1.248782e+02 
7.080000e+04 -1.248787e+02 
7.081000e+04 -1.248793e+02 
7.082000e+04 -1.248799e+02 
7.083000e+04 -1.248805e+02 
7.084000e+04 -1.248811e+02 
7.085000e+04 -1.248816e+02 
7.086000e+04 -1.248822e+02 
7.087000e+04 -1.248829e+02 
7.088000e+04 -1.248834e+02 
7.089000e+04 -1.248840e+02 
7.090000e+04 -1.248846e+02 
7.091000e+04 -1.248851e+02 
7.092000e+04 -1.248858e+02 
7.093000e+04 -1.248864e+02 
7.094000e+04 -1.248869e+02 
7.095000e+04 -1.248875e+02 
7.096000e+04 -1.248881e+02 
7.097000e+04 -1.248887e+02 
7.098000e+04 -1.248892e+02 
7.099000e+04 -1.248898e+02 
7.100000e+04 -1.248694e+02 
7.101000e+04 -1.248908e+02 
7.102000e+04 -1.248914e+02 
7.103000e+04 -1.248921e+02 
7.104000e+04 -1.248926e+02 
7.105000e+04 -1.248933e+02 
7.106000e+04 -1.248938e+02 
7.107000e+04 -1.248945e+02 
7.108000e+04 -1.248950e+02 
7.109000e+04 -1.248956e+02 
7.110000e+04 -1.248962e+02 
7.111000e+04 -1.248968e+02 
7.112000e+04 -1.248975e+02 
7.113000e+04 -1.248980e+02 
7.114000e+04 -1.248985e+02 
7.115000e+04 -1.248991e+02 
7.116000e+04 -1.248996e+02 
7.117000e+04 -1.249003e+02 
7.118000e+04 -1.249009e+02 
7.119000e+04 -1.249015e+02 
7.120000e+04 -1.249021e+02 
7.121000e+04 -1.249026e+02 
7.122000e+04 -1.249032e+02 
7.123000e+04 -1.249038e+02 
7.124000e+04 -1.249044e+02 
7.125000e+04 -1.249049e+02 
7.126000e+04 -1.249056e+02 
7.127000e+04 -1.249061e+02 
7.128000e+04 -1.249067e+02 
7.129000e+04 -1.249072e+02 
7.130000e+04 -1.249078e+02 
7.131000e+04 -1.249085e+02 
7.132000e+04 -1.249090e+02 
7.133000e+04 -1.249096e+02 
7.134000e+04 -1.249101e+02 
7.135000e+04 -1.249107e+02 
7.136000e+04 -1.249113e+02 
7.137000e+04 -1.249118e+02 
7.138000e+04 -1.249125e+02 
7.139000e+04 -1.249130e+02 
7.140000e+04 -1.249136e+02 
7.141000e+04 -1.249142e+02 
7.142000e+04 -1.249148e+02 
7.143000e+04 -1.249153e+02 
7.144000e+04 -1.249159e+02 
7.145000e+04 -1.249165e+02 
7.146000e+04 -1.249171e+02 
7.147000e+04 -1.249177e+02 
7.148000e+04 -1.249182e+02 
7.149000e+04 -1.249189e+02 
7.150000e+04 -1.249194e+02 
7.151000e+04 -1.249200e+02 
7.152000e+04 -1.249205e+02 
7.153000e+04 -1.249211e+02 
7.154000e+04 -1.249217e+02 
7.155000e+04 -1.249223e+02 
7.156000e+04 -1.249228e+02 
7.157000e+04 -1.249234e+02 
7.158000e+04 -1.249240e+02 
7.159000e+04 -1.249246e+02 
7.160000e+04 -1.249252e+02 
7.161000e+04 -1.249257e+02 
7.162000e+04 -1.249262e+02 
7.163000e+04 -1.249268e+02 
7.164000e+04 -1.249274e+02 
7.165000e+04 -1.249280e+02 
7.166000e+04 -1.249285e+02 
7.167000e+04 -1.249291e+02 
7.168000e+04 -1.249297e+02 
7.169000e+04 -1.249303e+02 
7.170000e+04 -1.249309e+02 
7.171000e+04 -1.249314e+02 
7.172000e+04 -1.249319e+02 
7.173000e+04 -1.249325e+02 
7.174000e+04 -1.249332e+02 
7.175000e+04 -1.249337e+02 
7.176000e+04 -1.249342e+02 
7.177000e+04 -1.249348e+02 
7.178000e+04 -1.249354e+02 
7.179000e+04 -1.249360e+02 
7.180000e+04 -1.249365e+02 
7.181000e+04 -1.249371e+02 
7.182000e+04 -1.249378e+02 
7.183000e+04 -1.249382e+02 
7.184000e+04 -1.249389e+02 
7.185000e+04 -1.249394e+02 
7.186000e+04 -1.249400e+02 
7.187000e+04 -1.249405e+02 
7.188000e+04 -1.249410e+02 
7.189000e+04 -1.249416e+02 
7.190000e+04 -1.249422e+02 
7.191000e+04 -1.249427e+02 
7.192000e+04 -1.249434e+02 
7.193000e+04 -1.249439e+02 
7.194000e+04 -1.249445e+02 
7.195000e+04 -1.249451e+02 
7.196000e+04 -1.249456e+02 
7.197000e+04 -1.249462e+02 
7.198000e+04 -1.249467e+02 
7.199000e+04 -1.249472e+02 
7.200000e+04 -1.249690e+02 
7.201000e+04 -1.249485e+02 
7.202000e+04 -1.249490e+02 
7.203000e+04 -1.249496e+02 
7.204000e+04 -1.249502e+02 
7.205000e+04 -1.249507e+02 
7.206000e+04 -1.249513e+02 
7.207000e+04 -1.249519e+02 
7.208000e+04 -1.249524e+02 
7.209000e+04 -1.249530e+02 
7.210000e+04 -1.249536e+02 
7.211000e+04 -1.249541e+02 
7.212000e+04 -1.249547e+02 
7.213000e+04 -1.249552e+02 
7.214000e+04 -1.249558e+02 
7.215000e+04 -1.249564e+02 
7.216000e+04 -1.249569e+02 
7.217000e+04 -1.249575e+02 
7.218000e+04 -1.249581e+02 
7.219000e+04 -1.249587e+02 
7.220000e+04 -1.249592e+02 
7.221000e+04 -1.249598e+02 
7.222000e+04 -1.249603e+02 
7.223000e+04 -1.249610e+02 
7.224000e+04 -1.249615e+02 
7.225000e+04 -1.249621e+02 
7.226000e+04 -1.249626e+02 
7.227000e+04 -1.249632e+02 
7.228000e+04 -1.249638e+02 
7.229000e+04 -1.249643e+02 
7.230000e+04 -1.249649e+02 
7.231000e+04 -1.249654e+02 
7.232000e+04 -1.249660e+02 
7.233000e+04 -1.249666e+02 
7.234000e+04 -1.249671e+02 
7.235000e+04 -1.249677e+02 
7.236000e+04 -1.249683e+02 
7.237000e+04 -1.249689e+02 
7.238000e+04 -1.249694e+02 
7.239000e+04 -1.249699e+02 
7.240000e+04 -1.249706e+02 
7.241000e+04 -1.249711e+02 
7.242000e+04 -1.249717e+02 
7.243000e+04 -1.249722e+02 
7.244000e+04 -1.249728e+02 
7.245000e+04 -1.249733e+02 
7.246000e+04 -1.249739e+02 
7.247000e+04 -1.249745e+02 
7.248000e+04 -1.249751e+02 
7.249000e+04 -1.249756e+02 
7.250000e+04 -1.249762e+02 
7.251000e+04 -1.249767e+02 
7.252000e+04 -1.249773e+02 
7.253000e+04 -1.249779e+02 
7.254000e+04 -1.249784e+02 
7.255000e+04 -1.249790e+02 
7.256000e+04 -1.249795e+02 
7.257000e+04 -1.249801e+02 
7.258000e+04 -1.249807e+02 
7.259000e+04 -1.249813e+02 
7.260000e+04 -1.249818e+02 
7.261000e+04 -1.249823e+02 
7.262000e+04 -1.249829e+02 
7.263000e+04 -1.249835e+02 
7.264000e+04 -1.249840e+02 
7.265000e+04 -1.249846e+02 
7.266000e+04 -1.249851e+02 
7.267000e+04 -1.249857e+02 
7.268000e+04 -1.249863e+02 
7.269000e+04 -1.249868e+02 
7.270000e+04 -1.249874e+02 
7.271000e+04 -1.249879e+02 
7.272000e+04 -1.249885e+02 
7.273000e+04 -1.249891e+02 
7.274000e+04 -1.249896e+02 
7.275000e+04 -1.249902e+02 
7.276000e+04 -1.249908e+02 
7.277000e+04 -1.249913e+02 
7.278000e+04 -1.249918e+02 
7.279000e+04 -1.249924e+02 
7.280000e+04 -1.249929e+02 
7.281000e+04 -1.249936e+02 
7.282000e+04 -1.249941e+02 
7.283000e+04 -1.249946e+02 
7.284000e+04 -1.249952e+02 
7.285000e+04 -1.249958e+02 
7.286000e+04 -1.249963e+02 
7.287000e+04 -1.249969e+02 
7.288000e+04 -1.249974e+02 
7.289000e+04 -1.249980e+02 
7.290000e+04 -1.249985e+02 
7.291000e+04 -1.249991e+02 
7.292000e+04 -1.249996e+02 
7.293000e+04 -1.250001e+02 
7.294000e+04 -1.250007e+02 
7.295000e+04 -1.250013e+02 
7.296000e+04 -1.250019e+02 
7.297000e+04 -1.250025e+02 
7.298000e+04 -1.250030e+02 
7.299000e+04 -1.250036e+02 
7.300000e+04 -1.249892e+02 
7.301000e+04 -1.250044e+02 
7.302000e+04 -1.250051e+02 
7.303000e+04 -1.250056e+02 
7.304000e+04 -1.250062e+02 
7.305000e+04 -1.250068e+02 
7.306000e+04 -1.250073e+02 
7.307000e+04 -1.250079e+02 
7.308000e+04 -1.250084e+02 
7.309000e+04 -1.250090e+02 
7.310000e+04 -1.250095e+02 
7.311000e+04 -1.250101e+02 
7.312000e+04 -1.250106e+02 
7.313000e+04 -1.250111e+02 
7.314000e+04 -1.250118e+02 
7.315000e+04 -1.250123e+02 
7.316000e+04 -1.250129e+02 
7.317000e+04 -1.250135e+02 
7.318000e+04 -1.250139e+02 
7.319000e+04 -1.250146e+02 
7.320000e+04 -1.250151e+02 
7.321000e+04 -1.250156e+02 
7.322000e+04 -1.250162e+02 
7.323000e+04 -1.250168e+02 
7.324000e+04 -1.250173e+02 
7.325000e+04 -1.250178e+02 
7.326000e+04 -1.250184e+02 
7.327000e+04 -1.250190e+02 
7.328000e+04 -1.250195e+02 
7.329000e+04 -1.250200e+02 
7.330000e+04 -1.250206e+02 
7.331000e+04 -1.250211e+02 
7.332000e+04 -1.250217e+02 
7.333000e+04 -1.250223e+02 
7.334000e+04 -1.250228e+02 
7.335000e+04 -1.250234e+02 
7.336000e+04 -1.250239e+02 
7.337000e+04 -1.250244e+02 
7.338000e+04 -1.250250e+02 
7.339000e+04 -1.250256e+02 
7.340000e+04 -1.250262e+02 
7.341000e+04 -1.250267e+02 
7.342000e+04 -1.250272e+02 
7.343000e+04 -1.250278e+02 
7.344000e+04 -1.250284e+02 
7.345000e+04 -1.250289e+02 
7.346000e+04 -1.250294e+02 
7.347000e+04 -1.250300e+02 
7.348000e+04 -1.250306e+02 
7.349000e+04 -1.250311e+02 
7.350000e+04 -1.250316e+02 
7.351000e+04 -1.250322e+02 
7.352000e+04 -1.250327e+02 
7.353000e+04 -1.250332e+02 
7.354000e+04 -1.250338e+02 
7.355000e+04 -1.250343e+02 
7.356000e+04 -1.250348e+02 
7.357000e+04 -1.250354e+02 
7.358000e+04 -1.250359e+02 
7.359000e+04 -1.250365e+02 
7.360000e+04 -1.250370e+02 
7.361000e+04 -1.250376e+02 
7.362000e+04 -1.250382e+02 
7.363000e+04 -1.250387e+02 
7.364000e+04 -1.250392e+02 
7.365000e+04 -1.250398e+02 
7.366000e+04 -1.250403e+02 
7.367000e+04 -1.250409e+02 
7.368000e+04 -1.250415e+02 
7.369000e+04 -1.250420e+02 
7.370000e+04 -1.250425e+02 
7.371000e+04 -1.250431e+02 
7.372000e+04 -1.250436e+02 
7.373000e+04 -1.250442e+02 
7.374000e+04 -1.250447e+02 
7.375000e+04 -1.250453e+02 
7.376000e+04 -1.250458e+02 
7.377000e+04 -1.250464e+02 
7.378000e+04 -1.250468e+02 
7.379000e+04 -1.250474e+02 
7.380000e+04 -1.250480e+02 
7.381000e+04 -1.250485e+02 
7.382000e+04 -1.250491e+02 
7.383000e+04 -1.250496e+02 
7.384000e+04 -1.250501e+02 
7.385000e+04 -1.250507e+02 
7.386000e+04 -1.250512e+02 
7.387000e+04 -1.250518e+02 
7.388000e+04 -1.250523e+02 
7.389000e+04 -1.250528e+02 
7.390000e+04 -1.250534e+02 
7.391000e+04 -1.250539e+02 
7.392000e+04 -1.250544e+02 
7.393000e+04 -1.250550e+02 
7.394000e+04 -1.250555e+02 
7.395000e+04 -1.250561e+02 
7.396000e+04 -1.250567e+02 
7.397000e+04 -1.250572e+02 
7.398000e+04 -1.250577e+02 
7.399000e+04 -1.250582e+02 
7.400000e+04 -1.250836e+02 
7.401000e+04 -1.250593e+02 
7.402000e+04 -1.250598e+02 
7.403000e+04 -1.250604e+02 
7.404000e+04 -1.250609e+02 
7.405000e+04 -1.250614e+02 
7.406000e+04 -1.250620e+02 
7.407000e+04 -1.250626e+02 
7.408000e+04 -1.250631e+02 
7.409000e+04 -1.250637e+02 
7.410000e+04 -1.250642e+02 
7.411000e+04 -1.250648e+02 
7.412000e+04 -1.250652e+02 
7.413000e+04 -1.250658e+02 
7.414000e+04 -1.250663e+02 
7.415000e+04 -1.250669e+02 
7.416000e+04 -1.250674e+02 
7.417000e+04 -1.250679e+02 
7.418000e+04 -1.250685e+02 
7.419000e+04 -1.250690e+02 
7.420000e+04 -1.250695e+02 
7.421000e+04 -1.250701e+02 
7.422000e+04 -1.250707e+02 
7.423000e+04 -1.250712e+02 
7.424000e+04 -1.250718e+02 
7.425000e+04 -1.250723e+02 
7.426000e+04 -1.250728e+02 
7.427000e+04 -1.250733e+02 
7.428000e+04 -1.250739e+02 
7.429000e+04 -1.250744e+02 
7.430000e+04 -1.250750e+02 
7.431000e+04 -1.250755e+02 
7.432000e+04 -1.250760e+02 
7.433000e+04 -1.250765e+02 
7.434000e+04 -1.250771e+02 
7.435000e+04 -1.250777e+02 
7.436000e+04 -1.250782e+02 
7.437000e+04 -1.250788e+02 
7.438000e+04 -1.250792e+02 
7.439000e+04 -1.250798e+02 
7.440000e+04 -1.250803e+02 
7.441000e+04 -1.250809e+02 
7.442000e+04 -1.250814e+02 
7.443000e+04 -1.250819e+02 
7.444000e+04 -1.250825e+02 
7.445000e+04 -1.250830e+02 
7.446000e+04 -1.250836e+02 
7.447000e+04 -1.250841e+02 
7.448000e+04 -1.250846e+02 
7.449000e+04 -1.250851e+02 
7.450000e+04 -1.250857e+02 
7.451000e+04 -1.250862e+02 
7.452000e+04 -1.250868e+02 
7.453000e+04 -1.250873e+02 
7.454000e+04 -1.250878e+02 
7.455000e+04 -1.250884e+02 
7.456000e+04 -1.250889e+02 
7.457000e+04 -1.250894e+02 
7.458000e+04 -1.250900e+02 
7.459000e+04 -1.250905e+02 
7.460000e+04 -1.250910e+02 
7.461000e+04 -1.250915e+02 
7.462000e+04 -1.250922e+02 
7.463000e+04 -1.250927e+02 
7.464000e+04 -1.250932e+02 
7.465000e+04 -1.250937e+02 
7.466000e+04 -1.250943e+02 
7.467000e+04 -1.250948e+02 
7.468000e+04 -1.250953e+02 
7.469000e+04 -1.250958e+02 
7.470000e+04 -1.250964e+02 
7.471000e+04 -1.250969e+02 
7.472000e+04 -1.250975e+02 
7.473000e+04 -1.250980e+02 
7.474000e+04 -1.250985e+02 
7.475000e+04 -1.250991e+02 
7.476000e+04 -1.250996e+02 
7.477000e+04 -1.251001e+02 
7.478000e+04 -1.251006e+02 
7.479000e+04 -1.251012e+02 
7.480000e+04 -1.251017e+02 
7.481000e+04 -1.251022e+02 
7.482000e+04 -1.251028e+02 
7.483000e+04 -1.251034e+02 
7.484000e+04 -1.251038e+02 
7.485000e+04 -1.251044e+02 
7.486000e+04 -1.251049e+02 
7.487000e+04 -1.251054e+02 
7.488000e+04 -1.251059e+02 
7.489000e+04 -1.251065e+02 
7.490000e+04 -1.251070e+02 
7.491000e+04 -1.251076e+02 
7.492000e+04 -1.251080e+02 
7.493000e+04 -1.251086e+02 
7.494000e+04 -1.251091e+02 
7.495000e+04 -1.251096e+02 
7.496000e+04 -1.251101e+02 
7.497000e+04 -1.251107e+02 
7.498000e+04 -1.251112e+02 
7.499000e+04 -1.251117e+02 
7.500000e+04 -1.250950e+02 
7.501000e+04 -1.251126e+02 
7.502000e+04 -1.251132e+02 
7.503000e+04 -1.251137e+02 
7.504000e+04 -1.251143e+02 
7.505000e+04 -1.251149e+02 
7.506000e+04 -1.251154e+02 
7.507000e+04 -1.251159e+02 
7.508000e+04 -1.251164e+02 
7.509000e+04 -1.251169e+02 
7.510000e+04 -1.251175e+02 
7.511000e+04 -1.251180e+02 
7.512000e+04 -1.251186e+02 
7.513000e+04 -1.251191e+02 
7.514000e+04 -1.251196e+02 
7.515000e+04 -1.251201e+02 
7.516000e+04 -1.251206e+02 
7.517000e+04 -1.251212e+02 
7.518000e+04 -1.251217e+02 
7.519000e+04 -1.251222e+02 
7.520000e+04 -1.251228e+02 
7.521000e+04 -1.251234e+02 
7.522000e+04 -1.251238e+02 
7.523000e+04 -1.251244e+02 
7.524000e+04 -1.251249e+02 
7.525000e+04 -1.251254e+02 
7.526000e+04 -1.251259e+02 
7.527000e+04 -1.251265e+02 
7.528000e+04 -1.251270e+02 
7.529000e+04 -1.251275e+02 
7.530000e+04 -1.251280e+02 
7.531000e+04 -1.251285e+02 
7.532000e+04 -1.251291e+02 
7.533000e+04 -1.251296e+02 
7.534000e+04 -1.251300e+02 
7.535000e+04 -1.251306e+02 
7.536000e+04 -1.251311e+02 
7.537000e+04 -1.251317e+02 
7.538000e+04 -1.251322e+02 
7.539000e+04 -1.251327e+02 
7.540000e+04 -1.251332e+02 
7.541000e+04 -1.251338e+02 
7.542000e+04 -1.251344e+02 
7.543000e+04 -1.251348e+02 
7.544000e+04 -1.251354e+02 
7.545000e+04 -1.251359e+02 
7.546000e+04 -1.251364e+02 
7.547000e+04 -1.251370e+02 
7.548000e+04 -1.251374e+02 
7.549000e+04 -1.251380e+02 
7.550000e+04 -1.251386e+02 
7.551000e+04 -1.251390e+02 
7.552000e+04 -1.251396e+02 
7.553000e+04 -1.251401e+02 
7.554000e+04 -1.251406e+02 
7.555000e+04 -1.251411e+02 
7.556000e+04 -1.251416e+02 
7.557000e+04 -1.251422e+02 
7.558000e+04 -1.251427e+02 
7.559000e+04 -1.251432e+02 
7.560000e+04 -1.251438e+02 
7.561000e+04 -1.251443e+02 
7.562000e+04 -1.251448e+02 
7.563000e+04 -1.251453e+02 
7.564000e+04 -1.251458e+02 
7.565000e+04 -1.251463e+02 
7.566000e+04 -1.251469e+02 
7.567000e+04 -1.251474e+02 
7.568000e+04 -1.251479e+02 
7.569000e+04 -1.251485e+02 
7.570000e+04 -1.251490e+02 
7.571000e+04 -1.251494e+02 
7.572000e+04 -1.251500e+02 
7.573000e+04 -1.251505e+02 
7.574000e+04 -1.251511e+02 
7.575000e+04 -1.251515e+02 
7.576000e+04 -1.251520e+02 
7.577000e+04 -1.251526e+02 
7.578000e+04 -1.251531e+02 
7.579000e+04 -1.251535e+02 
7.580000e+04 -1.251541e+02 
7.581000e+04 -1.251546e+02 
7.582000e+04 -1.251551e+02 
7.583000e+04 -1.251556e+02 
7.584000e+04 -1.251562e+02 
7.585000e+04 -1.251567e+02 
7.586000e+04 -1.251572e+02 
7.587000e+04 -1.251577e+02 
7.588000e+04 -1.251582e+02 
7.589000e+04 -1.251588e+02 
7.590000e+04 -1.251593e+02 
7.591000e+04 -1.251598e+02 
7.592000e+04 -1.251604e+02 
7.593000e+04 -1.251608e+02 
7.594000e+04 -1.251613e+02 
7.595000e+04 -1.251619e+02 
7.596000e+04 -1.251624e+02 
7.597000e+04 -1.251629e+02 
7.598000e+04 -1.251634e+02 
7.599000e+04 -1.251639e+02 
7.600000e+04 -1.251771e+02 
7.601000e+04 -1.251650e+02 
7.602000e+04 -1.251655e+02 
7.603000e+04 -1.251659e+02 
7.604000e+04 -1.251665e+02 
7.605000e+04 -1.251670e+02 
7.606000e+04 -1.251676e+02 
7.607000e+04 -1.251680e+02 
7.608000e+04 -1.251686e+02 
7.609000e+04 -1.251691e+02 
7.610000e+04 -1.251696e+02 
7.611000e+04 -1.251701e+02 
7.612000e+04 -1.251706e+02 
7.613000e+04 -1.251711e+02 
7.614000e+04 -1.251716e+02 
7.615000e+04 -1.251721e+02 
7.616000e+04 -1.251727e+02 
7.617000e+04 -1.251732e+02 
7.618000e+04 -1.251737e+02 
7.619000e+04 -1.251741e+02 
7.620000e+04 -1.251747e+02 
7.621000e+04 -1.251752e+02 
7.622000e+04 -1.251758e+02 
7.623000e+04 -1.251762e+02 
7.624000e+04 -1.251768e+02 
7.625000e+04 -1.251773e+02 
7.626000e+04 -1.251778e+02 
7.627000e+04 -1.251783e+02 
7.628000e+04 -1.251788e+02 
7.629000e+04 -1.251793e+02 
7.630000e+04 -1.251798e+02 
7.631000e+04 -1.251804e+02 
7.632000e+04 -1.251809e+02 
7.633000e+04 -1.251814e+02 
7.634000e+04 -1.251820e+02 
7.635000e+04 -1.251824e+02 
7.636000e+04 -1.251829e+02 
7.637000e+04 -1.251834e+02 
7.638000e+04 -1.251840e+02 
7.639000e+04 -1.251845e+02 
7.640000e+04 -1.251850e+02 
7.641000e+04 -1.251855e+02 
7.642000e+04 -1.251860e+02 
7.643000e+04 -1.251866e+02 
7.644000e+04 -1.251870e+02 
7.645000e+04 -1.251875e+02 
7.646000e+04 -1.251880e+02 
7.647000e+04 -1.251886e+02 
7.648000e+04 -1.251891e+02 
7.649000e+04 -1.251896e+02 
7.650000e+04 -1.251901e+02 
7.651000e+04 -1.251906e+02 
7.652000e+04 -1.251911e+02 
7.653000e+04 -1.251916e+02 
7.654000e+04 -1.251922e+02 
7.655000e+04 -1.251927e+02 
7.656000e+04 -1.251932e+02 
7.657000e+04 -1.251937e+02 
7.658000e+04 -1.251942e+02 
7.659000e+04 -1.251947e+02 
7.660000e+04 -1.251953e+02 
7.661000e+04 -1.251957e+02 
7.662000e+04 -1.251962e+02 
7.663000e+04 -1.251968e+02 
7.664000e+04 -1.251973e+02 
7.665000e+04 -1.251977e+02 
7.666000e+04 -1.251983e+02 
7.667000e+04 -1.251988e+02 
7.668000e+04 -1.251993e+02 
7.669000e+04 -1.251998e+02 
7.670000e+04 -1.252003e+02 
7.671000e+04 -1.252008e+02 
7.672000e+04 -1.252013e+02 
7.673000e+04 -1.252018e+02 
7.674000e+04 -1.252024e+02 
7.675000e+04 -1.252028e+02 
7.676000e+04 -1.252034e+02 
7.677000e+04 -1.252038e+02 
7.678000e+04 -1.252044e+02 
7.679000e+04 -1.252048e+02 
7.680000e+04 -1.252053e+02 
7.681000e+04 -1.252059e+02 
7.682000e+04 -1.252064e+02 
7.683000e+04 -1.252068e+02 
7.684000e+04 -1.252074e+02 
7.685000e+04 -1.252079e+02 
7.686000e+04 -1.252084e+02 
7.687000e+04 -1.252089e+02 
7.688000e+04 -1.252094e+02 
7.689000e+04 -1.252099e+02 
7.690000e+04 -1.252105e+02 
7.691000e+04 -1.252109e+02 
7.692000e+04 -1.252115e+02 
7.693000e+04 -1.252119e+02 
7.694000e+04 -1.252125e+02 
7.695000e+04 -1.252129e+02 
7.696000e+04 -1.252135e+02 
7.697000e+04 -1.252139e+02 
7.698000e+04 -1.252144e+02 
7.699000e+04 -1.252150e+02 
7.700000e+04 -1.252048e+02 
7.701000e+04 -1.252158e+02 
7.702000e+04 -1.252164e+02 
7.703000e+04 -1.252170e+02 
7.704000e+04 -1.252174e+02 
7.705000e+04 -1.252180e+02 
7.706000e+04 -1.252185e+02 
7.707000e+04 -1.252189e+02 
7.708000e+04 -1.252194e+02 
7.709000e+04 -1.252200e+02 
7.710000e+04 -1.252205e+02 
7.711000e+04 -1.252209e+02 
7.712000e+04 -1.252214e+02 
7.713000e+04 -1.252219e+02 
7.714000e+04 -1.252224e+02 
7.715000e+04 -1.252230e+02 
7.716000e+04 -1.252235e+02 
7.717000e+04 -1.252241e+02 
7.718000e+04 -1.252245e+02 
7.719000e+04 -1.252250e+02 
7.720000e+04 -1.252255e+02 
7.721000e+04 -1.252260e+02 
7.722000e+04 -1.252265e+02 
7.723000e+04 -1.252270e+02 
7.724000e+04 -1.252275e+02 
7.725000e+04 -1.252280e+02 
7.726000e+04 -1.252285e+02 
7.727000e+04 -1.252290e+02 
7.728000e+04 -1.252296e+02 
7.729000e+04 -1.252301e+02 
7.730000e+04 -1.252305e+02 
7.731000e+04 -1.252310e+02 
7.732000e+04 -1.252315e+02 
7.733000e+04 -1.252320e+02 
7.734000e+04 -1.252325e+02 
7.735000e+04 -1.252330e+02 
7.736000e+04 -1.252335e+02 
7.737000e+04 -1.252340e+02 
7.738000e+04 -1.252346e+02 
7.739000e+04 -1.252350e+02 
7.740000e+04 -1.252356e+02 
7.741000e+04 -1.252360e+02 
7.742000e+04 -1.252364e+02 
7.743000e+04 -1.252370e+02 
7.744000e+04 -1.252375e+02 
7.745000e+04 -1.252380e+02 
7.746000e+04 -1.252385e+02 
7.747000e+04 -1.252390e+02 
7.748000e+04 -1.252396e+02 
7.749000e+04 -1.252400e+02 
7.750000e+04 -1.252406e+02 
7.751000e+04 -1.252410e+02 
7.752000e+04 -1.252415e+02 
7.753000e+04 -1.252420e+02 
7.754000e+04 -1.252425e+02 
7.755000e+04 -1.252430e+02 
7.756000e+04 -1.252435e+02 
7.757000e+04 -1.252440e+02 
7.758000e+04 -1.252445e+02 
7.759000e+04 -1.252450e+02 
7.760000e+04 -1.252455e+02 
7.761000e+04 -1.252460e+02 
7.762000e+04 -1.252465e+02 
7.763000e+04 -1.252470e+02 
7.764000e+04 -1.252474e+02 
7.765000e+04 -1.252479e+02 
7.766000e+04 -1.252485e+02 
7.767000e+04 -1.252489e+02 
7.768000e+04 -1.252495e+02 
7.769000e+04 -1.252500e+02 
7.770000e+04 -1.252504e+02 
7.771000e+04 -1.252509e+02 
7.772000e+04 -1.252514e+02 
7.773000e+04 -1.252519e+02 
7.774000e+04 -1.252524e+02 
7.775000e+04 -1.252529e+02 
7.776000e+04 -1.252534e+02 
7.777000e+04 -1.252540e+02 
7.778000e+04 -1.252544e+02 
7.779000e+04 -1.252549e+02 
7.780000e+04 -1.252554e+02 
7.781000e+04 -1.252559e+02 
7.782000e+04 -1.252564e+02 
7.783000e+04 -1.252569e+02 
7.784000e+04 -1.252573e+02 
7.785000e+04 -1.252579e+02 
7.786000e+04 -1.252583e+02 
7.787000e+04 -1.252589e+02 
7.788000e+04 -1.252594e+02 
7.789000e+04 -1.252599e+02 
7.790000e+04 -1.252603e+02 
7.791000e+04 -1.252608e+02 
7.792000e+04 -1.252613e+02 
7.793000e+04 -1.252618e+02 
7.794000e+04 -1.252623e+02 
7.795000e+04 -1.252628e+02 
7.796000e+04 -1.252632e+02 
7.797000e+04 -1.252638e+02 
7.798000e+04 -1.252642e+02 
7.799000e+04 -1.252647e+02 
7.800000e+04 -1.252822e+02 
7.801000e+04 -1.252657e+02 
7.802000e+04 -1.252662e+02 
7.803000e+04 -1.252667e+02 
7.804000e+04 -1.252673e+02 
7.805000e+04 -1.252677e+02 
7.806000e+04 -1.252682e+02 
7.807000e+04 -1.252687e+02 
7.808000e+04 -1.252692e+02 
7.809000e+04 -1.252697e+02 
7.810000e+04 -1.252702e+02 
7.811000e+04 -1.252707e+02 
7.812000e+04 -1.252712e+02 
7.813000e+04 -1.252716e+02 
7.814000e+04 -1.252722e+02 
7.815000e+04 -1.252727e+02 
7.816000e+04 -1.252731e+02 
7.817000e+04 -1.252736e+02 
7.818000e+04 -1.252741e+02 
7.819000e+04 -1.252746e+02 
7.820000e+04 -1.252751e+02 
7.821000e+04 -1.252756e+02 
7.822000e+04 -1.252761e+02 
7.823000e+04 -1.252766e+02 
7.824000e+04 -1.252771e+02 
7.825000e+04 -1.252775e+02 
7.826000e+04 -1.252780e+02 
7.827000e+04 -1.252785e+02 
7.828000e+04 -1.252791e+02 
7.829000e+04 -1.252795e+02 
7.830000e+04 -1.252800e+02 
7.831000e+04 -1.252805e+02 
7.832000e+04 -1.252810e+02 
7.833000e+04 -1.252815e+02 
7.834000e+04 -1.252820e+02 
7.835000e+04 -1.252825e+02 
7.836000e+04 -1.252829e+02 
7.837000e+04 -1.252834e+02 
7.838000e+04 -1.252839e+02 
7.839000e+04 -1.252844e+02 
7.840000e+04 -1.252849e+02 
7.841000e+04 -1.252854e+02 
7.842000e+04 -1.252859e+02 
7.843000e+04 -1.252864e+02 
7.844000e+04 -1.252868e+02 
7.845000e+04 -1.252874e+02 
7.846000e+04 -1.252878e+02 
7.847000e+04 -1.252884e+02 
7.848000e+04 -1.252888e+02 
7.849000e+04 -1.252893e+02 
7.850000e+04 -1.252897e+02 
7.851000e+04 -1.252903e+02 
7.852000e+04 -1.252908e+02 
7.853000e+04 -1.252912e+02 
7.854000e+04 -1.252918e+02 
7.855000e+04 -1.252923e+02 
7.856000e+04 -1.252928e+02 
7.857000e+04 -1.252933e+02 
7.858000e+04 -1.252937e+02 
7.859000e+04 -1.252942e+02 
7.860000e+04 -1.252947e+02 
7.861000e+04 -1.252952e+02 
7.862000e+04 -1.252956e+02 
7.863000e+04 -1.252961e+02 
7.864000e+04 -1.252966e+02 
7.865000e+04 -1.252971e+02 
7.866000e+04 -1.252976e+02 
7.867000e+04 -1.252981e+02 
7.868000e+04 -1.252985e+02 
7.869000e+04 -1.252990e+02 
7.870000e+04 -1.252995e+02 
7.871000e+04 -1.253000e+02 
7.872000e+04 -1.253005e+02 
7.873000e+04 -1.253009e+02 
7.874000e+04 -1.253015e+02 
7.875000e+04 -1.253020e+02 
7.876000e+04 -1.253025e+02 
7.877000e+04 -1.253029e+02 
7.878000e+04 -1.253034e+02 
7.879000e+04 -1.253039e+02 
7.880000e+04 -1.253044e+02 
7.881000e+04 -1.253049e+02 
7.882000e+04 -1.253054e+02 
7.883000e+04 -1.253059e+02 
7.884000e+04 -1.253063e+02 
7.885000e+04 -1.253068e+02 
7.886000e+04 -1.253073e+02 
7.887000e+04 -1.253077e+02 
7.888000e+04 -1.253082e+02 
7.889000e+04 -1.253087e+02 
7.890000e+04 -1.253092e+02 
7.891000e+04 -1.253097e+02 
7.892000e+04 -1.253102e+02 
7.893000e+04 -1.253106e+02 
7.894000e+04 -1.253111e+02 
7.895000e+04 -1.253116e+02 
7.896000e+04 -1.253121e+02 
7.897000e+04 -1.253126e+02 
7.898000e+04 -1.253130e+02 
7.899000e+04 -1.253135e+02 
7.900000e+04 -1.253026e+02 
7.901000e+04 -1.253144e+02 
7.902000e+04 -1.253149e+02 
7.903000e+04 -1.253153e+02 
7.904000e+04 -1.253158e+02 
7.905000e+04 -1.253163e+02 
7.906000e+04 -1.253169e+02 
7.907000e+04 -1.253174e+02 
7.908000e+04 -1.253178e+02 
7.909000e+04 -1.253183e+02 
7.910000e+04 -1.253187e+02 
7.911000e+04 -1.253192e+02 
7.912000e+04 -1.253197e+02 
7.913000e+04 -1.253203e+02 
7.914000e+04 -1.253208e+02 
7.915000e+04 -1.253212e+02 
7.916000e+04 -1.253216e+02 
7.917000e+04 -1.253221e+02 
7.918000e+04 -1.253226e+02 
7.919000e+04 -1.253231e+02 
7.920000e+04 -1.253236e+02 
7.921000e+04 -1.253240e+02 
7.922000e+04 -1.253245e+02 
7.923000e+04 -1.253250e+02 
7.924000e+04 -1.253255e+02 
7.925000e+04 -1.253260e+02 
7.926000e+04 -1.253264e+02 
7.927000e+04 -1.253270e+02 
7.928000e+04 -1.253274e+02 
7.929000e+04 -1.253279e+02 
7.930000e+04 -1.253283e+02 
7.931000e+04 -1.253289e+02 
7.932000e+04 -1.253293e+02 
7.933000e+04 -1.253298e+02 
7.934000e+04 -1.253303e+02 
7.935000e+04 -1.253307e+02 
7.936000e+04 -1.253313e+02 
7.937000e+04 -1.253318e+02 
7.938000e+04 -1.253323e+02 
7.939000e+04 -1.253327e+02 
7.940000e+04 -1.253332e+02 
7.941000e+04 -1.253337e+02 
7.942000e+04 -1.253341e+02 
7.943000e+04 -1.253346e+02 
7.944000e+04 -1.253351e+02 
7.945000e+04 -1.253356e+02 
7.946000e+04 -1.253361e+02 
7.947000e+04 -1.253365e+02 
7.948000e+04 -1.253370e+02 
7.949000e+04 -1.253374e+02 
7.950000e+04 -1.253379e+02 
7.951000e+04 -1.253385e+02 
7.952000e+04 -1.253389e+02 
7.953000e+04 -1.253393e+02 
7.954000e+04 -1.253399e+02 
7.955000e+04 -1.253403e+02 
7.956000e+04 -1.253408e+02 
7.957000e+04 -1.253412e+02 
7.958000e+04 -1.253418e+02 
7.959000e+04 -1.253422e+02 
7.960000e+04 -1.253427e+02 
7.961000e+04 -1.253432e+02 
7.962000e+04 -1.253437e+02 
7.963000e+04 -1.253441e+02 
7.964000e+04 -1.253446e+02 
7.965000e+04 -1.253452e+02 
7.966000e+04 -1.253457e+02 
7.967000e+04 -1.253461e+02 
7.968000e+04 -1.253465e+02 
7.969000e+04 -1.253470e+02 
7.970000e+04 -1.253475e+02 
7.971000e+04 -1.253479e+02 
7.972000e+04 -1.253484e+02 
7.973000e+04 -1.253489e+02 
7.974000e+04 -1.253493e+02 
7.975000e+04 -1.253498e+02 
7.976000e+04 -1.253503e+02 
7.977000e+04 -1.253508e+02 
7.978000e+04 -1.253512e+02 
7.979000e+04 -1.253517e+02 
7.980000e+04 -1.253522e+02 
7.981000e+04 -1.253527e+02 
7.982000e+04 -1.253531e+02 
7.983000e+04 -1.253536e+02 
7.984000e+04 -1.253540e+02 
7.985000e+04 -1.253546e+02 
7.986000e+04 -1.253550e+02 
7.987000e+04 -1.253555e+02 
7.988000e+04 -1.253560e+02 
7.989000e+04 -1.253565e+02 
7.990000e+04 -1.253569e+02 
7.991000e+04 -1.253574e+02 
7.992000e+04 -1.253579e+02 
7.993000e+04 -1.253584e+02 
7.994000e+04 -1.253588e+02 
7.995000e+04 -1.253592e+02 
7.996000e+04 -1.253597e+02 
7.997000e+04 -1.253602e+02 
7.998000e+04 -1.253607e+02 
7.999000e+04 -1.253611e+02 
8.000000e+04 -1.253816e+02 
8.001000e+04 -1.253621e+02 
8.002000e+04 -1.253626e+02 
8.003000e+04 -1.253630e+02 
8.004000e+04 -1.253635e+02 
8.005000e+04 -1.253640e+02 
8.006000e+04 -1.253644e+02 
8.007000e+04 -1.253649e+02 
8.008000e+04 -1.253653e+02 
8.009000e+04 -1.253659e+02 
8.010000e+04 -1.253664e+02 
8.011000e+04 -1.253668e+02 
8.012000e+04 -1.253673e+02 
8.013000e+04 -1.253677e+02 
8.014000e+04 -1.253682e+02 
8.015000e+04 -1.253687e+02 
8.016000e+04 -1.253692e+02 
8.017000e+04 -1.253696e+02 
8.018000e+04 -1.253700e+02 
8.019000e+04 -1.253706e+02 
8.020000e+04 -1.253710e+02 
8.021000e+04 -1.253715e+02 
8.022000e+04 -1.253719e+02 
8.023000e+04 -1.253725e+02 
8.024000e+04 -1.253729e+02 
8.025000e+04 -1.253734e+02 
8.026000e+04 -1.253738e+02 
8.027000e+04 -1.253743e+02 
8.028000e+04 -1.253748e+02 
8.029000e+04 -1.253752e+02 
8.030000e+04 -1.253757e+02 
8.031000e+04 -1.253762e+02 
8.032000e+04 -1.253767e+02 
8.033000e+04 -1.253771e+02 
8.034000e+04 -1.253776e+02 
8.035000e+04 -1.253781e+02 
8.036000e+04 -1.253786e+02 
8.037000e+04 -1.253790e+02 
8.038000e+04 -1.253795e+02 
8.039000e+04 -1.253799e+02 
8.040000e+04 -1.253804e+02 
8.041000e+04 -1.253808e+02 
8.042000e+04 -1.253813e+02 
8.043000e+04 -1.253819e+02 
8.044000e+04 -1.253823e+02 
8.045000e+04 -1.253827e+02 
8.046000e+04 -1.253832e+02 
8.047000e+04 -1.253837e+02 
8.048000e+04 -1.253842e+02 
8.049000e+04 -1.253846e+02 
8.050000e+04 -1.253851e+02 
8.051000e+04 -1.253855e+02 
8.052000e+04 -1.253860e+02 
8.053000e+04 -1.253866e+02 
8.054000e+04 -1.253870e+02 
8.055000e+04 -1.253874e+02 
8.056000e+04 -1.253879e+02 
8.057000e+04 -1.253883e+02 
8.058000e+04 -1.253888e+02 
8.059000e+04 -1.253893e+02 
8.060000e+04 -1.253897e+02 
8.061000e+04 -1.253902e+02 
8.062000e+04 -1.253907e+02 
8.063000e+04 -1.253912e+02 
8.064000e+04 -1.253916e+02 
8.065000e+04 -1.253921e+02 
8.066000e+04 -1.253925e+02 
8.067000e+04 -1.253931e+02 
8.068000e+04 -1.253934e+02 
8.069000e+04 -1.253939e+02 
8.070000e+04 -1.253944e+02 
8.071000e+04 -1.253948e+02 
8.072000e+04 -1.253953e+02 
8.073000e+04 -1.253958e+02 
8.074000e+04 -1.253962e+02 
8.075000e+04 -1.253967e+02 
8.076000e+04 -1.253972e+02 
8.077000e+04 -1.253977e+02 
8.078000e+04 -1.253981e+02 
8.079000e+04 -1.253986e+02 
8.080000e+04 -1.253990e+02 
8.081000e+04 -1.253995e+02 
8.082000e+04 -1.253999e+02 
8.083000e+04 -1.254005e+02 
8.084000e+04 -1.254008e+02 
8.085000e+04 -1.254013e+02 
8.086000e+04 -1.254018e+02 
8.087000e+04 -1.254023e+02 
8.088000e+04 -1.254028e+02 
8.089000e+04 -1.254031e+02 
8.090000e+04 -1.254036e+02 
8.091000e+04 -1.254041e+02 
8.092000e+04 -1.254046e+02 
8.093000e+04 -1.254050e+02 
8.094000e+04 -1.254055e+02 
8.095000e+04 -1.254059e+02 
8.096000e+04 -1.254064e+02 
8.097000e+04 -1.254069e+02 
8.098000e+04 -1.254074e+02 
8.099000e+04 -1.254078e+02 
8.100000e+04 -1.253967e+02 
8.101000e+04 -1.254085e+02 
8.102000e+04 -1.254090e+02 
8.103000e+04 -1.254095e+02 
8.104000e+04 -1.254100e+02 
8.105000e+04 -1.254105e+02 
8.106000e+04 -1.254109e+02 
8.107000e+04 -1.254114e+02 
8.108000e+04 -1.254119e+02 
8.109000e+04 -1.254124e+02 
8.110000e+04 -1.254128e+02 
8.111000e+04 -1.254132e+02 
8.112000e+04 -1.254137e+02 
8.113000e+04 -1.254142e+02 
8.114000e+04 -1.254146e+02 
8.115000e+04 -1.254151e+02 
8.116000e+04 -1.254156e+02 
8.117000e+04 -1.254161e+02 
8.118000e+04 -1.254165e+02 
8.119000e+04 -1.254170e+02 
8.120000e+04 -1.254174e+02 
8.121000e+04 -1.254179e+02 
8.122000e+04 -1.254184e+02 
8.123000e+04 -1.254189e+02 
8.124000e+04 -1.254192e+02 
8.125000e+04 -1.254197e+02 
8.126000e+04 -1.254202e+02 
8.127000e+04 -1.254206e+02 
8.128000e+04 -1.254211e+02 
8.129000e+04 -1.254215e+02 
8.130000e+04 -1.254220e+02 
8.131000e+04 -1.254224e+02 
8.132000e+04 -1.254229e+02 
8.133000e+04 -1.254235e+02 
8.134000e+04 -1.254239e+02 
8.135000e+04 -1.254242e+02 
8.136000e+04 -1.254247e+02 
8.137000e+04 -1.254252e+02 
8.138000e+04 -1.254257e+02 
8.139000e+04 -1.254261e+02 
8.140000e+04 -1.254266e+02 
8.141000e+04 -1.254270e+02 
8.142000e+04 -1.254275e+02 
8.143000e+04 -1.254280e+02 
8.144000e+04 -1.254284e+02 
8.145000e+04 -1.254289e+02 
8.146000e+04 -1.254293e+02 
8.147000e+04 -1.254299e+02 
8.148000e+04 -1.254303e+02 
8.149000e+04 -1.254307e+02 
8.150000e+04 -1.254312e+02 
8.151000e+04 -1.254316e+02 
8.152000e+04 -1.254321e+02 
8.153000e+04 -1.254326e+02 
8.154000e+04 -1.254330e+02 
8.155000e+04 -1.254335e+02 
8.156000e+04 -1.254339e+02 
8.157000e+04 -1.254344e+02 
8.158000e+04 -1.254348e+02 
8.159000e+04 -1.254353e+02 
8.160000e+04 -1.254357e+02 
8.161000e+04 -1.254362e+02 
8.162000e+04 -1.254366e+02 
8.163000e+04 -1.254371e+02 
8.164000e+04 -1.254375e+02 
8.165000e+04 -1.254380e+02 
8.166000e+04 -1.254384e+02 
8.167000e+04 -1.254389e+02 
8.168000e+04 -1.254393e+02 
8.169000e+04 -1.254398e+02 
8.170000e+04 -1.254402e+02 
8.171000e+04 -1.254407e+02 
8.172000e+04 -1.254412e+02 
8.173000e+04 -1.254416e+02 
8.174000e+04 -1.254421e+02 
8.175000e+04 -1.254426e+02 
8.176000e+04 -1.254429e+02 
8.177000e+04 -1.254435e+02 
8.178000e+04 -1.254439e+02 
8.179000e+04 -1.254443e+02 
8.180000e+04 -1.254448e+02 
8.181000e+04 -1.254453e+02 
8.182000e+04 -1.254457e+02 
8.183000e+04 -1.254462e+02 
8.184000e+04 -1.254467e+02 
8.185000e+04 -1.254471e+02 
8.186000e+04 -1.254475e+02 
8.187000e+04 -1.254480e+02 
8.188000e+04 -1.254484e+02 
8.189000e+04 -1.254489e+02 
8.190000e+04 -1.254494e+02 
8.191000e+04 -1.254499e+02 
8.192000e+04 -1.254502e+02 
8.193000e+04 -1.254506e+02 
8.194000e+04 -1.254512e+02 
8.195000e+04 -1.254516e+02 
8.196000e+04 -1.254520e+02 
8.197000e+04 -1.254525e+02 
8.198000e+04 -1.254530e+02 
8.199000e+04 -1.254533e+02 
8.200000e+04 -1.254635e+02 
8.201000e+04 -1.254543e+02 
8.202000e+04 -1.254547e+02 
8.203000e+04 -1.254552e+02 
8.204000e+04 -1.254557e+02 
8.205000e+04 -1.254561e+02 
8.206000e+04 -1.254566e+02 
8.207000e+04 -1.254571e+02 
8.208000e+04 -1.254574e+02 
8.209000e+04 -1.254579e+02 
8.210000e+04 -1.254584e+02 
8.211000e+04 -1.254588e+02 
8.212000e+04 -1.254593e+02 
8.213000e+04 -1.254597e+02 
8.214000e+04 -1.254602e+02 
8.215000e+04 -1.254606e+02 
8.216000e+04 -1.254611e+02 
8.217000e+04 -1.254615e+02 
8.218000e+04 -1.254619e+02 
8.219000e+04 -1.254624e+02 
8.220000e+04 -1.254628e+02 
8.221000e+04 -1.254633e+02 
8.222000e+04 -1.254637e+02 
8.223000e+04 -1.254642e+02 
8.224000e+04 -1.254646e+02 
8.225000e+04 -1.254651e+02 
8.226000e+04 -1.254656e+02 
8.227000e+04 -1.254660e+02 
8.228000e+04 -1.254664e+02 
8.229000e+04 -1.254668e+02 
8.230000e+04 -1.254674e+02 
8.231000e+04 -1.254678e+02 
8.232000e+04 -1.254682e+02 
8.233000e+04 -1.254687e+02 
8.234000e+04 -1.254691e+02 
8.235000e+04 -1.254695e+02 
8.236000e+04 -1.254700e+02 
8.237000e+04 -1.254704e+02 
8.238000e+04 -1.254709e+02 
8.239000e+04 -1.254714e+02 
8.240000e+04 -1.254718e+02 
8.241000e+04 -1.254723e+02 
8.242000e+04 -1.254727e+02 
8.243000e+04 -1.254732e+02 
8.244000e+04 -1.254736e+02 
8.245000e+04 -1.254740e+02 
8.246000e+04 -1.254745e+02 
8.247000e+04 -1.254750e+02 
8.248000e+04 -1.254754e+02 
8.249000e+04 -1.254758e+02 
8.250000e+04 -1.254763e+02 
8.251000e+04 -1.254768e+02 
8.252000e+04 -1.254772e+02 
8.253000e+04 -1.254776e+02 
8.254000e+04 -1.254781e+02 
8.255000e+04 -1.254785e+02 
8.256000e+04 -1.254790e+02 
8.257000e+04 -1.254795e+02 
8.258000e+04 -1.254799e+02 
8.259000e+04 -1.254803e+02 
8.260000e+04 -1.254808e+02 
8.261000e+04 -1.254812e+02 
8.262000e+04 -1.254816e+02 
8.263000e+04 -1.254821e+02 
8.264000e+04 -1.254825e+02 
8.265000e+04 -1.254831e+02 
8.266000e+04 -1.254835e+02 
8.267000e+04 -1.254839e+02 
8.268000e+04 -1.254844e+02 
8.269000e+04 -1.254848e+02 
8.270000e+04 -1.254853e+02 
8.271000e+04 -1.254857e+02 
8.272000e+04 -1.254862e+02 
8.273000e+04 -1.254865e+02 
8.274000e+04 -1.254870e+02 
8.275000e+04 -1.254875e+02 
8.276000e+04 -1.254879e+02 
8.277000e+04 -1.254884e+02 
8.278000e+04 -1.254888e+02 
8.279000e+04 -1.254892e+02 
8.280000e+04 -1.254896e+02 
8.281000e+04 -1.254901e+02 
8.282000e+04 -1.254906e+02 
8.283000e+04 -1.254910e+02 
8.284000e+04 -1.254915e+02 
8.285000e+04 -1.254920e+02 
8.286000e+04 -1.254924e+02 
8.287000e+04 -1.254927e+02 
8.288000e+04 -1.254932e+02 
8.289000e+04 -1.254937e+02 
8.290000e+04 -1.254941e+02 
8.291000e+04 -1.254946e+02 
8.292000e+04 -1.254950e+02 
8.293000e+04 -1.254954e+02 
8.294000e+04 -1.254959e+02 
8.295000e+04 -1.254963e+02 
8.296000e+04 -1.254967e+02 
8.297000e+04 -1.254972e+02 
8.298000e+04 -1.254976e+02 
8.299000e+04 -1.254980e+02 
8.300000e+04 -1.254935e+02 
8.301000e+04 -1.254989e+02 
8.302000e+04 -1.254994e+02 
8.303000e+04 -1.254998e+02 
8.304000e+04 -1.255002e+02 
8.305000e+04 -1.255007e+02 
8.306000e+04 -1.255011e+02 
8.307000e+04 -1.255016e+02 
8.308000e+04 -1.255020e+02 
8.309000e+04 -1.255024e+02 
8.310000e+04 -1.255029e+02 
8.311000e+04 -1.255033e+02 
8.312000e+04 -1.255037e+02 
8.313000e+04 -1.255042e+02 
8.314000e+04 -1.255046e+02 
8.315000e+04 -1.255051e+02 
8.316000e+04 -1.255056e+02 
8.317000e+04 -1.255060e+02 
8.318000e+04 -1.255065e+02 
8.319000e+04 -1.255069e+02 
8.320000e+04 -1.255073e+02 
8.321000e+04 -1.255077e+02 
8.322000e+04 -1.255082e+02 
8.323000e+04 -1.255086e+02 
8.324000e+04 -1.255091e+02 
8.325000e+04 -1.255095e+02 
8.326000e+04 -1.255099e+02 
8.327000e+04 -1.255104e+02 
8.328000e+04 -1.255108e+02 
8.329000e+04 -1.255113e+02 
8.330000e+04 -1.255117e+02 
8.331000e+04 -1.255121e+02 
8.332000e+04 -1.255126e+02 
8.333000e+04 -1.255131e+02 
8.334000e+04 -1.255135e+02 
8.335000e+04 -1.255139e+02 
8.336000e+04 -1.255144e+02 
8.337000e+04 -1.255148e+02 
8.338000e+04 -1.255152e+02 
8.339000e+04 -1.255157e+02 
8.340000e+04 -1.255161e+02 
8.341000e+04 -1.255166e+02 
8.342000e+04 -1.255170e+02 
8.343000e+04 -1.255175e+02 
8.344000e+04 -1.255178e+02 
8.345000e+04 -1.255183e+02 
8.346000e+04 -1.255188e+02 
8.347000e+04 -1.255191e+02 
8.348000e+04 -1.255196e+02 
8.349000e+04 -1.255200e+02 
8.350000e+04 -1.255205e+02 
8.351000e+04 -1.255209e+02 
8.352000e+04 -1.255214e+02 
8.353000e+04 -1.255218e+02 
8.354000e+04 -1.255223e+02 
8.355000e+04 -1.255227e+02 
8.356000e+04 -1.255231e+02 
8.357000e+04 -1.255235e+02 
8.358000e+04 -1.255239e+02 
8.359000e+04 -1.255244e+02 
8.360000e+04 -1.255249e+02 
8.361000e+04 -1.255254e+02 
8.362000e+04 -1.255257e+02 
8.363000e+04 -1.255261e+02 
8.364000e+04 -1.255266e+02 
8.365000e+04 -1.255270e+02 
8.366000e+04 -1.255274e+02 
8.367000e+04 -1.255279e+02 
8.368000e+04 -1.255284e+02 
8.369000e+04 -1.255288e+02 
8.370000e+04 -1.255292e+02 
8.371000e+04 -1.255297e+02 
8.372000e+04 -1.255301e+02 
8.373000e+04 -1.255306e+02 
8.374000e+04 -1.255309e+02 
8.375000e+04 -1.255314e+02 
8.376000e+04 -1.255318e+02 
8.377000e+04 -1.255323e+02 
8.378000e+04 -1.255327e+02 
8.379000e+04 -1.255331e+02 
8.380000e+04 -1.255336e+02 
8.381000e+04 -1.255340e+02 
8.382000e+04 -1.255344e+02 
8.383000e+04 -1.255348e+02 
8.384000e+04 -1.255352e+02 
8.385000e+04 -1.255357e+02 
8.386000e+04 -1.255362e+02 
8.387000e+04 -1.255366e+02 
8.388000e+04 -1.255370e+02 
8.389000e+04 -1.255375e+02 
8.390000e+04 -1.255379e+02 
8.391000e+04 -1.255383e+02 
8.392000e+04 -1.255388e+02 
8.393000e+04 -1.255392e+02 
8.394000e+04 -1.255396e+02 
8.395000e+04 -1.255400e+02 
8.396000e+04 -1.255405e+02 
8.397000e+04 -1.255409e+02 
8.398000e+04 -1.255413e+02 
8.399000e+04 -1.255418e+02 
8.400000e+04 -1.255597e+02 
8.401000e+04 -1.255427e+02 
8.402000e+04 -1.255431e+02 
8.403000e+04 -1.255435e+02 
8.404000e+04 -1.255440e+02 
8.405000e+04 -1.255444e+02 
8.406000e+04 -1.255448e+02 
8.407000e+04 -1.255452e+02 
8.408000e+04 -1.255457e+02 
8.409000e+04 -1.255461e+02 
8.410000e+04 -1.255465e+02 
8.411000e+04 -1.255470e+02 
8.412000e+04 -1.255474e+02 
8.413000e+04 -1.255478e+02 
8.414000e+04 -1.255482e+02 
8.415000e+04 -1.255487e+02 
8.416000e+04 -1.255492e+02 
8.417000e+04 -1.255496e+02 
8.418000e+04 -1.255501e+02 
8.419000e+04 -1.255504e+02 
8.420000e+04 -1.255509e+02 
8.421000e+04 -1.255513e+02 
8.422000e+04 -1.255517e+02 
8.423000e+04 -1.255522e+02 
8.424000e+04 -1.255526e+02 
8.425000e+04 -1.255530e+02 
8.426000e+04 -1.255535e+02 
8.427000e+04 -1.255539e+02 
8.428000e+04 -1.255543e+02 
8.429000e+04 -1.255547e+02 
8.430000e+04 -1.255551e+02 
8.431000e+04 -1.255556e+02 
8.432000e+04 -1.255560e+02 
8.433000e+04 -1.255565e+02 
8.434000e+04 -1.255569e+02 
8.435000e+04 -1.255573e+02 
8.436000e+04 -1.255578e+02 
8.437000e+04 -1.255582e+02 
8.438000e+04 -1.255586e+02 
8.439000e+04 -1.255590e+02 
8.440000e+04 -1.255595e+02 
8.441000e+04 -1.255599e+02 
8.442000e+04 -1.255603e+02 
8.443000e+04 -1.255608e+02 
8.444000e+04 -1.255612e+02 
8.445000e+04 -1.255616e+02 
8.446000e+04 -1.255620e+02 
8.447000e+04 -1.255625e+02 
8.448000e+04 -1.255629e+02 
8.449000e+04 -1.255634e+02 
8.450000e+04 -1.255638e+02 
8.451000e+04 -1.255641e+02 
8.452000e+04 -1.255647e+02 
8.453000e+04 -1.255650e+02 
8.454000e+04 -1.255655e+02 
8.455000e+04 -1.255659e+02 
8.456000e+04 -1.255664e+02 
8.457000e+04 -1.255668e+02 
8.458000e+04 -1.255673e+02 
8.459000e+04 -1.255676e+02 
8.460000e+04 -1.255681e+02 
8.461000e+04 -1.255684e+02 
8.462000e+04 -1.255689e+02 
8.463000e+04 -1.255693e+02 
8.464000e+04 -1.255698e+02 
8.465000e+04 -1.255702e+02 
8.466000e+04 -1.255706e+02 
8.467000e+04 -1.255711e+02 
8.468000e+04 -1.255715e+02 
8.469000e+04 -1.255719e+02 
8.470000e+04 -1.255723e+02 
8.471000e+04 -1.255728e+02 
8.472000e+04 -1.255731e+02 
8.473000e+04 -1.255736e+02 
8.474000e+04 -1.255740e+02 
8.475000e+04 -1.255746e+02 
8.476000e+04 -1.255749e+02 
8.477000e+04 -1.255754e+02 
8.478000e+04 -1.255759e+02 
8.479000e+04 -1.255762e+02 
8.480000e+04 -1.255766e+02 
8.481000e+04 -1.255770e+02 
8.482000e+04 -1.255775e+02 
8.483000e+04 -1.255779e+02 
8.484000e+04 -1.255783e+02 
8.485000e+04 -1.255787e+02 
8.486000e+04 -1.255792e+02 
8.487000e+04 -1.255796e+02 
8.488000e+04 -1.255800e+02 
8.489000e+04 -1.255805e+02 
8.490000e+04 -1.255808e+02 
8.491000e+04 -1.255813e+02 
8.492000e+04 -1.255817e+02 
8.493000e+04 -1.255822e+02 
8.494000e+04 -1.255826e+02 
8.495000e+04 -1.255830e+02 
8.496000e+04 -1.255834e+02 
8.497000e+04 -1.255838e+02 
8.498000e+04 -1.255843e+02 
8.499000e+04 -1.255847e+02 
8.500000e+04 -1.255778e+02 
8.501000e+04 -1.255854e+02 
8.502000e+04 -1.255859e+02 
8.503000e+04 -1.255863e+02 
8.504000e+04 -1.255868e+02 
8.505000e+04 -1.255872e+02 
8.506000e+04 -1.255876e+02 
8.507000e+04 -1.255880e+02 
8.508000e+04 -1.255884e+02 
8.509000e+04 -1.255888e+02 
8.510000e+04 -1.255892e+02 
8.511000e+04 -1.255896e+02 
8.512000e+04 -1.255901e+02 
8.513000e+04 -1.255906e+02 
8.514000e+04 -1.255910e+02 
8.515000e+04 -1.255914e+02 
8.516000e+04 -1.255918e+02 
8.517000e+04 -1.255922e+02 
8.518000e+04 -1.255926e+02 
8.519000e+04 -1.255931e+02 
8.520000e+04 -1.255935e+02 
8.521000e+04 -1.255939e+02 
8.522000e+04 -1.255943e+02 
8.523000e+04 -1.255948e+02 
8.524000e+04 -1.255952e+02 
8.525000e+04 -1.255957e+02 
8.526000e+04 -1.255961e+02 
8.527000e+04 -1.255964e+02 
8.528000e+04 -1.255969e+02 
8.529000e+04 -1.255973e+02 
8.530000e+04 -1.255978e+02 
8.531000e+04 -1.255981e+02 
8.532000e+04 -1.255985e+02 
8.533000e+04 -1.255991e+02 
8.534000e+04 -1.255995e+02 
8.535000e+04 -1.255999e+02 
8.536000e+04 -1.256002e+02 
8.537000e+04 -1.256007e+02 
8.538000e+04 -1.256012e+02 
8.539000e+04 -1.256015e+02 
8.540000e+04 -1.256020e+02 
8.541000e+04 -1.256024e+02 
8.542000e+04 -1.256028e+02 
8.543000e+04 -1.256032e+02 
8.544000e+04 -1.256037e+02 
8.545000e+04 -1.256041e+02 
8.546000e+04 -1.256045e+02 
8.547000e+04 -1.256049e+02 
8.548000e+04 -1.256053e+02 
8.549000e+04 -1.256057e+02 
8.550000e+04 -1.256061e+02 
8.551000e+04 -1.256066e+02 
8.552000e+04 -1.256070e+02 
8.553000e+04 -1.256075e+02 
8.554000e+04 -1.256078e+02 
8.555000e+04 -1.256083e+02 
8.556000e+04 -1.256087e+02 
8.557000e+04 -1.256091e+02 
8.558000e+04 -1.256095e+02 
8.559000e+04 -1.256099e+02 
8.560000e+04 -1.256103e+02 
8.561000e+04 -1.256108e+02 
8.562000e+04 -1.256112e+02 
8.563000e+04 -1.256116e+02 
8.564000e+04 -1.256120e+02 
8.565000e+04 -1.256124e+02 
8.566000e+04 -1.256129e+02 
8.567000e+04 -1.256133e+02 
8.568000e+04 -1.256137e+02 
8.569000e+04 -1.256142e+02 
8.570000e+04 -1.256145e+02 
8.571000e+04 -1.256150e+02 
8.572000e+04 -1.256154e+02 
8.573000e+04 -1.256157e+02 
8.574000e+04 -1.256162e+02 
8.575000e+04 -1.256166e+02 
8.576000e+04 -1.256171e+02 
8.577000e+04 -1.256175e+02 
8.578000e+04 -1.256178e+02 
8.579000e+04 -1.256183e+02 
8.580000e+04 -1.256187e+02 
8.581000e+04 -1.256192e+02 
8.582000e+04 -1.256195e+02 
8.583000e+04 -1.256199e+02 
8.584000e+04 -1.256203e+02 
8.585000e+04 -1.256208e+02 
8.586000e+04 -1.256212e+02 
8.587000e+04 -1.256217e+02 
8.588000e+04 -1.256221e+02 
8.589000e+04 -1.256224e+02 
8.590000e+04 -1.256229e+02 
8.591000e+04 -1.256233e+02 
8.592000e+04 -1.256237e+02 
8.593000e+04 -1.256241e+02 
8.594000e+04 -1.256246e+02 
8.595000e+04 -1.256250e+02 
8.596000e+04 -1.256254e+02 
8.597000e+04 -1.256258e+02 
8.598000e+04 -1.256262e+02 
8.599000e+04 -1.256266e+02 
8.600000e+04 -1.256396e+02 
8.601000e+04 -1.256275e+02 
8.602000e+04 -1.256279e+02 
8.603000e+04 -1.256283e+02 
8.604000e+04 -1.256287e+02 
8.605000e+04 -1.256292e+02 
8.606000e+04 -1.256296e+02 
8.607000e+04 -1.256300e+02 
8.608000e+04 -1.256304e+02 
8.609000e+04 -1.256308e+02 
8.610000e+04 -1.256312e+02 
8.611000e+04 -1.256316e+02 
8.612000e+04 -1.256320e+02 
8.613000e+04 -1.256324e+02 
8.614000e+04 -1.256328e+02 
8.615000e+04 -1.256333e+02 
8.616000e+04 -1.256337e+02 
8.617000e+04 -1.256340e+02 
8.618000e+04 -1.256345e+02 
8.619000e+04 -1.256349e+02 
8.620000e+04 -1.256353e+02 
8.621000e+04 -1.256357e+02 
8.622000e+04 -1.256362e+02 
8.623000e+04 -1.256366e+02 
8.624000e+04 -1.256370e+02 
8.625000e+04 -1.256374e+02 
8.626000e+04 -1.256378e+02 
8.627000e+04 -1.256382e+02 
8.628000e+04 -1.256386e+02 
8.629000e+04 -1.256391e+02 
8.630000e+04 -1.256395e+02 
8.631000e+04 -1.256399e+02 
8.632000e+04 -1.256404e+02 
8.633000e+04 -1.256407e+02 
8.634000e+04 -1.256411e+02 
8.635000e+04 -1.256415e+02 
8.636000e+04 -1.256420e+02 
8.637000e+04 -1.256424e+02 
8.638000e+04 -1.256429e+02 
8.639000e+04 -1.256433e+02 
8.640000e+04 -1.256436e+02 
8.641000e+04 -1.256440e+02 
8.642000e+04 -1.256444e+02 
8.643000e+04 -1.256449e+02 
8.644000e+04 -1.256453e+02 
8.645000e+04 -1.256457e+02 
8.646000e+04 -1.256461e+02 
8.647000e+04 -1.256465e+02 
8.648000e+04 -1.256469e+02 
8.649000e+04 -1.256473e+02 
8.650000e+04 -1.256477e+02 
8.651000e+04 -1.256481e+02 
8.652000e+04 -1.256486e+02 
8.653000e+04 -1.256490e+02 
8.654000e+04 -1.256494e+02 
8.655000e+04 -1.256499e+02 
8.656000e+04 -1.256503e+02 
8.657000e+04 -1.256506e+02 
8.658000e+04 -1.256510e+02 
8.659000e+04 -1.256515e+02 
8.660000e+04 -1.256519e+02 
8.661000e+04 -1.256523e+02 
8.662000e+04 -1.256527e+02 
8.663000e+04 -1.256530e+02 
8.664000e+04 -1.256535e+02 
8.665000e+04 -1.256539e+02 
8.666000e+04 -1.256543e+02 
8.667000e+04 -1.256547e+02 
8.668000e+04 -1.256551e+02 
8.669000e+04 -1.256556e+02 
8.670000e+04 -1.256560e+02 
8.671000e+04 -1.256565e+02 
8.672000e+04 -1.256568e+02 
8.673000e+04 -1.256573e+02 
8.674000e+04 -1.256576e+02 
8.675000e+04 -1.256581e+02 
8.676000e+04 -1.256584e+02 
8.677000e+04 -1.256589e+02 
8.678000e+04 -1.256593e+02 
8.679000e+04 -1.256597e+02 
8.680000e+04 -1.256601e+02 
8.681000e+04 -1.256605e+02 
8.682000e+04 -1.256609e+02 
8.683000e+04 -1.256614e+02 
8.684000e+04 -1.256618e+02 
8.685000e+04 -1.256621e+02 
8.686000e+04 -1.256626e+02 
8.687000e+04 -1.256630e+02 
8.688000e+04 -1.256633e+02 
8.689000e+04 -1.256638e+02 
8.690000e+04 -1.256642e+02 
8.691000e+04 -1.256646e+02 
8.692000e+04 -1.256649e+02 
8.693000e+04 -1.256654e+02 
8.694000e+04 -1.256658e+02 
8.695000e+04 -1.256662e+02 
8.696000e+04 -1.256666e+02 
8.697000e+04 -1.256670e+02 
8.698000e+04 -1.256674e+02 
8.699000e+04 -1.256678e+02 
8.700000e+04 -1.256558e+02 
8.701000e+04 -1.256685e+02 
8.702000e+04 -1.256689e+02 
8.703000e+04 -1.256694e+02 
8.704000e+04 -1.256698e+02 
8.705000e+04 -1.256702e+02 
8.706000e+04 -1.256706e+02 
8.707000e+04 -1.256710e+02 
8.708000e+04 -1.256714e+02 
8.709000e+04 -1.256719e+02 
8.710000e+04 -1.256723e+02 
8.711000e+04 -1.256726e+02 
8.712000e+04 -1.256731e+02 
8.713000e+04 -1.256734e+02 
8.714000e+04 -1.256739e+02 
8.715000e+04 -1.256743e+02 
8.716000e+04 -1.256747e+02 
8.717000e+04 -1.256751e+02 
8.718000e+04 -1.256755e+02 
8.719000e+04 -1.256759e+02 
8.720000e+04 -1.256763e+02 
8.721000e+04 -1.256767e+02 
8.722000e+04 -1.256772e+02 
8.723000e+04 -1.256776e+02 
8.724000e+04 -1.256780e+02 
8.725000e+04 -1.256784e+02 
8.726000e+04 -1.256787e+02 
8.727000e+04 -1.256791e+02 
8.728000e+04 -1.256795e+02 
8.729000e+04 -1.256800e+02 
8.730000e+04 -1.256804e+02 
8.731000e+04 -1.256808e+02 
8.732000e+04 -1.256812e+02 
8.733000e+04 -1.256816e+02 
8.734000e+04 -1.256819e+02 
8.735000e+04 -1.256824e+02 
8.736000e+04 -1.256828e+02 
8.737000e+04 -1.256832e+02 
8.738000e+04 -1.256836e+02 
8.739000e+04 -1.256840e+02 
8.740000e+04 -1.256844e+02 
8.741000e+04 -1.256848e+02 
8.742000e+04 -1.256853e+02 
8.743000e+04 -1.256856e+02 
8.744000e+04 -1.256860e+02 
8.745000e+04 -1.256865e+02 
8.746000e+04 -1.256868e+02 
8.747000e+04 -1.256873e+02 
8.748000e+04 -1.256877e+02 
8.749000e+04 -1.256881e+02 
8.750000e+04 -1.256886e+02 
8.751000e+04 -1.256889e+02 
8.752000e+04 -1.256892e+02 
8.753000e+04 -1.256898e+02 
8.754000e+04 -1.256901e+02 
8.755000e+04 -1.256905e+02 
8.756000e+04 -1.256909e+02 
8.757000e+04 -1.256913e+02 
8.758000e+04 -1.256918e+02 
8.759000e+04 -1.256922e+02 
8.760000e+04 -1.256925e+02 
8.761000e+04 -1.256930e+02 
8.762000e+04 -1.256933e+02 
8.763000e+04 -1.256938e+02 
8.764000e+04 -1.256941e+02 
8.765000e+04 -1.256945e+02 
8.766000e+04 -1.256950e+02 
8.767000e+04 -1.256953e+02 
8.768000e+04 -1.256957e+02 
8.769000e+04 -1.256962e+02 
8.770000e+04 -1.256965e+02 
8.771000e+04 -1.256970e+02 
8.772000e+04 -1.256974e+02 
8.773000e+04 -1.256978e+02 
8.774000e+04 -1.256982e+02 
8.775000e+04 -1.256985e+02 
8.776000e+04 -1.256989e+02 
8.777000e+04 -1.256993e+02 
8.778000e+04 -1.256998e+02 
8.779000e+04 -1.257002e+02 
8.780000e+04 -1.257006e+02 
8.781000e+04 -1.257010e+02 
8.782000e+04 -1.257014e+02 
8.783000e+04 -1.257017e+02 
8.784000e+04 -1.257022e+02 
8.785000e+04 -1.257025e+02 
8.786000e+04 -1.257030e+02 
8.787000e+04 -1.257033e+02 
8.788000e+04 -1.257037e+02 
8.789000e+04 -1.257042e+02 
8.790000e+04 -1.257046e+02 
8.791000e+04 -1.257050e+02 
8.792000e+04 -1.257054e+02 
8.793000e+04 -1.257058e+02 
8.794000e+04 -1.257062e+02 
8.795000e+04 -1.257066e+02 
8.796000e+04 -1.257070e+02 
8.797000e+04 -1.257073e+02 
8.798000e+04 -1.257078e+02 
8.799000e+04 -1.257082e+02 
8.800000e+04 -1.257157e+02 
8.801000e+04 -1.257090e+02 
8.802000e+04 -1.257094e+02 
8.803000e+04 -1.257097e+02 
8.804000e+04 -1.257101e+02 
8.805000e+04 -1.257106e+02 
8.806000e+04 -1.257110e+02 
8.807000e+04 -1.257114e+02 
8.808000e+04 -1.257118e+02 
8.809000e+04 -1.257122e+02 
8.810000e+04 -1.257125e+02 
8.811000e+04 -1.257129e+02 
8.812000e+04 -1.257134e+02 
8.813000e+04 -1.257138e+02 
8.814000e+04 -1.257142e+02 
8.815000e+04 -1.257145e+02 
8.816000e+04 -1.257150e+02 
8.817000e+04 -1.257154e+02 
8.818000e+04 -1.257157e+02 
8.819000e+04 -1.257161e+02 
8.820000e+04 -1.257165e+02 
8.821000e+04 -1.257170e+02 
8.822000e+04 -1.257174e+02 
8.823000e+04 -1.257177e+02 
8.824000e+04 -1.257181e+02 
8.825000e+04 -1.257186e+02 
8.826000e+04 -1.257189e+02 
8.827000e+04 -1.257193e+02 
8.828000e+04 -1.257197e+02 
8.829000e+04 -1.257200e+02 
8.830000e+04 -1.257205e+02 
8.831000e+04 -1.257209e+02 
8.832000e+04 -1.257213e+02 
8.833000e+04 -1.257217e+02 
8.834000e+04 -1.257222e+02 
8.835000e+04 -1.257226e+02 
8.836000e+04 -1.257229e+02 
8.837000e+04 -1.257234e+02 
8.838000e+04 -1.257238e+02 
8.839000e+04 -1.257241e+02 
8.840000e+04 -1.257244e+02 
8.841000e+04 -1.257249e+02 
8.842000e+04 -1.257252e+02 
8.843000e+04 -1.257257e+02 
8.844000e+04 -1.257262e+02 
8.845000e+04 -1.257265e+02 
8.846000e+04 -1.257269e+02 
8.847000e+04 -1.257273e+02 
8.848000e+04 -1.257276e+02 
8.849000e+04 -1.257280e+02 
8.850000e+04 -1.257285e+02 
8.851000e+04 -1.257288e+02 
8.852000e+04 -1.257293e+02 
8.853000e+04 -1.257297e+02 
8.854000e+04 -1.257301e+02 
8.855000e+04 -1.257305e+02 
8.856000e+04 -1.257309e+02 
8.857000e+04 -1.257312e+02 
8.858000e+04 -1.257317e+02 
8.859000e+04 -1.257321e+02 
8.860000e+04 -1.257325e+02 
8.861000e+04 -1.257328e+02 
8.862000e+04 -1.257332e+02 
8.863000e+04 -1.257336e+02 
8.864000e+04 -1.257340e+02 
8.865000e+04 -1.257343e+02 
8.866000e+04 -1.257348e+02 
8.867000e+04 -1.257352e+02 
8.868000e+04 -1.257356e+02 
8.869000e+04 -1.257361e+02 
8.870000e+04 -1.257363e+02 
8.871000e+04 -1.257368e+02 
8.872000e+04 -1.257373e+02 
8.873000e+04 -1.257376e+02 
8.874000e+04 -1.257380e+02 
8.875000e+04 -1.257384e+02 
8.876000e+04 -1.257388e+02 
8.877000e+04 -1.257392e+02 
8.878000e+04 -1.257396e+02 
8.879000e+04 -1.257400e+02 
8.880000e+04 -1.257404e+02 
8.881000e+04 -1.257407e+02 
8.882000e+04 -1.257412e+02 
8.883000e+04 -1.257415e+02 
8.884000e+04 -1.257419e+02 
8.885000e+04 -1.257423e+02 
8.886000e+04 -1.257427e+02 
8.887000e+04 -1.257431e+02 
8.888000e+04 -1.257434e+02 
8.889000e+04 -1.257439e+02 
8.890000e+04 -1.257443e+02 
8.891000e+04 -1.257447e+02 
8.892000e+04 -1.257451e+02 
8.893000e+04 -1.257454e+02 
8.894000e+04 -1.257459e+02 
8.895000e+04 -1.257462e+02 
8.896000e+04 -1.257466e+02 
8.897000e+04 -1.257470e+02 
8.898000e+04 -1.257474e+02 
8.899000e+04 -1.257478e+02 
8.900000e+04 -1.257473e+02 
8.901000e+04 -1.257484e+02 
8.902000e+04 -1.257489e+02 
8.903000e+04 -1.257492e+02 
8.904000e+04 -1.257496e+02 
8.905000e+04 -1.257501e+02 
8.906000e+04 -1.257505e+02 
8.907000e+04 -1.257508e+02 
8.908000e+04 -1.257513e+02 
8.909000e+04 -1.257517e+02 
8.910000e+04 -1.257521e+02 
8.911000e+04 -1.257524e+02 
8.912000e+04 -1.257528e+02 
8.913000e+04 -1.257532e+02 
8.914000e+04 -1.257536e+02 
8.915000e+04 -1.257541e+02 
8.916000e+04 -1.257544e+02 
8.917000e+04 -1.257548e+02 
8.918000e+04 -1.257551e+02 
8.919000e+04 -1.257556e+02 
8.920000e+04 -1.257560e+02 
8.921000e+04 -1.257563e+02 
8.922000e+04 -1.257568e+02 
8.923000e+04 -1.257571e+02 
8.924000e+04 -1.257575e+02 
8.925000e+04 -1.257579e+02 
8.926000e+04 -1.257582e+02 
8.927000e+04 -1.257587e+02 
8.928000e+04 -1.257591e+02 
8.929000e+04 -1.257594e+02 
8.930000e+04 -1.257598e+02 
8.931000e+04 -1.257603e+02 
8.932000e+04 -1.257606e+02 
8.933000e+04 -1.257610e+02 
8.934000e+04 -1.257614e+02 
8.935000e+04 -1.257618e+02 
8.936000e+04 -1.257623e+02 
8.937000e+04 -1.257626e+02 
8.938000e+04 -1.257630e+02 
8.939000e+04 -1.257635e+02 
8.940000e+04 -1.257638e+02 
8.941000e+04 -1.257642e+02 
8.942000e+04 -1.257646e+02 
8.943000e+04 -1.257650e+02 
8.944000e+04 -1.257654e+02 
8.945000e+04 -1.257657e+02 
8.946000e+04 -1.257661e+02 
8.947000e+04 -1.257665e+02 
8.948000e+04 -1.257668e+02 
8.949000e+04 -1.257672e+02 
8.950000e+04 -1.257676e+02 
8.951000e+04 -1.257680e+02 
8.952000e+04 -1.257685e+02 
8.953000e+04 -1.257689e+02 
8.954000e+04 -1.257693e+02 
8.955000e+04 -1.257696e+02 
8.956000e+04 -1.257700e+02 
8.957000e+04 -1.257704e+02 
8.958000e+04 -1.257708e+02 
8.959000e+04 -1.257711e+02 
8.960000e+04 -1.257715e+02 
8.961000e+04 -1.257719e+02 
8.962000e+04 -1.257723e+02 
8.963000e+04 -1.257727e+02 
8.964000e+04 -1.257731e+02 
8.965000e+04 -1.257735e+02 
8.966000e+04 -1.257740e+02 
8.967000e+04 -1.257743e+02 
8.968000e+04 -1.257746e+02 
8.969000e+04 -1.257751e+02 
8.970000e+04 -1.257754e+02 
8.971000e+04 -1.257758e+02 
8.972000e+04 -1.257762e+02 
8.973000e+04 -1.257766e+02 
8.974000e+04 -1.257769e+02 
8.975000e+04 -1.257773e+02 
8.976000e+04 -1.257777e+02 
8.977000e+04 -1.257782e+02 
8.978000e+04 -1.257785e+02 
8.979000e+04 -1.257789e+02 
8.980000e+04 -1.257793e+02 
8.981000e+04 -1.257797e+02 
8.982000e+04 -1.257801e+02 
8.983000e+04 -1.257805e+02 
8.984000e+04 -1.257809e+02 
8.985000e+04 -1.257812e+02 
8.986000e+04 -1.257817e+02 
8.987000e+04 -1.257820e+02 
8.988000e+04 -1.257823e+02 
8.989000e+04 -1.257828e+02 
8.990000e+04 -1.257831e+02 
8.991000e+04 -1.257835e+02 
8.992000e+04 -1.257840e+02 
8.993000e+04 -1.257843e+02 
8.994000e+04 -1.257846e+02 
8.995000e+04 -1.257851e+02 
8.996000e+04 -1.257854e+02 
8.997000e+04 -1.257859e+02 
8.998000e+04 -1.257863e+02 
8.999000e+04 -1.257866e+02 
9.000000e+04 -1.258024e+02 
9.001000e+04 -1.257875e+02 
9.002000e+04 -1.257878e+02 
9.003000e+04 -1.257882e+02 
9.004000e+04 -1.257885e+02 
9.005000e+04 -1.257890e+02 
9.006000e+04 -1.257893e+02 
9.007000e+04 -1.257897e+02 
9.008000e+04 -1.257901e+02 
9.009000e+04 -1.257905e+02 
9.010000e+04 -1.257909e+02 
9.011000e+04 -1.257912e+02 
9.012000e+04 -1.257916e+02 
9.013000e+04 -1.257920e+02 
9.014000e+04 -1.257923e+02 
9.015000e+04 -1.257928e+02 
9.016000e+04 -1.257931e+02 
9.017000e+04 -1.257935e+02 
9.018000e+04 -1.257939e+02 
9.019000e+04 -1.257943e+02 
9.020000e+04 -1.257947e+02 
9.021000e+04 -1.257950e+02 
9.022000e+04 -1.257955e+02 
9.023000e+04 -1.257959e+02 
9.024000e+04 -1.257963e+02 
9.025000e+04 -1.257966e+02 
9.026000e+04 -1.257970e+02 
9.027000e+04 -1.257974e+02 
9.028000e+04 -1.257977e+02 
9.029000e+04 -1.257981e+02 
9.030000e+04 -1.257985e+02 
9.031000e+04 -1.257989e+02 
9.032000e+04 -1.257993e+02 
9.033000e+04 -1.257996e+02 
9.034000e+04 -1.258001e+02 
9.035000e+04 -1.258004e+02 
9.036000e+04 -1.258008e+02 
9.037000e+04 -1.258012e+02 
9.038000e+04 -1.258015e+02 
9.039000e+04 -1.258020e+02 
9.040000e+04 -1.258024e+02 
9.041000e+04 -1.258027e+02 
9.042000e+04 -1.258032e+02 
9.043000e+04 -1.258035e+02 
9.044000e+04 -1.258039e+02 
9.045000e+04 -1.258043e+02 
9.046000e+04 -1.258047e+02 
9.047000e+04 -1.258051e+02 
9.048000e+04 -1.258054e+02 
9.049000e+04 -1.258059e+02 
9.050000e+04 -1.258062e+02 
9.051000e+04 -1.258066e+02 
9.052000e+04 -1.258070e+02 
9.053000e+04 -1.258073e+02 
9.054000e+04 -1.258077e+02 
9.055000e+04 -1.258081e+02 
9.056000e+04 -1.258085e+02 
9.057000e+04 -1.258089e+02 
9.058000e+04 -1.258092e+02 
9.059000e+04 -1.258097e+02 
9.060000e+04 -1.258101e+02 
9.061000e+04 -1.258104e+02 
9.062000e+04 -1.258108e+02 
9.063000e+04 -1.258111e+02 
9.064000e+04 -1.258116e+02 
9.065000e+04 -1.258119e+02 
9.066000e+04 -1.258123e+02 
9.067000e+04 -1.258127e+02 
9.068000e+04 -1.258130e+02 
9.069000e+04 -1.258135e+02 
9.070000e+04 -1.258139e+02 
9.071000e+04 -1.258142e+02 
9.072000e+04 -1.258146e+02 
9.073000e+04 -1.258150e+02 
9.074000e+04 -1.258153e+02 
9.075000e+04 -1.258158e+02 
9.076000e+04 -1.258161e+02 
9.077000e+04 -1.258165e+02 
9.078000e+04 -1.258169e+02 
9.079000e+04 -1.258173e+02 
9.080000e+04 -1.258177e+02 
9.081000e+04 -1.258180e+02 
9.082000e+04 -1.258183e+02 
9.083000e+04 -1.258188e+02 
9.084000e+04 -1.258192e+02 
9.085000e+04 -1.258195e+02 
9.086000e+04 -1.258199e+02 
9.087000e+04 -1.258203e+02 
9.088000e+04 -1.258207e+02 
9.089000e+04 -1.258210e+02 
9.090000e+04 -1.258213e+02 
9.091000e+04 -1.258218e+02 
9.092000e+04 -1.258222e+02 
9.093000e+04 -1.258225e+02 
9.094000e+04 -1.258229e+02 
9.095000e+04 -1.258233e+02 
9.096000e+04 -1.258237e+02 
9.097000e+04 -1.258241e+02 
9.098000e+04 -1.258244e+02 
9.099000e+04 -1.258248e+02 
9.100000e+04 -1.258134e+02 
9.101000e+04 -1.258255e+02 
9.102000e+04 -1.258258e+02 
9.103000e+04 -1.258263e+02 
9.104000e+04 -1.258266e+02 
9.105000e+04 -1.258270e+02 
9.106000e+04 -1.258274e+02 
9.107000e+04 -1.258278e+02 
9.108000e+04 -1.258282e+02 
9.109000e+04 -1.258285e+02 
9.110000e+04 -1.258289e+02 
9.111000e+04 -1.258292e+02 
9.112000e+04 -1.258296e+02 
9.113000e+04 -1.258300e+02 
9.114000e+04 -1.258304e+02 
9.115000e+04 -1.258308e+02 
9.116000e+04 -1.258311e+02 
9.117000e+04 -1.258315e+02 
9.118000e+04 -1.258319e+02 
9.119000e+04 -1.258323e+02 
9.120000e+04 -1.258327e+02 
9.121000e+04 -1.258330e+02 
9.122000e+04 -1.258334e+02 
9.123000e+04 -1.258338e+02 
9.124000e+04 -1.258342e+02 
9.125000e+04 -1.258345e+02 
9.126000e+04 -1.258349e+02 
9.127000e+04 -1.258353e+02 
9.128000e+04 -1.258357e+02 
9.129000e+04 -1.258360e+02 
9.130000e+04 -1.258364e+02 
9.131000e+04 -1.258368e+02 
9.132000e+04 -1.258372e+02 
9.133000e+04 -1.258376e+02 
9.134000e+04 -1.258380e+02 
9.135000e+04 -1.258383e+02 
9.136000e+04 -1.258386e+02 
9.137000e+04 -1.258390e+02 
9.138000e+04 -1.258394e+02 
9.139000e+04 -1.258399e+02 
9.140000e+04 -1.258402e+02 
9.141000e+04 -1.258405e+02 
9.142000e+04 -1.258409e+02 
9.143000e+04 -1.258413e+02 
9.144000e+04 -1.258417e+02 
9.145000e+04 -1.258421e+02 
9.146000e+04 -1.258425e+02 
9.147000e+04 -1.258428e+02 
9.148000e+04 -1.258432e+02 
9.149000e+04 -1.258436e+02 
9.150000e+04 -1.258439e+02 
9.151000e+04 -1.258443e+02 
9.152000e+04 -1.258447e+02 
9.153000e+04 -1.258451e+02 
9.154000e+04 -1.258454e+02 
9.155000e+04 -1.258458e+02 
9.156000e+04 -1.258463e+02 
9.157000e+04 -1.258466e+02 
9.158000e+04 -1.258469e+02 
9.159000e+04 -1.258473e+02 
9.160000e+04 -1.258477e+02 
9.161000e+04 -1.258480e+02 
9.162000e+04 -1.258485e+02 
9.163000e+04 -1.258488e+02 
9.164000e+04 -1.258492e+02 
9.165000e+04 -1.258496e+02 
9.166000e+04 -1.258499e+02 
9.167000e+04 -1.258503e+02 
9.168000e+04 -1.258507e+02 
9.169000e+04 -1.258511e+02 
9.170000e+04 -1.258514e+02 
9.171000e+04 -1.258519e+02 
9.172000e+04 -1.258523e+02 
9.173000e+04 -1.258526e+02 
9.174000e+04 -1.258530e+02 
9.175000e+04 -1.258533e+02 
9.176000e+04 -1.258537e+02 
9.177000e+04 -1.258541e+02 
9.178000e+04 -1.258544e+02 
9.179000e+04 -1.258548e+02 
9.180000e+04 -1.258552e+02 
9.181000e+04 -1.258555e+02 
9.182000e+04 -1.258558e+02 
9.183000e+04 -1.258563e+02 
9.184000e+04 -1.258567e+02 
9.185000e+04 -1.258570e+02 
9.186000e+04 -1.258574e+02 
9.187000e+04 -1.258577e+02 
9.188000e+04 -1.258582e+02 
9.189000e+04 -1.258585e+02 
9.190000e+04 -1.258589e+02 
9.191000e+04 -1.258593e+02 
9.192000e+04 -1.258596e+02 
9.193000e+04 -1.258600e+02 
9.194000e+04 -1.258604e+02 
9.195000e+04 -1.258607e+02 
9.196000e+04 -1.258611e+02 
9.197000e+04 -1.258615e+02 
9.198000e+04 -1.258619e+02 
9.199000e+04 -1.258622e+02 
9.200000e+04 -1.258714e+02 
9.201000e+04 -1.258630e+02 
9.202000e+04 -1.258634e+02 
9.203000e+04 -1.258637e+02 
9.204000e+04 -1.258641e+02 
9.205000e+04 -1.258645e+02 
9.206000e+04 -1.258648e+02 
9.207000e+04 -1.258652e+02 
9.208000e+04 -1.258657e+02 
9.209000e+04 -1.258660e+02 
9.210000e+04 -1.258663e+02 
9.211000e+04 -1.258667e+02 
9.212000e+04 -1.258671e+02 
9.213000e+04 -1.258675e+02 
9.214000e+04 -1.258678e+02 
9.215000e+04 -1.258682e+02 
9.216000e+04 -1.258686e+02 
9.217000e+04 -1.258689e+02 
9.218000e+04 -1.258693e+02 
9.219000e+04 -1.258696e+02 
9.220000e+04 -1.258699e+02 
9.221000e+04 -1.258703e+02 
9.222000e+04 -1.258707e+02 
9.223000e+04 -1.258711e+02 
9.224000e+04 -1.258715e+02 
9.225000e+04 -1.258719e+02 
9.226000e+04 -1.258722e+02 
9.227000e+04 -1.258726e+02 
9.228000e+04 -1.258730e+02 
9.229000e+04 -1.258734e+02 
9.230000e+04 -1.258737e+02 
9.231000e+04 -1.258741e+02 
9.232000e+04 -1.258745e+02 
9.233000e+04 -1.258748e+02 
9.234000e+04 -1.258752e+02 
9.235000e+04 -1.258756e+02 
9.236000e+04 -1.258759e+02 
9.237000e+04 -1.258762e+02 
9.238000e+04 -1.258767e+02 
9.239000e+04 -1.258770e+02 
9.240000e+04 -1.258774e+02 
9.241000e+04 -1.258778e+02 
9.242000e+04 -1.258782e+02 
9.243000e+04 -1.258785e+02 
9.244000e+04 -1.258789e+02 
9.245000e+04 -1.258792e+02 
9.246000e+04 -1.258796e+02 
9.247000e+04 -1.258800e+02 
9.248000e+04 -1.258804e+02 
9.249000e+04 -1.258807e+02 
9.250000e+04 -1.258811e+02 
9.251000e+04 -1.258815e+02 
9.252000e+04 -1.258819e+02 
9.253000e+04 -1.258823e+02 
9.254000e+04 -1.258826e+02 
9.255000e+04 -1.258829e+02 
9.256000e+04 -1.258833e+02 
9.257000e+04 -1.258837e+02 
9.258000e+04 -1.258841e+02 
9.259000e+04 -1.258844e+02 
9.260000e+04 -1.258848e+02 
9.261000e+04 -1.258850e+02 
9.262000e+04 -1.258856e+02 
9.263000e+04 -1.258859e+02 
9.264000e+04 -1.258863e+02 
9.265000e+04 -1.258867e+02 
9.266000e+04 -1.258870e+02 
9.267000e+04 -1.258874e+02 
9.268000e+04 -1.258877e+02 
9.269000e+04 -1.258881e+02 
9.270000e+04 -1.258885e+02 
9.271000e+04 -1.258889e+02 
9.272000e+04 -1.258892e+02 
9.273000e+04 -1.258896e+02 
9.274000e+04 -1.258899e+02 
9.275000e+04 -1.258903e+02 
9.276000e+04 -1.258907e+02 
9.277000e+04 -1.258911e+02 
9.278000e+04 -1.258915e+02 
9.279000e+04 -1.258918e+02 
9.280000e+04 -1.258922e+02 
9.281000e+04 -1.258925e+02 
9.282000e+04 -1.258928e+02 
9.283000e+04 -1.258932e+02 
9.284000e+04 -1.258936e+02 
9.285000e+04 -1.258940e+02 
9.286000e+04 -1.258944e+02 
9.287000e+04 -1.258947e+02 
9.288000e+04 -1.258951e+02 
9.289000e+04 -1.258954e+02 
9.290000e+04 -1.258958e+02 
9.291000e+04 -1.258962e+02 
9.292000e+04 -1.258965e+02 
9.293000e+04 -1.258969e+02 
9.294000e+04 -1.258972e+02 
9.295000e+04 -1.258976e+02 
9.296000e+04 -1.258980e+02 
9.297000e+04 -1.258984e+02 
9.298000e+04 -1.258987e+02 
9.299000e+04 -1.258992e+02 
9.300000e+04 -1.258935e+02 
9.301000e+04 -1.258998e+02 
9.302000e+04 -1.259001e+02 
9.303000e+04 -1.259005e+02 
9.304000e+04 -1.259009e+02 
9.305000e+04 -1.259012e+02 
9.306000e+04 -1.259016e+02 
9.307000e+04 -1.259019e+02 
9.308000e+04 -1.259023e+02 
9.309000e+04 -1.259027e+02 
9.310000e+04 -1.259030e+02 
9.311000e+04 -1.259034e+02 
9.312000e+04 -1.259037e+02 
9.313000e+04 -1.259041e+02 
9.314000e+04 -1.259044e+02 
9.315000e+04 -1.259048e+02 
9.316000e+04 -1.259052e+02 
9.317000e+04 -1.259055e+02 
9.318000e+04 -1.259059e+02 
9.319000e+04 -1.259063e+02 
9.320000e+04 -1.259066e+02 
9.321000e+04 -1.259069e+02 
9.322000e+04 -1.259073e+02 
9.323000e+04 -1.259077e+02 
9.324000e+04 -1.259080e+02 
9.325000e+04 -1.259084e+02 
9.326000e+04 -1.259088e+02 
9.327000e+04 -1.259091e+02 
9.328000e+04 -1.259096e+02 
9.329000e+04 -1.259100e+02 
9.330000e+04 -1.259103e+02 
9.331000e+04 -1.259106e+02 
9.332000e+04 -1.259110e+02 
9.333000e+04 -1.259114e+02 
9.334000e+04 -1.259118e+02 
9.335000e+04 -1.259120e+02 
9.336000e+04 -1.259124e+02 
9.337000e+04 -1.259128e+02 
9.338000e+04 -1.259132e+02 
9.339000e+04 -1.259136e+02 
9.340000e+04 -1.259139e+02 
9.341000e+04 -1.259142e+02 
9.342000e+04 -1.259146e+02 
9.343000e+04 -1.259150e+02 
9.344000e+04 -1.259153e+02 
9.345000e+04 -1.259157e+02 
9.346000e+04 -1.259161e+02 
9.347000e+04 -1.259164e+02 
9.348000e+04 -1.259168e+02 
9.349000e+04 -1.259172e+02 
9.350000e+04 -1.259175e+02 
9.351000e+04 -1.259179e+02 
9.352000e+04 -1.259182e+02 
9.353000e+04 -1.259186e+02 
9.354000e+04 -1.259189e+02 
9.355000e+04 -1.259194e+02 
9.356000e+04 -1.259197e+02 
9.357000e+04 -1.259201e+02 
9.358000e+04 -1.259204e+02 
9.359000e+04 -1.259208e+02 
9.360000e+04 -1.259212e+02 
9.361000e+04 -1.259214e+02 
9.362000e+04 -1.259219e+02 
9.363000e+04 -1.259222e+02 
9.364000e+04 -1.259226e+02 
9.365000e+04 -1.259229e+02 
9.366000e+04 -1.259233e+02 
9.367000e+04 -1.259237e+02 
9.368000e+04 -1.259240e+02 
9.369000e+04 -1.259244e+02 
9.370000e+04 -1.259247e+02 
9.371000e+04 -1.259251e+02 
9.372000e+04 -1.259255e+02 
9.373000e+04 -1.259259e+02 
9.374000e+04 -1.259262e+02 
9.375000e+04 -1.259265e+02 
9.376000e+04 -1.259270e+02 
9.377000e+04 -1.259272e+02 
9.378000e+04 -1.259276e+02 
9.379000e+04 -1.259280e+02 
9.380000e+04 -1.259284e+02 
9.381000e+04 -1.259287e+02 
9.382000e+04 -1.259291e+02 
9.383000e+04 -1.259294e+02 
9.384000e+04 -1.259298e+02 
9.385000e+04 -1.259301e+02 
9.386000e+04 -1.259305e+02 
9.387000e+04 -1.259309e+02 
9.388000e+04 -1.259312e+02 
9.389000e+04 -1.259316e+02 
9.390000e+04 -1.259319e+02 
9.391000e+04 -1.259323e+02 
9.392000e+04 -1.259326e+02 
9.393000e+04 -1.259330e+02 
9.394000e+04 -1.259334e+02 
9.395000e+04 -1.259338e+02 
9.396000e+04 -1.259341e+02 
9.397000e+04 -1.259345e+02 
9.398000e+04 -1.259348e+02 
9.399000e+04 -1.259352e+02 
9.400000e+04 -1.259420e+02 
9.401000e+04 -1.259359e+02 
9.402000e+04 -1.259363e+02 
9.403000e+04 -1.259367e+02 
9.404000e+04 -1.259370e+02 
9.405000e+04 -1.259374e+02 
9.406000e+04 -1.259377e+02 
9.407000e+04 -1.259381e+02 
9.408000e+04 -1.259384e+02 
9.409000e+04 -1.259388e+02 
9.410000e+04 -1.259391e+02 
9.411000e+04 -1.259395e+02 
9.412000e+04 -1.259399e+02 
9.413000e+04 -1.259403e+02 
9.414000e+04 -1.259405e+02 
9.415000e+04 -1.259409e+02 
9.416000e+04 -1.259413e+02 
9.417000e+04 -1.259417e+02 
9.418000e+04 -1.259420e+02 
9.419000e+04 -1.259424e+02 
9.420000e+04 -1.259427e+02 
9.421000e+04 -1.259431e+02 
9.422000e+04 -1.259435e+02 
9.423000e+04 -1.259438e+02 
9.424000e+04 -1.259441e+02 
9.425000e+04 -1.259445e+02 
9.426000e+04 -1.259448e+02 
9.427000e+04 -1.259452e+02 
9.428000e+04 -1.259455e+02 
9.429000e+04 -1.259459e+02 
9.430000e+04 -1.259463e+02 
9.431000e+04 -1.259466e+02 
9.432000e+04 -1.259470e+02 
9.433000e+04 -1.259474e+02 
9.434000e+04 -1.259477e+02 
9.435000e+04 -1.259481e+02 
9.436000e+04 -1.259484e+02 
9.437000e+04 -1.259488e+02 
9.438000e+04 -1.259491e+02 
9.439000e+04 -1.259495e+02 
9.440000e+04 -1.259498e+02 
9.441000e+04 -1.259502e+02 
9.442000e+04 -1.259505e+02 
9.443000e+04 -1.259509e+02 
9.444000e+04 -1.259513e+02 
9.445000e+04 -1.259516e+02 
9.446000e+04 -1.259519e+02 
9.447000e+04 -1.259524e+02 
9.448000e+04 -1.259527e+02 
9.449000e+04 -1.259530e+02 
9.450000e+04 -1.259534e+02 
9.451000e+04 -1.259537e+02 
9.452000e+04 -1.259541e+02 
9.453000e+04 -1.259545e+02 
9.454000e+04 -1.259549e+02 
9.455000e+04 -1.259552e+02 
9.456000e+04 -1.259555e+02 
9.457000e+04 -1.259559e+02 
9.458000e+04 -1.259563e+02 
9.459000e+04 -1.259566e+02 
9.460000e+04 -1.259570e+02 
9.461000e+04 -1.259573e+02 
9.462000e+04 -1.259578e+02 
9.463000e+04 -1.259580e+02 
9.464000e+04 -1.259584e+02 
9.465000e+04 -1.259588e+02 
9.466000e+04 -1.259591e+02 
9.467000e+04 -1.259595e+02 
9.468000e+04 -1.259598e+02 
9.469000e+04 -1.259601e+02 
9.470000e+04 -1.259605e+02 
9.471000e+04 -1.259608e+02 
9.472000e+04 -1.259611e+02 
9.473000e+04 -1.259615e+02 
9.474000e+04 -1.259620e+02 
9.475000e+04 -1.259623e+02 
9.476000e+04 -1.259627e+02 
9.477000e+04 -1.259630e+02 
9.478000e+04 -1.259634e+02 
9.479000e+04 -1.259637e+02 
9.480000e+04 -1.259641e+02 
9.481000e+04 -1.259644e+02 
9.482000e+04 -1.259647e+02 
9.483000e+04 -1.259652e+02 
9.484000e+04 -1.259656e+02 
9.485000e+04 -1.259658e+02 
9.486000e+04 -1.259662e+02 
9.487000e+04 -1.259666e+02 
9.488000e+04 -1.259669e+02 
9.489000e+04 -1.259672e+02 
9.490000e+04 -1.259675e+02 
9.491000e+04 -1.259679e+02 
9.492000e+04 -1.259683e+02 
9.493000e+04 -1.259686e+02 
9.494000e+04 -1.259690e+02 
9.495000e+04 -1.259693e+02 
9.496000e+04 -1.259697e+02 
9.497000e+04 -1.259699e+02 
9.498000e+04 -1.259703e+02 
9.499000e+04 -1.259707e+02 
9.500000e+04 -1.259670e+02 
9.501000e+04 -1.259713e+02 
9.502000e+04 -1.259717e+02 
9.503000e+04 -1.259721e+02 
9.504000e+04 -1.259724e+02 
9.505000e+04 -1.259728e+02 
9.506000e+04 -1.259731e+02 
9.507000e+04 -1.259735e+02 
9.508000e+04 -1.259739e+02 
9.509000e+04 -1.259742e+02 
9.510000e+04 -1.259746e+02 
9.511000e+04 -1.259749e+02 
9.512000e+04 -1.259753e+02 
9.513000e+04 -1.259757e+02 
9.514000e+04 -1.259760e+02 
9.515000e+04 -1.259764e+02 
9.516000e+04 -1.259766e+02 
9.517000e+04 -1.259770e+02 
9.518000e+04 -1.259774e+02 
9.519000e+04 -1.259778e+02 
9.520000e+04 -1.259780e+02 
9.521000e+04 -1.259784e+02 
9.522000e+04 -1.259788e+02 
9.523000e+04 -1.259791e+02 
9.524000e+04 -1.259795e+02 
9.525000e+04 -1.259798e+02 
9.526000e+04 -1.259802e+02 
9.527000e+04 -1.259804e+02 
9.528000e+04 -1.259809e+02 
9.529000e+04 -1.259813e+02 
9.530000e+04 -1.259816e+02 
9.531000e+04 -1.259820e+02 
9.532000e+04 -1.259823e+02 
9.533000e+04 -1.259827e+02 
9.534000e+04 -1.259830e+02 
9.535000e+04 -1.259833e+02 
9.536000e+04 -1.259837e+02 
9.537000e+04 -1.259841e+02 
9.538000e+04 -1.259844e+02 
9.539000e+04 -1.259848e+02 
9.540000e+04 -1.259851e+02 
9.541000e+04 -1.259854e+02 
9.542000e+04 -1.259858e+02 
9.543000e+04 -1.259861e+02 
9.544000e+04 -1.259865e+02 
9.545000e+04 -1.259868e+02 
9.546000e+04 -1.259871e+02 
9.547000e+04 -1.259876e+02 
9.548000e+04 -1.259879e+02 
9.549000e+04 -1.259883e+02 
9.550000e+04 -1.259886e+02 
9.551000e+04 -1.259889e+02 
9.552000e+04 -1.259893e+02 
9.553000e+04 -1.259897e+02 
9.554000e+04 -1.259900e+02 
9.555000e+04 -1.259904e+02 
9.556000e+04 -1.259907e+02 
9.557000e+04 -1.259910e+02 
9.558000e+04 -1.259914e+02 
9.559000e+04 -1.259917e+02 
9.560000e+04 -1.259921e+02 
9.561000e+04 -1.259925e+02 
9.562000e+04 -1.259928e+02 
9.563000e+04 -1.259931e+02 
9.564000e+04 -1.259935e+02 
9.565000e+04 -1.259938e+02 
9.566000e+04 -1.259942e+02 
9.567000e+04 -1.259945e+02 
9.568000e+04 -1.259949e+02 
9.569000e+04 -1.259953e+02 
9.570000e+04 -1.259956e+02 
9.571000e+04 -1.259959e+02 
9.572000e+04 -1.259963e+02 
9.573000e+04 -1.259966e+02 
9.574000e+04 -1.259970e+02 
9.575000e+04 -1.259973e+02 
9.576000e+04 -1.259977e+02 
9.577000e+04 -1.259980e+02 
9.578000e+04 -1.259983e+02 
9.579000e+04 -1.259988e+02 
9.580000e+04 -1.259991e+02 
9.581000e+04 -1.259994e+02 
9.582000e+04 -1.259997e+02 
9.583000e+04 -1.260000e+02 
9.584000e+04 -1.260005e+02 
9.585000e+04 -1.260008e+02 
9.586000e+04 -1.260012e+02 
9.587000e+04 -1.260014e+02 
9.588000e+04 -1.260018e+02 
9.589000e+04 -1.260022e+02 
9.590000e+04 -1.260026e+02 
9.591000e+04 -1.260029e+02 
9.592000e+04 -1.260033e+02 
9.593000e+04 -1.260036e+02 
9.594000e+04 -1.260039e+02 
9.595000e+04 -1.260043e+02 
9.596000e+04 -1.260046e+02 
9.597000e+04 -1.260050e+02 
9.598000e+04 -1.260053e+02 
9.599000e+04 -1.260056e+02 
9.600000e+04 -1.260185e+02 
9.601000e+04 -1.260065e+02 
9.602000e+04 -1.260068e+02 
9.603000e+04 -1.260071e+02 
9.604000e+04 -1.260074e+02 
9.605000e+04 -1.260077e+02 
9.606000e+04 -1.260081e+02 
9.607000e+04 -1.260084e+02 
9.608000e+04 -1.260088e+02 
9.609000e+04 -1.260091e+02 
9.610000e+04 -1.260095e+02 
9.611000e+04 -1.260098e+02 
9.612000e+04 -1.260101e+02 
9.613000e+04 -1.260105e+02 
9.614000e+04 -1.260109e+02 
9.615000e+04 -1.260112e+02 
9.616000e+04 -1.260115e+02 
9.617000e+04 -1.260120e+02 
9.618000e+04 -1.260123e+02 
9.619000e+04 -1.260126e+02 
9.620000e+04 -1.260130e+02 
9.621000e+04 -1.260132e+02 
9.622000e+04 -1.260136e+02 
9.623000e+04 -1.260139e+02 
9.624000e+04 -1.260144e+02 
9.625000e+04 -1.260147e+02 
9.626000e+04 -1.260151e+02 
9.627000e+04 -1.260154e+02 
9.628000e+04 -1.260157e+02 
9.629000e+04 -1.260160e+02 
9.630000e+04 -1.260164e+02 
9.631000e+04 -1.260168e+02 
9.632000e+04 -1.260171e+02 
9.633000e+04 -1.260175e+02 
9.634000e+04 -1.260178e+02 
9.635000e+04 -1.260181e+02 
9.636000e+04 -1.260185e+02 
9.637000e+04 -1.260188e+02 
9.638000e+04 -1.260192e+02 
9.639000e+04 -1.260195e+02 
9.640000e+04 -1.260198e+02 
9.641000e+04 -1.260202e+02 
9.642000e+04 -1.260205e+02 
9.643000e+04 -1.260208e+02 
9.644000e+04 -1.260213e+02 
9.645000e+04 -1.260215e+02 
9.646000e+04 -1.260219e+02 
9.647000e+04 -1.260223e+02 
9.648000e+04 -1.260227e+02 
9.649000e+04 -1.260229e+02 
9.650000e+04 -1.260233e+02 
9.651000e+04 -1.260236e+02 
9.652000e+04 -1.260240e+02 
9.653000e+04 -1.260244e+02 
9.654000e+04 -1.260247e+02 
9.655000e+04 -1.260250e+02 
9.656000e+04 -1.260254e+02 
9.657000e+04 -1.260257e+02 
9.658000e+04 -1.260260e+02 
9.659000e+04 -1.260264e+02 
9.660000e+04 -1.260267e+02 
9.661000e+04 -1.260270e+02 
9.662000e+04 -1.260276e+02 
9.663000e+04 -1.260278e+02 
9.664000e+04 -1.260281e+02 
9.665000e+04 -1.260284e+02 
9.666000e+04 -1.260288e+02 
9.667000e+04 -1.260291e+02 
9.668000e+04 -1.260295e+02 
9.669000e+04 -1.260298e+02 
9.670000e+04 -1.260301e+02 
9.671000e+04 -1.260305e+02 
9.672000e+04 -1.260308e+02 
9.673000e+04 -1.260312e+02 
9.674000e+04 -1.260315e+02 
9.675000e+04 -1.260320e+02 
9.676000e+04 -1.260323e+02 
9.677000e+04 -1.260326e+02 
9.678000e+04 -1.260329e+02 
9.679000e+04 -1.260332e+02 
9.680000e+04 -1.260336e+02 
9.681000e+04 -1.260340e+02 
9.682000e+04 -1.260343e+02 
9.683000e+04 -1.260346e+02 
9.684000e+04 -1.260349e+02 
9.685000e+04 -1.260353e+02 
9.686000e+04 -1.260357e+02 
9.687000e+04 -1.260360e+02 
9.688000e+04 -1.260363e+02 
9.689000e+04 -1.260366e+02 
9.690000e+04 -1.260369e+02 
9.691000e+04 -1.260373e+02 
9.692000e+04 -1.260376e+02 
9.693000e+04 -1.260380e+02 
9.694000e+04 -1.260383e+02 
9.695000e+04 -1.260388e+02 
9.696000e+04 -1.260391e+02 
9.697000e+04 -1.260394e+02 
9.698000e+04 -1.260397e+02 
9.699000e+04 -1.260401e+02 
9.700000e+04 -1.260294e+02 
9.701000e+04 -1.260407e+02 
9.702000e+04 -1.260411e+02 
9.703000e+04 -1.260414e+02 
9.704000e+04 -1.260417e+02 
9.705000e+04 -1.260421e+02 
9.706000e+04 -1.260424e+02 
9.707000e+04 -1.260428e+02 
9.708000e+04 -1.260430e+02 
9.709000e+04 -1.260434e+02 
9.710000e+04 -1.260437e+02 
9.711000e+04 -1.260441e+02 
9.712000e+04 -1.260444e+02 
9.713000e+04 -1.260448e+02 
9.714000e+04 -1.260450e+02 
9.715000e+04 -1.260455e+02 
9.716000e+04 -1.260457e+02 
9.717000e+04 -1.260461e+02 
9.718000e+04 -1.260465e+02 
9.719000e+04 -1.260468e+02 
9.720000e+04 -1.260472e+02 
9.721000e+04 -1.260475e+02 
9.722000e+04 -1.260478e+02 
9.723000e+04 -1.260482e+02 
9.724000e+04 -1.260486e+02 
9.725000e+04 -1.260489e+02 
9.726000e+04 -1.260492e+02 
9.727000e+04 -1.260495e+02 
9.728000e+04 -1.260498e+02 
9.729000e+04 -1.260502e+02 
9.730000e+04 -1.260505e+02 
9.731000e+04 -1.260509e+02 
9.732000e+04 -1.260512e+02 
9.733000e+04 -1.260516e+02 
9.734000e+04 -1.260519e+02 
9.735000e+04 -1.260523e+02 
9.736000e+04 -1.260526e+02 
9.737000e+04 -1.260530e+02 
9.738000e+04 -1.260533e+02 
9.739000e+04 -1.260536e+02 
9.740000e+04 -1.260539e+02 
9.741000e+04 -1.260543e+02 
9.742000e+04 -1.260546e+02 
9.743000e+04 -1.260549e+02 
9.744000e+04 -1.260553e+02 
9.745000e+04 -1.260556e+02 
9.746000e+04 -1.260560e+02 
9.747000e+04 -1.260563e+02 
9.748000e+04 -1.260566e+02 
9.749000e+04 -1.260570e+02 
9.750000e+04 -1.260573e+02 
9.751000e+04 -1.260576e+02 
9.752000e+04 -1.260579e+02 
9.753000e+04 -1.260584e+02 
9.754000e+04 -1.260586e+02 
9.755000e+04 -1.260591e+02 
9.756000e+04 -1.260594e+02 
9.757000e+04 -1.260596e+02 
9.758000e+04 -1.260601e+02 
9.759000e+04 -1.260604e+02 
9.760000e+04 -1.260607e+02 
9.761000e+04 -1.260611e+02 
9.762000e+04 -1.260615e+02 
9.763000e+04 -1.260617e+02 
9.764000e+04 -1.260621e+02 
9.765000e+04 -1.260624e+02 
9.766000e+04 -1.260627e+02 
9.767000e+04 -1.260631e+02 
9.768000e+04 -1.260635e+02 
9.769000e+04 -1.260638e+02 
9.770000e+04 -1.260641e+02 
9.771000e+04 -1.260644e+02 
9.772000e+04 -1.260648e+02 
9.773000e+04 -1.260651e+02 
9.774000e+04 -1.260654e+02 
9.775000e+04 -1.260658e+02 
9.776000e+04 -1.260661e+02 
9.777000e+04 -1.260665e+02 
9.778000e+04 -1.260668e+02 
9.779000e+04 -1.260671e+02 
9.780000e+04 -1.260675e+02 
9.781000e+04 -1.260678e+02 
9.782000e+04 -1.260681e+02 
9.783000e+04 -1.260685e+02 
9.784000e+04 -1.260688e+02 
9.785000e+04 -1.260692e+02 
9.786000e+04 -1.260695e+02 
9.787000e+04 -1.260697e+02 
9.788000e+04 -1.260701e+02 
9.789000e+04 -1.260705e+02 
9.790000e+04 -1.260709e+02 
9.791000e+04 -1.260712e+02 
9.792000e+04 -1.260715e+02 
9.793000e+04 -1.260718e+02 
9.794000e+04 -1.260722e+02 
9.795000e+04 -1.260725e+02 
9.796000e+04 -1.260729e+02 
9.797000e+04 -1.260731e+02 
9.798000e+04 -1.260735e+02 
9.799000e+04 -1.260738e+02 
9.800000e+04 -1.260793e+02 
9.801000e+04 -1.260746e+02 
9.802000e+04 -1.260749e+02 
9.803000e+04 -1.260753e+02 
9.804000e+04 -1.260755e+02 
9.805000e+04 -1.260759e+02 
9.806000e+04 -1.260762e+02 
9.807000e+04 -1.260766e+02 
9.808000e+04 -1.260769e+02 
9.809000e+04 -1.260772e+02 
9.810000e+04 -1.260775e+02 
9.811000e+04 -1.260779e+02 
9.812000e+04 -1.260783e+02 
9.813000e+04 -1.260786e+02 
9.814000e+04 -1.260789e+02 
9.815000e+04 -1.260792e+02 
9.816000e+04 -1.260795e+02 
9.817000e+04 -1.260799e+02 
9.818000e+04 -1.260802e+02 
9.819000e+04 -1.260805e+02 
9.820000e+04 -1.260808e+02 
9.821000e+04 -1.260813e+02 
9.822000e+04 -1.260815e+02 
9.823000e+04 -1.260819e+02 
9.824000e+04 -1.260823e+02 
9.825000e+04 -1.260826e+02 
9.826000e+04 -1.260829e+02 
9.827000e+04 -1.260833e+02 
9.828000e+04 -1.260835e+02 
9.829000e+04 -1.260839e+02 
9.830000e+04 -1.260843e+02 
9.831000e+04 -1.260846e+02 
9.832000e+04 -1.260850e+02 
9.833000e+04 -1.260853e+02 
9.834000e+04 -1.260856e+02 
9.835000e+04 -1.260859e+02 
9.836000e+04 -1.260863e+02 
9.837000e+04 -1.260866e+02 
9.838000e+04 -1.260870e+02 
9.839000e+04 -1.260872e+02 
9.840000e+04 -1.260876e+02 
9.841000e+04 -1.260879e+02 
9.842000e+04 -1.260882e+02 
9.843000e+04 -1.260886e+02 
9.844000e+04 -1.260889e+02 
9.845000e+04 -1.260893e+02 
9.846000e+04 -1.260896e+02 
9.847000e+04 -1.260899e+02 
9.848000e+04 -1.260903e+02 
9.849000e+04 -1.260906e+02 
9.850000e+04 -1.260910e+02 
9.851000e+04 -1.260913e+02 
9.852000e+04 -1.260916e+02 
9.853000e+04 -1.260919e+02 
9.854000e+04 -1.260923e+02 
9.855000e+04 -1.260926e+02 
9.856000e+04 -1.260929e+02 
9.857000e+04 -1.260932e+02 
9.858000e+04 -1.260936e+02 
9.859000e+04 -1.260939e+02 
9.860000e+04 -1.260943e+02 
9.861000e+04 -1.260946e+02 
9.862000e+04 -1.260949e+02 
9.863000e+04 -1.260953e+02 
9.864000e+04 -1.260955e+02 
9.865000e+04 -1.260959e+02 
9.866000e+04 -1.260964e+02 
9.867000e+04 -1.260965e+02 
9.868000e+04 -1.260969e+02 
9.869000e+04 -1.260973e+02 
9.870000e+04 -1.260975e+02 
9.871000e+04 -1.260979e+02 
9.872000e+04 -1.260982e+02 
9.873000e+04 -1.260985e+02 
9.874000e+04 -1.260988e+02 
9.875000e+04 -1.260993e+02 
9.876000e+04 -1.260996e+02 
9.877000e+04 -1.260999e+02 
9.878000e+04 -1.261002e+02 
9.879000e+04 -1.261005e+02 
9.880000e+04 -1.261009e+02 
9.881000e+04 -1.261012e+02 
9.882000e+04 -1.261015e+02 
9.883000e+04 -1.261019e+02 
9.884000e+04 -1.261022e+02 
9.885000e+04 -1.261026e+02 
9.886000e+04 -1.261029e+02 
9.887000e+04 -1.261031e+02 
9.888000e+04 -1.261035e+02 
9.889000e+04 -1.261039e+02 
9.890000e+04 -1.261043e+02 
9.891000e+04 -1.261045e+02 
9.892000e+04 -1.261048e+02 
9.893000e+04 -1.261052e+02 
9.894000e+04 -1.261054e+02 
9.895000e+04 -1.261058e+02 
9.896000e+04 -1.261061e+02 
9.897000e+04 -1.261065e+02 
9.898000e+04 -1.261068e+02 
9.899000e+04 -1.261071e+02 
9.900000e+04 -1.261009e+02 
9.901000e+04 -1.261077e+02 
9.902000e+04 -1.261080e+02 
9.903000e+04 -1.261084e+02 
9.904000e+04 -1.261088e+02 
9.905000e+04 -1.261091e+02 
9.906000e+04 -1.261094e+02 
9.907000e+04 -1.261097e+02 
9.908000e+04 -1.261101e+02 
9.909000e+04 -1.261104e+02 
9.910000e+04 -1.261107e+02 
9.911000e+04 -1.261111e+02 
9.912000e+04 -1.261114e+02 
9.913000e+04 -1.261116e+02 
9.914000e+04 -1.261120e+02 
9.915000e+04 -1.261124e+02 
9.916000e+04 -1.261127e+02 
9.917000e+04 -1.261131e+02 
9.918000e+04 -1.261133e+02 
9.919000e+04 -1.261137e+02 
9.920000e+04 -1.261140e+02 
9.921000e+04 -1.261144e+02 
9.922000e+04 -1.261146e+02 
9.923000e+04 -1.261150e+02 
9.924000e+04 -1.261153e+02 
9.925000e+04 -1.261157e+02 
9.926000e+04 -1.261160e+02 
9.927000e+04 -1.261163e+02 
9.928000e+04 -1.261167e+02 
9.929000e+04 -1.261170e+02 
9.930000e+04 -1.261173e+02 
9.931000e+04 -1.261176e+02 
9.932000e+04 -1.261180e+02 
9.933000e+04 -1.261183e+02 
9.934000e+04 -1.261186e+02 
9.935000e+04 -1.261190e+02 
9.936000e+04 -1.261193e+02 
9.937000e+04 -1.261196e+02 
9.938000e+04 -1.261200e+02 
9.939000e+04 -1.261203e+02 
9.940000e+04 -1.261206e+02 
9.941000e+04 -1.261209e+02 
9.942000e+04 -1.261213e+02 
9.943000e+04 -1.261216e+02 
9.944000e+04 -1.261219e+02 
9.945000e+04 -1.261223e+02 
9.946000e+04 -1.261226e+02 
9.947000e+04 -1.261229e+02 
9.948000e+04 -1.261232e+02 
9.949000e+04 -1.261236e+02 
9.950000e+04 -1.261239e+02 
9.951000e+04 -1.261242e+02 
9.952000e+04 -1.261245e+02 
9.953000e+04 -1.261249e+02 
9.954000e+04 -1.261252e+02 
9.955000e+04 -1.261255e+02 
9.956000e+04 -1.261259e+02 
9.957000e+04 -1.261262e+02 
9.958000e+04 -1.261265e+02 
9.959000e+04 -1.261268e+02 
9.960000e+04 -1.261272e+02 
9.961000e+04 -1.261275e+02 
9.962000e+04 -1.261278e+02 
9.963000e+04 -1.261282e+02 
9.964000e+04 -1.261284e+02 
9.965000e+04 -1.261288e+02 
9.966000e+04 -1.261291e+02 
9.967000e+04 -1.261295e+02 
9.968000e+04 -1.261298e+02 
9.969000e+04 -1.261301e+02 
9.970000e+04 -1.261304e+02 
9.971000e+04 -1.261308e+02 
9.972000e+04 -1.261311e+02 
9.973000e+04 -1.261313e+02 
9.974000e+04 -1.261317e+02 
9.975000e+04 -1.261321e+02 
9.976000e+04 -1.261325e+02 
9.977000e+04 -1.261327e+02 
9.978000e+04 -1.261331e+02 
9.979000e+04 -1.261333e+02 
9.980000e+04 -1.261337e+02 
9.981000e+04 -1.261340e+02 
9.982000e+04 -1.261343e+02 
9.983000e+04 -1.261346e+02 
9.984000e+04 -1.261350e+02 
9.985000e+04 -1.261353e+02 
9.986000e+04 -1.261356e+02 
9.987000e+04 -1.261360e+02 
9.988000e+04 -1.261363e+02 
9.989000e+04 -1.261367e+02 
9.990000e+04 -1.261369e+02 
9.991000e+04 -1.261373e+02 
9.992000e+04 -1.261376e+02 
9.993000e+04 -1.261379e+02 
9.994000e+04 -1.261383e+02 
9.995000e+04 -1.261386e+02 
9.996000e+04 -1.261389e+02 
9.997000e+04 -1.261393e+02 
9.998000e+04 -1.261396e+02 
9.999000e+04 -1.261399e+02 
1.000000e+05 -1.261467e+02 
